sku,old_external_product_id,new_external_product_id,classification,ecl_id,old_mapping_status
mk1498,691300883,698933172,A_UPDATE_REPLACE_OLD_ID,c7771669-c418-4e64-833d-4a0bb056305d,active
mk1487,691300925,698933185,A_UPDATE_REPLACE_OLD_ID,9bb11d09-74da-4633-8d05-658d1a7591cd,active
mk990,694795402,698933196,A_UPDATE_REPLACE_OLD_ID,f684a747-5e1c-4ebc-be47-f8ad1ae9e1eb,active
mk1684,691300932,698933198,A_UPDATE_REPLACE_OLD_ID,687b5a2c-fa61-4067-8e03-0ca68e59c18b,active
mk1740,mk1740,698933202,A_UPDATE_REPLACE_OLD_ID,e38f6b62-d40f-4228-a8e6-ef8d24c0168d,active
mk963,694795450,698933212,A_UPDATE_REPLACE_OLD_ID,9c54b72a-55a8-44f4-beb8-28ecc30c41c8,active
mk2221,mk2221,698933219,A_UPDATE_REPLACE_OLD_ID,3d42eaf6-56b7-4d4e-8d35-07a799463527,active
mk2214,mk2214,698933227,A_UPDATE_REPLACE_OLD_ID,1c96f5a9-d3c8-4061-b425-54d25570fc7f,active
mk1591,691300930,698933229,A_UPDATE_REPLACE_OLD_ID,c6dcbfd2-3bdf-454e-acbe-26100f086113,active
mk1423,691300905,698933231,A_UPDATE_REPLACE_OLD_ID,74684f3b-7ea5-40c7-a882-b1fe85c5df93,active
mk1067,mk1067,698933244,A_UPDATE_REPLACE_OLD_ID,736aff77-5fbc-4912-8e8f-408d49cae2ff,active
mk1300,691712274,698933249,A_UPDATE_REPLACE_OLD_ID,742a2e36-bbe2-4382-a516-1dd5a8775587,active
mk992,694795397,698933255,A_UPDATE_REPLACE_OLD_ID,5fa417f1-cfab-43d4-bb74-dfb4a82b5339,active
mk1372,691300894,698933259,A_UPDATE_REPLACE_OLD_ID,3053e6ca-3da0-48a7-b238-cdfeea8fc9f0,active
mk1814,691300831,698933264,A_UPDATE_REPLACE_OLD_ID,0f6135ff-cc21-49a1-8858-921f699c9e48,active
mk2218,mk2218,698933267,A_UPDATE_REPLACE_OLD_ID,dc2be2f0-4d0b-446b-89e7-9c84d9976182,active
mk1683,691300931,698933269,A_UPDATE_REPLACE_OLD_ID,b55d6ccc-8138-4b70-8588-b11b4a96fe91,active
mk2223,mk2223,698933278,A_UPDATE_REPLACE_OLD_ID,f5b37713-fe25-4c20-ae28-6451a52805ed,active
mk1805,691300827,698933284,A_UPDATE_REPLACE_OLD_ID,4f86b3d4-4716-4c31-a9ce-7f0cd59b4e02,active
mk1728,691300852,698933298,A_UPDATE_REPLACE_OLD_ID,6df7e7b7-bd48-4df1-a82a-34beb8fabc4e,active
mk1917,691300815,698933321,A_UPDATE_REPLACE_OLD_ID,ef466359-c8e3-40b4-abc3-48d00e120243,active
mk1295,691712281,698933323,A_UPDATE_REPLACE_OLD_ID,f6d5b099-bffb-4894-aed0-b89be2c7ff31,active
mk1451,691300912,698933324,A_UPDATE_REPLACE_OLD_ID,b82dad71-cf99-4cf7-b55f-dcb9abe24dae,active
mk1547,691300962,698933326,A_UPDATE_REPLACE_OLD_ID,c228b493-6b29-4cdf-9150-c9f43ddadde1,active
mk1568,mk1568,698933332,A_UPDATE_REPLACE_OLD_ID,a848991d-40b9-4fe7-928b-58edc543ef24,active
mk1628,691300950,698933334,A_UPDATE_REPLACE_OLD_ID,4c6199ad-7b51-411f-b4e7-d4acfa0f2c05,active
mk1716,691300975,698933351,A_UPDATE_REPLACE_OLD_ID,8474468b-6ad2-4a3f-918e-265f3ca00441,active
mk2268,,698933363,C_INSERT_NO_EXISTING_ROW,,
mk1780,691300971,698933378,A_UPDATE_REPLACE_OLD_ID,0a5c144b-aebe-4841-8aae-a5c87814ad22,active
mk2294,,698933388,C_INSERT_NO_EXISTING_ROW,,
mk1241,692737152,698933405,A_UPDATE_REPLACE_OLD_ID,0c463636-4cfa-42b5-9453-e41a192515bf,active
mk1615,691300998,698933410,A_UPDATE_REPLACE_OLD_ID,cdee63e9-5bcb-4d96-a9c3-cc6baf49d23b,active
mk1421,691301003,698933411,A_UPDATE_REPLACE_OLD_ID,586d9017-91ca-4482-91e8-384271fc3aee,active
mk2224,mk2224,698933418,A_UPDATE_REPLACE_OLD_ID,c267f595-f4fe-41fc-a9c2-5d0d06d8998c,active
mk1014,694243450,698933427,A_UPDATE_REPLACE_OLD_ID,8dddff94-e881-4f05-8234-5325d4e5e32d,active
mk976,694795442,698933441,A_UPDATE_REPLACE_OLD_ID,e705c576-859a-46c4-b5c2-6f23796dec22,active
mk1647,691301032,698933454,A_UPDATE_REPLACE_OLD_ID,38d9d046-3bc2-4e18-80d9-5892891c8ec0,active
mk1646,691301031,698933459,A_UPDATE_REPLACE_OLD_ID,92c1aa8c-8b2d-4cb3-bbad-8de491bd029f,active
mk2217,mk2217,698933460,A_UPDATE_REPLACE_OLD_ID,38c905c2-8193-4b97-8b81-1cca8368bd8c,active
mk1608,691301016,698933462,A_UPDATE_REPLACE_OLD_ID,27733f94-3418-4aa7-b41f-dafa4dec057c,active
mk975,694795444,698933464,A_UPDATE_REPLACE_OLD_ID,58c60202-511b-44ff-88a4-3cf5f6a111bc,active
mk2051,mk2051,698933486,A_UPDATE_REPLACE_OLD_ID,6cbcf2a1-ede3-4cee-ba54-f0c34de73e7d,active
mk1989,mk1989,698933490,A_UPDATE_REPLACE_OLD_ID,f1450ef1-f466-43ed-b283-776db6835cfc,active
mk1222,mk1222,698933492,A_UPDATE_REPLACE_OLD_ID,7c032955-91ed-4cdb-a60d-090f7f0d058a,active
mk1979,mk1979,698933496,A_UPDATE_REPLACE_OLD_ID,23190ff3-a860-4e86-bc76-058767fae31e,active
mk1743,691300516,698933501,A_UPDATE_REPLACE_OLD_ID,e281c773-8919-4fd8-b8d1-99036b154e08,active
mk1571,mk1571,698933506,A_UPDATE_REPLACE_OLD_ID,c4447912-ef01-4556-a426-18c76dc4ea55,active
mk1818,691300830,698933508,A_UPDATE_REPLACE_OLD_ID,183b7c71-8e62-4781-925d-09152ae53853,active
mk1971,mk1971,698933510,A_UPDATE_REPLACE_OLD_ID,8cfc5312-d99e-463c-a1c4-4b3e92fbfd06,active
mk1555,mk1555,698933512,A_UPDATE_REPLACE_OLD_ID,efdc1979-aeb1-4f14-a5c7-d442f01b80ce,active
mk1744,mk1744,698933516,A_UPDATE_REPLACE_OLD_ID,104b18ab-281b-4f95-926b-d089a26e9fa9,active
mk1204,mk1204,698933519,A_UPDATE_REPLACE_OLD_ID,45dca64e-1b48-4f90-935a-7734f544a22a,active
mk1952,mk1952,698933520,A_UPDATE_REPLACE_OLD_ID,f88e7f07-4e00-4157-9340-5abc90b15d9d,active
mk1947,mk1947,698933530,A_UPDATE_REPLACE_OLD_ID,538dd6fd-b14f-440c-b098-d2314405d080,active
mk1229,692810443,698933535,A_UPDATE_REPLACE_OLD_ID,de2af77e-85ae-4397-9801-73923c2902b6,active
mk1248,mk1248,698933552,A_UPDATE_REPLACE_OLD_ID,1dbc24a1-7f7f-46c9-88b1-e7c52b46f0ad,active
mk1557,mk1557,698933559,A_UPDATE_REPLACE_OLD_ID,4168cf5e-a998-451d-b250-83d8b2aa7962,active
mk1235,mk1235,698933561,A_UPDATE_REPLACE_OLD_ID,a40454be-b00c-4fe4-a665-d292b0693e75,active
mk1196,mk1196,698933570,A_UPDATE_REPLACE_OLD_ID,e542c293-cd37-48a5-bcea-b0fce2d4e0a1,active
mk1622,691300547,698933573,A_UPDATE_REPLACE_OLD_ID,5c2d8114-c74a-4467-bf43-d6a008f362d2,active
mk1801,691300489,698933582,A_UPDATE_REPLACE_OLD_ID,627ea539-869c-4532-82f0-57db580766ac,active
mk1293,691712285,698933603,A_UPDATE_REPLACE_OLD_ID,055bbbcd-8fdc-4945-9863-b08ac74c93eb,active
mk1695,691300531,698933605,A_UPDATE_REPLACE_OLD_ID,787eb234-7590-46aa-8e70-73b7ca7c28f7,active
mk1722,mk1722,698933608,A_UPDATE_REPLACE_OLD_ID,1f123da8-771d-44f0-8291-39cdd45e6760,active
mk1221,mk1221,698933610,A_UPDATE_REPLACE_OLD_ID,a37714d2-86f4-4710-9993-56058c625932,active
mk1707,mk1707,698933611,A_UPDATE_REPLACE_OLD_ID,7ac55219-7f01-4008-9e1a-915b02991b51,active
mk1219,mk1219,698933620,A_UPDATE_REPLACE_OLD_ID,62740949-6fba-4f27-895b-6635d11c8855,active
mk1992,mk1992,698933624,A_UPDATE_REPLACE_OLD_ID,8d1e4d96-ad61-4980-96aa-5482ad3df766,active
mk1056,mk1056,698933630,A_UPDATE_REPLACE_OLD_ID,40657c37-4220-43b2-9aee-c06e144cc3bc,active
mk1548,691300524,698933673,A_UPDATE_REPLACE_OLD_ID,bf1de44c-906b-4a45-a242-4e0a17c30550,active
mk1253,mk1253,698933682,A_UPDATE_REPLACE_OLD_ID,dac39161-d833-47b1-ad2e-aa30c82a03fe,active
mk1797,691300491,698933688,A_UPDATE_REPLACE_OLD_ID,7979432c-6e99-4d20-a571-2d5527619f9d,active
mk1781,691301062,698933689,A_UPDATE_REPLACE_OLD_ID,9b4735cd-c9a6-4ba5-94d5-bd48f9419a1d,active
mk1889,mk1889,698933691,A_UPDATE_REPLACE_OLD_ID,8f7aa951-d9bf-42a5-84ce-35ee730c991d,active
mk1970,mk1970,698933695,A_UPDATE_REPLACE_OLD_ID,b48392ce-9000-4452-8f65-c7a41a82daf0,active
mk1991,mk1991,698933712,A_UPDATE_REPLACE_OLD_ID,220bffb7-7ecb-41dd-a1d6-548bd07ac56b,active
mk1718,mk1718,698933716,A_UPDATE_REPLACE_OLD_ID,624b325b-e189-4f1a-b485-05f665a796e9,active
mk1771,mk1771,698933718,A_UPDATE_REPLACE_OLD_ID,a011a2a2-d5dc-44e1-b81b-141c39bc0eea,active
mk1586,691300874,698933719,A_UPDATE_REPLACE_OLD_ID,5d402e8a-b350-489d-bea6-52980b9a73fc,active
mk1569,mk1569,698933725,A_UPDATE_REPLACE_OLD_ID,895dfb26-ef9c-4ef2-8569-bd369bd27737,active
mk2219,mk2219,698933726,A_UPDATE_REPLACE_OLD_ID,bf50dd76-fce7-4a8e-8548-3c23ec0dd869,active
mk1772,mk1772,698933731,A_UPDATE_REPLACE_OLD_ID,b2f55edf-204d-4476-acfe-61569f6a76d1,active
mk1155,mk1155,698933737,A_UPDATE_REPLACE_OLD_ID,5f950971-1f50-4911-b181-dc7db0ff5306,active
mk1769,mk1769,698933748,A_UPDATE_REPLACE_OLD_ID,9839427e-e415-40b0-8e70-2e093a8c893f,active
mk1413,691300586,698933756,A_UPDATE_REPLACE_OLD_ID,2246257d-7f01-4e01-9f90-fe045d5f32da,active
mk1767,691300614,698933767,A_UPDATE_REPLACE_OLD_ID,d51b30f8-6618-497e-8552-37dbd0ab48dd,active
mk1745,mk1745,698933775,A_UPDATE_REPLACE_OLD_ID,bde9d5c3-fbff-4e2c-81d8-1a3248e47ebc,active
mk1938,691300461,698933778,A_UPDATE_REPLACE_OLD_ID,fa33b807-683f-48e8-92db-771536d7563a,active
mk857,695343072,698933779,A_UPDATE_REPLACE_OLD_ID,590b43b6-8ee5-4a8d-9e44-65bf7fb8e7fb,active
mk1757,691300611,698933780,A_UPDATE_REPLACE_OLD_ID,8d1c4a3a-038e-4002-b4ac-0b97b217788c,active
mk1169,mk1169,698933783,A_UPDATE_REPLACE_OLD_ID,65a541ed-80f8-4776-9431-9f76d9410d01,active
mk1968,691300807,698933786,A_UPDATE_REPLACE_OLD_ID,071d2d7d-ad72-4c64-aef7-cee30dd43e48,active
mk1990,mk1990,698933813,A_UPDATE_REPLACE_OLD_ID,f376c2ef-d369-4321-8344-bd65a96c06ff,active
mk1714,691300855,698933834,A_UPDATE_REPLACE_OLD_ID,f149fa4a-7c8e-4fa7-9a9a-f81f56498f64,active
mk1901,691300631,698933855,A_UPDATE_REPLACE_OLD_ID,2f503a0e-dc68-413d-801e-ec7493c8dfe8,active
mk1665,691300661,698933877,A_UPDATE_REPLACE_OLD_ID,78397442-7f59-496a-b2fc-bb6bb27f0e87,active
mk1404,mk1404,698933882,A_UPDATE_REPLACE_OLD_ID,1f85a7be-04c5-4e0d-ab31-01050884dbbc,active
mk1724,691300642,698933885,A_UPDATE_REPLACE_OLD_ID,d2c915dc-e1b2-4f2a-83ab-20488edecaf8,active
mk1400,691300900,698933890,A_UPDATE_REPLACE_OLD_ID,c74c7b9a-e565-4ace-82a2-73fd70173241,active
mk1863,mk1863,698933900,A_UPDATE_REPLACE_OLD_ID,349cf2f5-2780-4d66-8057-83e3fe6d5086,active
mk1911,691300887,698933903,A_UPDATE_REPLACE_OLD_ID,65ecc9eb-d171-4968-9082-f2f0e73c0a70,active
mk1296,691712280,698933913,A_UPDATE_REPLACE_OLD_ID,a584f966-1629-4b59-9899-813738807929,active
mk1679,691301125,698933915,A_UPDATE_REPLACE_OLD_ID,2fe17c8c-d710-4c16-9aed-2e8609aebd55,active
mk1727,691300641,698933921,A_UPDATE_REPLACE_OLD_ID,572ae971-ddd7-4c54-9e6c-48466c74d101,active
mk1409,691300902,698933922,A_UPDATE_REPLACE_OLD_ID,e941cae2-c1c8-4c88-92e4-3872cb193376,active
mk1922,691300621,698933931,A_UPDATE_REPLACE_OLD_ID,d44e85ff-17a1-484b-b3e3-5f8a7735d325,active
mk1052,mk1052,698933934,A_UPDATE_REPLACE_OLD_ID,80cc51b4-96b1-4735-853c-923cf00577ed,active
mk1357,691300890,698933937,A_UPDATE_REPLACE_OLD_ID,53ef1be5-0563-4956-a643-1ef8e2894bd5,active
mk2150,mk2150,698933955,A_UPDATE_REPLACE_OLD_ID,3fc2ef10-1d5e-433f-877f-534edbb6d5f8,active
mk2332,,698933964,C_INSERT_NO_EXISTING_ROW,,
mk1234,mk1234,698933977,A_UPDATE_REPLACE_OLD_ID,0c61f5db-9796-4fd2-b732-398800f452fc,active
mk1304,691569188,698933980,A_UPDATE_REPLACE_OLD_ID,50d978d9-3065-4033-bae7-61d3ce92cf62,active
mk1309,691569175,698933983,A_UPDATE_REPLACE_OLD_ID,6b046505-9804-4a40-8cc6-994669cf41af,active
mk1273,691914747,698934000,A_UPDATE_REPLACE_OLD_ID,466bc140-a490-41db-b718-cd5006ba80fa,active
mk1449,691300761,698934001,A_UPDATE_REPLACE_OLD_ID,3a7201c3-3447-4e96-b8a6-8c7651a5cbd5,active
mk1668,691300765,698934002,A_UPDATE_REPLACE_OLD_ID,c016449d-8831-42d3-b7e4-0b2793ce8a9c,active
mk2329,,698934003,C_INSERT_NO_EXISTING_ROW,,
mk1719,691300697,698934004,A_UPDATE_REPLACE_OLD_ID,26435815-cb75-4aad-9739-5480abee15d4,active
mk1376,691300729,698934025,A_UPDATE_REPLACE_OLD_ID,f573555f-c079-4826-8d63-fd57e6fe78eb,active
mk1816,691300694,698934029,A_UPDATE_REPLACE_OLD_ID,a325f84d-cdb2-43c2-9174-c5e020060ff8,active
mk1391,691300741,698934031,A_UPDATE_REPLACE_OLD_ID,aea6102c-5aa4-4113-8d3e-eafad48943b1,active
mk854,695343075,698934038,A_UPDATE_REPLACE_OLD_ID,9b22f6f0-7098-4d5c-ae0d-ba73530404a0,active
mk1146,mk1146,698934046,A_UPDATE_REPLACE_OLD_ID,3360cf0c-518e-402a-8deb-584c9473aff7,active
mk2059,mk2059,698934053,A_UPDATE_REPLACE_OLD_ID,b0437eb3-6585-426e-85d7-693b86fcd5d7,active
mk1375,691300728,698934061,A_UPDATE_REPLACE_OLD_ID,8224f0e1-2f1b-4db9-be7d-ece9b0a900a2,active
mk1837,691300690,698934062,A_UPDATE_REPLACE_OLD_ID,76ed9d8e-2850-4b59-b04b-552ecfa97e17,active
mk861,695343067,698934067,A_UPDATE_REPLACE_OLD_ID,6c8053bd-dfb6-4eae-9bc8-53ec8eed697f,active
mk1068,mk1068,698934074,A_UPDATE_REPLACE_OLD_ID,1f269896-2b2f-4aad-8889-0ab0d2c5723d,active
mk1333,691441895,698934078,A_UPDATE_REPLACE_OLD_ID,4e48d81f-f9d1-4736-a47e-fbc83b43fefb,active
mk1007,694243525,698934080,A_UPDATE_REPLACE_OLD_ID,8f60c182-47c4-471b-b9bb-18a37ef977d9,active
mk1088,693723282,698934089,A_UPDATE_REPLACE_OLD_ID,4897eee9-6536-4d53-9b15-5cec74965529,active
mk1845,691300685,698934098,A_UPDATE_REPLACE_OLD_ID,cbb55c06-6dee-4902-a748-169cec10ad47,active
mk1500,691300718,698934100,A_UPDATE_REPLACE_OLD_ID,7478ae26-06d0-4bf7-9d92-c50760c9e9aa,active
mk1327,691441905,698934117,A_UPDATE_REPLACE_OLD_ID,e64a4dab-b282-43f0-a4d2-90b963c60f5d,active
mk2215,mk2215,698934122,A_UPDATE_REPLACE_OLD_ID,110c03b3-51d8-4e57-96b6-5d8c743d7ec7,active
mk1976,691300674,698934149,A_UPDATE_REPLACE_OLD_ID,569f5580-bc50-4621-9b1c-d89f71e937b0,active
mk1420,691300752,698934167,A_UPDATE_REPLACE_OLD_ID,63db912f-bb32-4940-a4a5-bc1fd79f3f29,active
mk1305,691569186,698934168,A_UPDATE_REPLACE_OLD_ID,14449db3-316e-4323-84ab-d600ecc0da8d,active
mk1539,691300706,698934169,A_UPDATE_REPLACE_OLD_ID,e32538dc-31e6-4cf3-9154-52fc56ec725d,active
mk1841,mk1841,698934170,A_UPDATE_REPLACE_OLD_ID,12be787b-0346-4f9a-9c7d-9c3808364d3f,active
mk1875,691300683,698934174,A_UPDATE_REPLACE_OLD_ID,0aac949f-df37-4c35-88a3-c1453ca62b0f,active
mk1317,mk1317,698934177,A_UPDATE_REPLACE_OLD_ID,f993b47b-27b5-4047-8ebd-afde8842188b,active
mk2164,mk2164,698934179,A_UPDATE_REPLACE_OLD_ID,4eea67d7-cc4b-498e-8c58-573fd300f236,active
mk1435,691300757,698934185,A_UPDATE_REPLACE_OLD_ID,5c9aafb6-8883-475d-9dc2-5a8cdc25ab9e,active
mk1534,691300709,698934188,A_UPDATE_REPLACE_OLD_ID,f18a5069-f6ce-4632-af65-e23dff852d5c,active
mk2325,,698934193,C_INSERT_NO_EXISTING_ROW,,
mk1346,691300770,698934198,A_UPDATE_REPLACE_OLD_ID,f5cd5ed0-90f3-47cc-9041-c7663011027e,active
mk1299,691712275,698934199,A_UPDATE_REPLACE_OLD_ID,35ad625b-50c4-43be-8c54-f7ee7d294877,active
mk1799,691300692,698934205,A_UPDATE_REPLACE_OLD_ID,103e9053-ca1a-40a8-b059-e36d5e459357,active
mk1121,mk1121,698934220,A_UPDATE_REPLACE_OLD_ID,05f8a76a-60ac-48a0-afe1-20befa0cebf0,active
mk1485,691301108,698934237,A_UPDATE_REPLACE_OLD_ID,63c51bae-04a8-4641-b044-0c87208bf6f2,active
mk1158,mk1158,698934243,A_UPDATE_REPLACE_OLD_ID,ce22e87b-1ef2-4fe6-b0ec-54cc5d0dc371,active
mk1756,691300415,698934247,A_UPDATE_REPLACE_OLD_ID,ff7b538d-37ff-4312-bc06-788d8b463667,active
mk1847,691301053,698934258,A_UPDATE_REPLACE_OLD_ID,8aba04cf-83ff-48fa-8699-3dec3b05fddc,active
mk1443,691300908,698934261,A_UPDATE_REPLACE_OLD_ID,fcb74697-1b4f-496a-b97f-768c4db2f7ab,active
mk1552,mk1552,698934262,A_UPDATE_REPLACE_OLD_ID,5bb70fe3-61ea-4f3f-a485-10660de05663,active
mk883,695343034,698934269,A_UPDATE_REPLACE_OLD_ID,23d14cd2-eda7-4ee8-a8aa-eec1ee9b954a,active
mk2220,mk2220,698934274,A_UPDATE_REPLACE_OLD_ID,e5d4d31a-ac25-4a0d-83b7-70217220a8a3,active
mk1161,mk1161,698934282,A_UPDATE_REPLACE_OLD_ID,0f6f140d-903b-41d2-b5de-436d94a7e4a0,active
mk1122,mk1122,698934283,A_UPDATE_REPLACE_OLD_ID,b79e44d6-4fbd-49c3-9a5c-8eb8199ded91,active
mk1117,mk1117,698934310,A_UPDATE_REPLACE_OLD_ID,107d4995-4f1c-4639-82b8-c90e2cd7b47c,active
mk1670,691301123,698934311,A_UPDATE_REPLACE_OLD_ID,505893ba-326e-43ae-87c5-f597f18a47dc,active
mk1440,691301102,698934320,A_UPDATE_REPLACE_OLD_ID,80fa5692-5cf0-49c5-8213-237c5b934ddf,active
mk1186,mk1186,698934331,A_UPDATE_REPLACE_OLD_ID,5aeab871-de6d-4b46-ab07-6741494cd1dc,active
mk1185,mk1185,698934333,A_UPDATE_REPLACE_OLD_ID,68834dd1-e14e-4f59-8edd-cfd05468501f,active
mk1948,691300392,698934342,A_UPDATE_REPLACE_OLD_ID,5948af33-7a11-4d92-95ca-ee105be028ef,active
mk1610,691300407,698934349,A_UPDATE_REPLACE_OLD_ID,6e65afca-4188-434b-98c5-74f2ce591d25,active
mk1882,691301154,698934364,A_UPDATE_REPLACE_OLD_ID,bcdd7f60-b33a-4cd8-9c87-03df0309c1a1,active
mk1231,mk1231,698934373,A_UPDATE_REPLACE_OLD_ID,e6acd58a-8ac9-4abd-b901-03a5f0bdd2e9,active
mk869,mk869,698934396,A_UPDATE_REPLACE_OLD_ID,8c948f89-ef11-4587-80f8-6323788a5bf5,active
mk2327,,698934402,C_INSERT_NO_EXISTING_ROW,,
mk2045,mk2045,698934416,A_UPDATE_REPLACE_OLD_ID,11fd6561-4917-4d42-b788-47564a35f4dc,active
mk955,mk955,698934426,A_UPDATE_REPLACE_OLD_ID,606e53ca-1800-4628-b9f4-7193e49dedbd,active
mk1871,691300792,698934444,A_UPDATE_REPLACE_OLD_ID,b043d1d9-bd36-4136-acd9-2a11dae54306,active
mk1869,691300790,698934451,A_UPDATE_REPLACE_OLD_ID,5f84d7a9-6b01-4805-98ec-d09b2dea1567,active
mk1874,mk1874,698934454,A_UPDATE_REPLACE_OLD_ID,de1192c4-f553-4f08-8741-2a2dde4d7bc4,active
mk1054,mk1054,698934470,A_UPDATE_REPLACE_OLD_ID,d2067609-70e4-48d2-a8a9-372262aecfbf,active
mk1136,mk1136,698934480,A_UPDATE_REPLACE_OLD_ID,cd39a089-191f-47ed-b8b0-80fcd9822d0f,active
mk924,mk924,698934481,A_UPDATE_REPLACE_OLD_ID,0f7c3c9f-3fba-4465-b0ed-e7b45f30d3ba,active
mk2084,mk2084,698934483,A_UPDATE_REPLACE_OLD_ID,530fb56c-ad2b-46c2-805f-3984900ee8bf,active
mk1112,mk1112,698934485,A_UPDATE_REPLACE_OLD_ID,5457bd7b-1795-4421-9c08-541de3382c5a,active
mk1126,mk1126,698934502,A_UPDATE_REPLACE_OLD_ID,1350fb0c-2beb-45a9-8553-6b53b4093653,active
mk925,mk925,698934503,A_UPDATE_REPLACE_OLD_ID,7099bd2b-e568-4dd3-b564-4bf531e1a472,active
mk1479,691300919,698933171,A_UPDATE_REPLACE_OLD_ID,e24e104b-6eb4-41aa-a2d7-5a3d06c6dbb7,active
mk1715,691300854,698933173,A_UPDATE_REPLACE_OLD_ID,6f2c0e8f-3d6c-4fad-9add-34a120fcbeeb,active
mk1779,691300839,698933174,A_UPDATE_REPLACE_OLD_ID,31e6852f-be17-4b4f-9c8d-5c041fd32955,active
mk1788,691300835,698933175,A_UPDATE_REPLACE_OLD_ID,c99178ef-ca04-4482-bbac-9376c04be70b,active
mk1599,691300868,698933176,A_UPDATE_REPLACE_OLD_ID,f8e95a1d-d031-4bf0-b068-0b0280b15b7b,active
mk1336,mk1336,698933177,A_UPDATE_REPLACE_OLD_ID,f426108d-664a-4165-8f88-4f54392ccf79,active
mk1291,691712287,698933178,A_UPDATE_REPLACE_OLD_ID,048622a5-e218-4988-8468-9100eb2b2ae0,active
mk1351,691300938,698933179,A_UPDATE_REPLACE_OLD_ID,fd765070-c00a-46de-9181-035e4f729e3b,active
mk1475,mk1475,698933180,A_UPDATE_REPLACE_OLD_ID,3966d3e5-88b3-4715-923e-ba58906202e7,active
mk1749,691300845,698933181,A_UPDATE_REPLACE_OLD_ID,5727ef48-e7d5-4525-b65c-e6681436b454,active
mk1445,691300910,698933182,A_UPDATE_REPLACE_OLD_ID,cd2c2f29-7b32-4a81-a785-4061fc0881f1,active
mk1503,691300882,698933183,A_UPDATE_REPLACE_OLD_ID,67c134d6-8e74-48be-b811-2acee50ca2fa,active
mk1733,691300849,698933184,A_UPDATE_REPLACE_OLD_ID,e4a4a2a8-b5d0-407a-b3d5-c789fbb59cfe,active
mk1941,691300800,698933186,A_UPDATE_REPLACE_OLD_ID,2f1aec7b-c372-452c-8ec1-69e1ba7329e1,active
mk893,695343024,698933187,A_UPDATE_REPLACE_OLD_ID,12568899-c4de-4825-9e20-cbd0a8ac5636,active
mk1950,mk1950,698933188,A_UPDATE_REPLACE_OLD_ID,44eb0028-fc50-4e0d-923d-c0b80b01ad58,active
mk1425,mk1425,698933189,A_UPDATE_REPLACE_OLD_ID,7e66c274-7aeb-49be-89f9-0cbf402af787,active
mk996,694795393,698933190,A_UPDATE_REPLACE_OLD_ID,ef945640-7deb-415d-b4b2-96565b7ebb28,active
mk1995,mk1995,698933191,A_UPDATE_REPLACE_OLD_ID,256280b3-8653-4592-8456-31bdaac02651,active
mk2137,mk2137,698933192,A_UPDATE_REPLACE_OLD_ID,637a4b46-5e80-4938-b0e0-bb724e374496,active
mk1777,691300841,698933193,A_UPDATE_REPLACE_OLD_ID,04bbb24b-8b35-4343-a3b6-52e60a16ee04,active
mk1489,691300885,698933194,A_UPDATE_REPLACE_OLD_ID,0e6e4660-3534-4413-9067-9114965a6fa7,active
mk1324,691443208,698933195,A_UPDATE_REPLACE_OLD_ID,c1c1edbd-a17b-48d3-8ee4-a515a0069dcf,active
mk1401,691301096,698933197,A_UPDATE_REPLACE_OLD_ID,78544828-98bb-4a43-9732-0eb00999fc25,active
mk1484,691300923,698933199,A_UPDATE_REPLACE_OLD_ID,39e6b218-6d82-4771-8dc2-477dedfa8b36,active
mk2033,mk2033,698933200,A_UPDATE_REPLACE_OLD_ID,269aaaa8-0327-4189-8653-429239742289,active
mk965,mk965,698933201,A_UPDATE_REPLACE_OLD_ID,0abc6033-5017-460a-a88d-552ad2bd325a,active
mk1367,691300892,698933203,A_UPDATE_REPLACE_OLD_ID,7c9fa8ca-f809-44a7-9aa7-dd9153ee82f4,active
mk1850,691300825,698933204,A_UPDATE_REPLACE_OLD_ID,232b45fb-2627-4373-9da9-85507a629531,active
mk2138,mk2138,698933205,A_UPDATE_REPLACE_OLD_ID,38dd8aff-56db-447b-ad61-573cace8a015,active
mk1030,694188100,698933206,A_UPDATE_REPLACE_OLD_ID,8b5f69d6-3d0c-491f-8b48-e21c36fa8211,active
mk1748,691300846,698933207,A_UPDATE_REPLACE_OLD_ID,1ba7a88c-446d-4339-8042-860a6b6c8bbe,active
mk1419,691300903,698933208,A_UPDATE_REPLACE_OLD_ID,9e7c8257-677c-4a03-ad75-cee7fc0a0936,active
mk2236,,698933209,C_INSERT_NO_EXISTING_ROW,,
mk2254,,698933210,C_INSERT_NO_EXISTING_ROW,,
mk1270,691914610,698933211,A_UPDATE_REPLACE_OLD_ID,a8f4ade7-2fe4-48b3-b2ec-91f235b698c5,active
mk1813,691300832,698933213,A_UPDATE_REPLACE_OLD_ID,236a64cd-decd-43e8-ae5c-b59a638ad191,active
mk967,mk967,698933214,A_UPDATE_REPLACE_OLD_ID,4adf5b15-d3ec-4a66-9b6b-6e3d14bc4bf8,active
mk1763,mk1763,698933215,A_UPDATE_REPLACE_OLD_ID,da930fff-f1d9-483c-a2d0-29b879099796,active
mk1940,691300801,698933216,A_UPDATE_REPLACE_OLD_ID,41beea78-d2a1-4aa2-918b-5a7ffd0df1f3,active
mk1312,691569129,698933217,A_UPDATE_REPLACE_OLD_ID,54dfa7d8-d5df-4e44-82ad-babe190c275e,active
mk1690,691300933,698933218,A_UPDATE_REPLACE_OLD_ID,f11414ef-8f12-43ef-95ef-114e963189eb,active
mk1519,mk1519,698933220,A_UPDATE_REPLACE_OLD_ID,d2d5c0ce-cd40-4abf-ab8c-37afa283b502,active
mk858,695343071,698933221,A_UPDATE_REPLACE_OLD_ID,07d76a43-edb5-4d56-8d29-0434599481cb,active
mk2083,mk2083,698933222,A_UPDATE_REPLACE_OLD_ID,148e547a-b145-4676-aeb2-8a716e0d05f5,active
mk1063,mk1063,698933223,A_UPDATE_REPLACE_OLD_ID,0c909cb2-808b-43db-9694-32d4047946d3,active
mk2222,mk2222,698933224,A_UPDATE_REPLACE_OLD_ID,53f6222c-1b6b-494d-b148-73cdad2ea47e,active
mk1776,691300842,698933225,A_UPDATE_REPLACE_OLD_ID,743fc4e8-e714-4dfc-867d-886de314cdfa,active
mk1370,691300982,698933226,A_UPDATE_REPLACE_OLD_ID,e414e648-fc1a-44aa-9211-1831efe54f0b,active
mk2039,mk2039,698933228,A_UPDATE_REPLACE_OLD_ID,fb126bbe-6f34-4aa8-98cf-8cde99195f72,active
mk989,694795403,698933230,A_UPDATE_REPLACE_OLD_ID,a3633f55-54d4-4aa4-9c74-9691e906bb27,active
mk1276,691914567,698933232,A_UPDATE_REPLACE_OLD_ID,f77d5fb5-7450-4927-9274-0a0e5c5ef21a,active
mk1699,691300863,698933233,A_UPDATE_REPLACE_OLD_ID,8ae474fe-03cc-40aa-aaa1-dc14ccc9bba2,active
mk1233,mk1233,698933234,A_UPDATE_REPLACE_OLD_ID,648d7d07-0ed9-4e67-b1a7-195f2bb66b87,active
mk1711,691300857,698933235,A_UPDATE_REPLACE_OLD_ID,c749e6bd-4404-4792-9bba-976b0d93b274,active
mk1164,mk1164,698933236,A_UPDATE_REPLACE_OLD_ID,817c2381-7dac-4358-945d-708f5d805b9e,active
mk1140,mk1140,698933237,A_UPDATE_REPLACE_OLD_ID,560106d2-c4c1-45b7-a779-2defda963706,active
mk2269,,698933238,C_INSERT_NO_EXISTING_ROW,,
mk1066,mk1066,698933239,A_UPDATE_REPLACE_OLD_ID,b377f963-2000-42a7-a0ca-5339579821ce,active
mk1563,691300878,698933240,A_UPDATE_REPLACE_OLD_ID,98eb39dc-047f-44f1-a396-69cebfcfb0b9,active
mk2273,,698933241,C_INSERT_NO_EXISTING_ROW,,
mk1328,691442965,698933242,A_UPDATE_REPLACE_OLD_ID,214913ee-eb1a-47c0-9b9d-1ad47af0e9c6,active
mk2144,mk2144,698933243,A_UPDATE_REPLACE_OLD_ID,2cb132d6-0577-4b70-912a-37ac2c5db955,active
mk1361,mk1361,698933245,A_UPDATE_REPLACE_OLD_ID,411fc178-2349-421c-b1d5-3eb1c8635c1c,active
mk1356,mk1356,698933246,A_UPDATE_REPLACE_OLD_ID,fb5890f8-af79-427e-9812-b7ed90900435,active
mk860,695343069,698933247,A_UPDATE_REPLACE_OLD_ID,40f77e2d-a64c-49e5-aee2-6e71df9a4c65,active
mk1422,691300904,698933248,A_UPDATE_REPLACE_OLD_ID,bf9bd212-0f77-4f2d-a7da-78bd4de5d1c1,active
mk1010,694243522,698933250,A_UPDATE_REPLACE_OLD_ID,70b58ebb-4518-4134-b26b-7b755b8432a3,active
mk997,mk997,698933251,A_UPDATE_REPLACE_OLD_ID,d3d3d851-2b27-47b6-b30f-85b5935428b4,active
mk1384,691300895,698933252,A_UPDATE_REPLACE_OLD_ID,32c82f10-a98c-4054-a7b9-62ca36609bb0,active
mk1364,691300412,698933253,A_UPDATE_REPLACE_OLD_ID,760bbb1c-6496-4f40-88d3-4a948c5538b7,active
mk1266,691914746,698933254,A_UPDATE_REPLACE_OLD_ID,d67804eb-9763-483d-b746-baf3c429af36,active
mk2158,mk2158,698933256,A_UPDATE_REPLACE_OLD_ID,22049d93-7363-4fb1-990d-9c9e4b42a4fa,active
mk995,mk995,698933257,A_UPDATE_REPLACE_OLD_ID,d8655c79-da0a-4f33-96d0-2eaad0c826da,active
mk1592,691300873,698933258,A_UPDATE_REPLACE_OLD_ID,5889f30b-4fe7-4508-a135-4c695ce6d046,active
mk2203,mk2203,698933260,A_UPDATE_REPLACE_OLD_ID,d2f26fdb-9b34-4b09-a77a-f55ee9cf6437,active
mk1858,691300822,698933261,A_UPDATE_REPLACE_OLD_ID,026b6b43-897d-43cb-81fd-fb2a125177af,active
mk1696,691300865,698933262,A_UPDATE_REPLACE_OLD_ID,b7803a71-aa40-4828-a035-06cb65b20511,active
mk1705,691300862,698933263,A_UPDATE_REPLACE_OLD_ID,058c3631-1d32-440c-86a9-ac353a56c6a0,active
mk1065,mk1065,698933265,A_UPDATE_REPLACE_OLD_ID,3964ec06-a064-4402-af98-ed783aefa9e6,active
mk1589,691300929,698933266,A_UPDATE_REPLACE_OLD_ID,166672e4-54a6-4e37-88c6-6fd5191ae149,active
mk1476,691300917,698933268,A_UPDATE_REPLACE_OLD_ID,f791da5b-0683-4ba3-aef3-0396f4c9ec9a,active
mk1373,691300983,698933270,A_UPDATE_REPLACE_OLD_ID,b5004f53-5b88-4ae9-b0f7-dd6dc5e99370,active
mk1894,691300817,698933271,A_UPDATE_REPLACE_OLD_ID,f787d58a-3339-4559-b349-e591a9765714,active
mk1402,691300901,698933272,A_UPDATE_REPLACE_OLD_ID,165d7e7c-416f-4f55-8622-a4508c9f3b8f,active
mk1012,694243520,698933273,A_UPDATE_REPLACE_OLD_ID,03e03439-a121-4b58-8c10-a6f41c92a67e,active
mk2036,mk2036,698933274,A_UPDATE_REPLACE_OLD_ID,1347676c-94d9-4a03-ad41-c679735574a8,active
mk1477,691300918,698933275,A_UPDATE_REPLACE_OLD_ID,8667f975-9656-491f-9ad2-572207348101,active
mk1084,693723286,698933276,A_UPDATE_REPLACE_OLD_ID,eb634cae-5cf5-400b-8ed1-ffc68114fde0,active
mk1671,691300767,698933277,A_UPDATE_REPLACE_OLD_ID,163c8f8c-581d-4a40-907c-f7cc0dfd6025,active
mk1812,691300833,698933279,A_UPDATE_REPLACE_OLD_ID,6471639b-b4c7-47bc-8a1e-30df312046de,active
mk1862,691300821,698933280,A_UPDATE_REPLACE_OLD_ID,9e09cee5-b104-4676-9626-59c73e5079d1,active
mk2120,mk2120,698933281,A_UPDATE_REPLACE_OLD_ID,7113a978-bd2d-407b-94e2-023179b77458,active
mk2193,mk2193,698933282,A_UPDATE_REPLACE_OLD_ID,2dcb8813-0467-494c-9208-9cc59c8abba4,active
mk1488,691300926,698933283,A_UPDATE_REPLACE_OLD_ID,edb5ade2-76cf-4686-85f2-da4912cf17d5,active
mk856,695343073,698933285,A_UPDATE_REPLACE_OLD_ID,cea7b613-edeb-4f2d-ae95-f16741e79df1,active
mk1258,692376727,698933286,A_UPDATE_REPLACE_OLD_ID,98d6d158-9c0d-4719-8f60-92336a6f0358,active
mk2235,,698933287,C_INSERT_NO_EXISTING_ROW,,
mk2192,mk2192,698933288,A_UPDATE_REPLACE_OLD_ID,e37efed2-e69f-42bf-a023-00c2f28a5f90,active
mk1463,691300915,698933289,A_UPDATE_REPLACE_OLD_ID,83022ffb-f73c-4ed2-a726-a2c12f1b2195,active
mk1932,691300805,698933290,A_UPDATE_REPLACE_OLD_ID,15d01dd3-cd48-4219-97cf-17e4e69907b8,active
mk1731,691300850,698933291,A_UPDATE_REPLACE_OLD_ID,dee901d4-e277-4840-9d08-95d0e7401194,active
mk2299,,698933292,C_INSERT_NO_EXISTING_ROW,,
mk2040,mk2040,698933293,A_UPDATE_REPLACE_OLD_ID,b9835ded-e326-4651-8115-d274d6f77939,active
mk1064,mk1064,698933294,A_UPDATE_REPLACE_OLD_ID,7b1a14e8-f471-471f-bf9b-ce8225bee76f,active
mk1518,691300881,698933295,A_UPDATE_REPLACE_OLD_ID,cbca47da-9e69-4662-a889-204a753eb600,active
mk1710,691300858,698933296,A_UPDATE_REPLACE_OLD_ID,8b356c21-660b-4381-97cf-ec839f0626ba,active
mk1003,694795242,698933297,A_UPDATE_REPLACE_OLD_ID,ac997aef-e26b-4542-8240-b92e1eed17b0,active
mk1397,691300897,698933299,A_UPDATE_REPLACE_OLD_ID,502c069a-4279-41df-a383-c79835c711f2,active
mk1294,691712282,698933300,A_UPDATE_REPLACE_OLD_ID,a63c91e5-4843-4433-80f6-1f775ebcb983,active
mk1433,691300906,698933301,A_UPDATE_REPLACE_OLD_ID,b2e9d767-84b8-4990-9b56-f1c59f55bedf,active
mk1761,691300613,698933302,A_UPDATE_REPLACE_OLD_ID,8eae4804-265a-4be5-8638-42f55115b5ff,active
mk1043,694188087,698933303,A_UPDATE_REPLACE_OLD_ID,d1900f9b-08be-4081-b753-d0ac69ecb938,active
mk1087,693723283,698933304,A_UPDATE_REPLACE_OLD_ID,7c7c2969-376c-44bd-a457-1f98fb2f2023,active
mk2071,mk2071,698933305,A_UPDATE_REPLACE_OLD_ID,57eac548-e12f-470a-a1a6-a9c197bd52a3,active
mk987,694795405,698933306,A_UPDATE_REPLACE_OLD_ID,db1385d2-876f-44c6-ab36-e1aada4d3945,active
mk897,mk897,698933307,A_UPDATE_REPLACE_OLD_ID,c5b80d10-0fdd-4fb5-b06a-98b88a685ce4,active
mk2143,mk2143,698933308,A_UPDATE_REPLACE_OLD_ID,d33e6260-a5d4-4a63-ad3b-164468a5d4e9,active
mk1595,691300871,698933309,A_UPDATE_REPLACE_OLD_ID,b0b2ae62-3845-4e06-a9b7-5e5d1ed77ecb,active
mk966,mk966,698933310,A_UPDATE_REPLACE_OLD_ID,4bbbd92a-c5e2-4b9d-9264-61b0a7062edf,active
mk2169,mk2169,698933311,A_UPDATE_REPLACE_OLD_ID,bdf5168b-3d08-4a1e-94a9-c5b189bd31cb,active
mk994,mk994,698933312,A_UPDATE_REPLACE_OLD_ID,320201c5-046d-4980-abae-8bca1bf8c2b3,active
mk1465,691300763,698933313,A_UPDATE_REPLACE_OLD_ID,23cd641c-b427-4d01-b89e-826700a096f7,active
mk1596,691300870,698933314,A_UPDATE_REPLACE_OLD_ID,ba15bf3f-9348-4ea6-9414-6ac03280f816,active
mk1755,691300844,698933315,A_UPDATE_REPLACE_OLD_ID,f4e49a2b-6ef5-4c9a-9f01-ac1f415c7d43,active
mk2249,,698933316,C_INSERT_NO_EXISTING_ROW,,
mk1369,691300893,698933317,A_UPDATE_REPLACE_OLD_ID,fffae67a-dab4-4244-bc64-bdcebd42105c,active
mk2312,,698933318,C_INSERT_NO_EXISTING_ROW,,
mk1855,691300824,698933319,A_UPDATE_REPLACE_OLD_ID,5c805b9f-2357-41dc-a5a6-af6945920568,active
mk1937,mk1937,698933320,A_UPDATE_REPLACE_OLD_ID,e19b01e7-85da-46ad-92bf-642323d23c28,active
mk998,694795320,698933322,A_UPDATE_REPLACE_OLD_ID,d1ef5ab2-c3f8-4be2-9db2-95ab88dfff52,active
mk1538,691300963,698933325,A_UPDATE_REPLACE_OLD_ID,a225c738-dac2-419e-a824-340825659e42,active
mk1549,691300942,698933327,A_UPDATE_REPLACE_OLD_ID,96e9988f-1322-4eb0-9225-76f86c898d56,active
mk958,694840738,698933328,A_UPDATE_REPLACE_OLD_ID,0d557465-fe62-46ae-a0af-d171961aa3e7,active
mk2307,,698933329,C_INSERT_NO_EXISTING_ROW,,
mk1193,mk1193,698933330,A_UPDATE_REPLACE_OLD_ID,767113ed-24fe-4dac-a6f0-426f766ffaae,active
mk1804,mk1804,698933331,A_UPDATE_REPLACE_OLD_ID,21d082f2-95ff-4a49-860e-401e75145ca7,active
mk1191,mk1191,698933333,A_UPDATE_REPLACE_OLD_ID,0ed0adf1-91a9-4cc7-8161-925317dd8753,active
mk1192,mk1192,698933335,A_UPDATE_REPLACE_OLD_ID,08a7f130-185b-4126-8fb5-49f7fb12722f,active
mk957,694840739,698933336,A_UPDATE_REPLACE_OLD_ID,22540a2b-1860-4de1-89e4-541805a5b66c,active
mk2308,,698933337,C_INSERT_NO_EXISTING_ROW,,
mk1609,691300952,698933338,A_UPDATE_REPLACE_OLD_ID,90e155b9-94a3-49af-b49c-89565a247106,active
mk1026,694188105,698933339,A_UPDATE_REPLACE_OLD_ID,8d894940-586e-4a5f-a1de-e0e8544f59ce,active
mk1028,694188102,698933340,A_UPDATE_REPLACE_OLD_ID,4664e2ec-9a17-42b5-a757-0c61f871e294,active
mk1787,mk1787,698933341,A_UPDATE_REPLACE_OLD_ID,ad76a84c-e921-438f-a856-e3815014de23,active
mk1076,mk1076,698933342,A_UPDATE_REPLACE_OLD_ID,049d4c12-6b75-4db2-acda-b6dd7edefe86,active
mk1148,mk1148,698933343,A_UPDATE_REPLACE_OLD_ID,f33dae57-654a-4b4e-996e-533960693ac9,active
mk912,mk912,698933344,A_UPDATE_REPLACE_OLD_ID,2b72137c-31a4-457d-b459-927e53fba77d,active
mk2265,,698933345,C_INSERT_NO_EXISTING_ROW,,
mk2205,mk2205,698933346,A_UPDATE_REPLACE_OLD_ID,103c780b-9f57-41f3-a6a5-f7481edf5b28,active
mk1104,693723249,698933347,A_UPDATE_REPLACE_OLD_ID,aee7b825-9181-4362-b860-622e633914e7,active
mk906,694840744,698933348,A_UPDATE_REPLACE_OLD_ID,85d474f9-757e-4277-b8d7-f50900b693e3,active
mk2106,mk2106,698933349,A_UPDATE_REPLACE_OLD_ID,7f99f4f4-5ca3-45d7-84e8-adbdeccdc2e0,active
mk1239,mk1239,698933350,A_UPDATE_REPLACE_OLD_ID,fe0263cd-9b4f-4499-9e1f-a4711a21c671,active
mk1075,693723526,698933352,A_UPDATE_REPLACE_OLD_ID,56043b73-222d-4555-81c4-ca0de5e09a08,active
mk1264,692229064,698933353,A_UPDATE_REPLACE_OLD_ID,b68741ec-4dea-48e4-8dde-7c14a2a11b6d,active
mk2168,mk2168,698933354,A_UPDATE_REPLACE_OLD_ID,0a9fb870-1f2f-430a-aaea-0e6ebe2294d4,active
mk2174,mk2174,698933355,A_UPDATE_REPLACE_OLD_ID,ee645f78-e0fb-498f-898f-af158d9007cb,active
mk2130,mk2130,698933356,A_UPDATE_REPLACE_OLD_ID,22091616-4269-40c8-82df-7f7418c0cbb2,active
mk1746,691300991,698933357,A_UPDATE_REPLACE_OLD_ID,55df2105-7060-4aab-a9be-96106a56fe26,active
mk1108,mk1108,698933358,A_UPDATE_REPLACE_OLD_ID,81af740c-ba7f-4f17-aa61-16a788112334,active
mk1058,mk1058,698933359,A_UPDATE_REPLACE_OLD_ID,65ae6b55-8c9a-4a7f-aa62-d3dedd0c9672,active
mk2263,,698933360,C_INSERT_NO_EXISTING_ROW,,
mk1594,mk1594,698933361,A_UPDATE_REPLACE_OLD_ID,cd62dbc0-a17d-4b6c-b75e-5990031bef3e,active
mk2076,mk2076,698933362,A_UPDATE_REPLACE_OLD_ID,002cc561-1f43-486f-a7c7-9bcc691da5f6,active
mk1664,691300601,698933364,A_UPDATE_REPLACE_OLD_ID,4375a7f9-3a4f-45c8-8ff9-26c837089b84,active
mk2095,mk2095,698933365,A_UPDATE_REPLACE_OLD_ID,2784989d-8494-48a3-bda8-bb2563af47e5,active
mk1059,mk1059,698933366,A_UPDATE_REPLACE_OLD_ID,e2b83ad1-7cd2-4a13-9997-a21bba62106d,active
mk1554,691300811,698933367,A_UPDATE_REPLACE_OLD_ID,c9c947c0-5c5a-4c7a-a83c-527fa6e6d6cb,active
mk2238,,698933368,C_INSERT_NO_EXISTING_ROW,,
mk1747,691300935,698933369,A_UPDATE_REPLACE_OLD_ID,0faadff1-c73c-4ca4-b8b1-980d025e8cb0,active
mk1374,691300984,698933370,A_UPDATE_REPLACE_OLD_ID,2a0b5f8c-5717-4257-b177-c44042b7708d,active
mk1738,691300973,698933371,A_UPDATE_REPLACE_OLD_ID,12c436d4-00eb-493c-a71d-05280b019a42,active
mk1107,mk1107,698933372,A_UPDATE_REPLACE_OLD_ID,7edfa21f-ae77-4be8-b59c-6f224f9df229,active
mk1436,691300989,698933373,A_UPDATE_REPLACE_OLD_ID,b14ad619-e4ff-4722-a4ab-8643074d9ce4,active
mk2266,,698933374,C_INSERT_NO_EXISTING_ROW,,
mk2320,,698933375,C_INSERT_NO_EXISTING_ROW,,
mk1352,mk1352,698933376,A_UPDATE_REPLACE_OLD_ID,e52af8cc-ceee-4525-97ce-5cdc3c90d8e4,active
mk1462,691300914,698933377,A_UPDATE_REPLACE_OLD_ID,ba4c2eb7-e327-48a6-9bcc-569283526eb0,active
mk1930,691300966,698933379,A_UPDATE_REPLACE_OLD_ID,58d6a22f-c0fa-4011-8a99-4e0106dcc612,active
mk2194,mk2194,698933380,A_UPDATE_REPLACE_OLD_ID,8ea7a4c6-0799-41cd-82ad-8f96129fe50a,active
mk1109,mk1109,698933381,A_UPDATE_REPLACE_OLD_ID,c4ce6a2e-4d36-4e96-bd4f-2e2419ae2ab7,active
mk2154,mk2154,698933382,A_UPDATE_REPLACE_OLD_ID,173554c6-1567-4691-b647-c9d85dc3681c,active
mk1208,692810440,698933383,A_UPDATE_REPLACE_OLD_ID,bb147eb3-59c5-4969-91b6-a8467d3ebb4a,active
mk1857,691300968,698933384,A_UPDATE_REPLACE_OLD_ID,a1de1d4d-7467-4b4f-a164-41784921d189,active
mk988,694795404,698933385,A_UPDATE_REPLACE_OLD_ID,2fa39aea-694f-45b1-803b-96d260920f8e,active
mk2264,,698933386,C_INSERT_NO_EXISTING_ROW,,
mk1220,mk1220,698933387,A_UPDATE_REPLACE_OLD_ID,889839b8-04cf-4e7e-bfc5-68ee1486d01f,active
mk2024,mk2024,698933389,A_UPDATE_REPLACE_OLD_ID,b9f13e0d-8f3e-41c9-bddb-62b855dac630,active
mk2034,mk2034,698933390,A_UPDATE_REPLACE_OLD_ID,80bcb5b4-56e9-43aa-8e78-b0cce1166a43,active
mk1027,694188104,698933391,A_UPDATE_REPLACE_OLD_ID,76ef2875-d8e3-4256-90c5-ab6e83ca9c2b,active
mk1663,691300600,698933392,A_UPDATE_REPLACE_OLD_ID,0ac831a9-59ed-4afb-ba01-3abd3d95f818,active
mk2046,mk2046,698933393,A_UPDATE_REPLACE_OLD_ID,31d7710e-a751-4d0d-bf5d-ae8a73a9c2c6,active
mk1490,691300980,698933394,A_UPDATE_REPLACE_OLD_ID,cb6fa8a1-88d0-4447-916b-42370b4109f4,active
mk1967,691300808,698933395,A_UPDATE_REPLACE_OLD_ID,08a9d6e7-f250-44c9-90e6-1710dc42093a,active
mk2023,mk2023,698933396,A_UPDATE_REPLACE_OLD_ID,fb46d1a1-0f38-4dbd-b01a-83aea536a004,active
mk2295,,698933397,C_INSERT_NO_EXISTING_ROW,,
mk1001,694795317,698933398,A_UPDATE_REPLACE_OLD_ID,8e8aa26f-e068-4950-9991-ca2f29111008,active
mk1739,691300974,698933399,A_UPDATE_REPLACE_OLD_ID,7647a56b-8475-4362-985f-269d0a28d017,active
mk1524,691300979,698933400,A_UPDATE_REPLACE_OLD_ID,f5d6e06e-23a5-4cde-9c61-26bbb567afba,active
mk986,694795407,698933401,A_UPDATE_REPLACE_OLD_ID,def93982-583e-4738-8610-c507420a3de5,active
mk872,695343045,698933402,A_UPDATE_REPLACE_OLD_ID,80847dd5-277d-4a6f-bcf1-0ae127844ad0,active
mk2159,mk2159,698933403,A_UPDATE_REPLACE_OLD_ID,5297586a-d4f0-44a4-b96f-d355698dbf50,active
mk1886,691300981,698933404,A_UPDATE_REPLACE_OLD_ID,c192aa92-a257-40b8-9532-ecabf463ed06,active
mk1704,mk1704,698933406,A_UPDATE_REPLACE_OLD_ID,8d8f985e-49f1-4a26-91f4-3ed230a317b1,active
mk1753,mk1753,698933407,A_UPDATE_REPLACE_OLD_ID,20fdee7a-875d-40f1-a5e9-409d84e7fbf3,active
mk1969,691300994,698933408,A_UPDATE_REPLACE_OLD_ID,c601bbdd-b364-4d01-917f-15a452eb0a49,active
mk1013,694243519,698933409,A_UPDATE_REPLACE_OLD_ID,a5dec94d-6352-4fe1-9309-75a08cfe7e43,active
mk1492,691301001,698933412,A_UPDATE_REPLACE_OLD_ID,47ce3aad-9b72-4c03-9d56-d513136480e0,active
mk1729,691300996,698933413,A_UPDATE_REPLACE_OLD_ID,56c48eb3-5545-4e6a-8a7a-52159b75525a,active
mk2172,mk2172,698933414,A_UPDATE_REPLACE_OLD_ID,54f80b0c-d48b-482b-919f-d25c0db6f98b,active
mk1257,692376797,698933415,A_UPDATE_REPLACE_OLD_ID,ee1e9b7f-41f3-44a8-a278-3f5da984f736,active
mk1598,691300999,698933416,A_UPDATE_REPLACE_OLD_ID,da8bfa8a-16d9-4076-80f1-b42dfe390fce,active
mk1450,691301004,698933417,A_UPDATE_REPLACE_OLD_ID,6839dccf-c9b7-4e3c-9180-a8296c9c5f0c,active
mk1020,694243517,698933419,A_UPDATE_REPLACE_OLD_ID,2302e300-1014-41a1-9096-fb8a43927261,active
mk855,695343074,698933420,A_UPDATE_REPLACE_OLD_ID,8676230e-9bab-4344-8f4f-297fcd35095d,active
mk1741,691300847,698933421,A_UPDATE_REPLACE_OLD_ID,38b79faa-3902-436d-9664-2de9957be533,active
mk1061,mk1061,698933422,A_UPDATE_REPLACE_OLD_ID,79c08a30-bea0-45d6-a3f2-7a535b9d097e,active
mk1907,691300993,698933423,A_UPDATE_REPLACE_OLD_ID,d0bfd897-b0ec-449d-bd76-33048986660b,active
mk1582,691301000,698933424,A_UPDATE_REPLACE_OLD_ID,a1c4c433-eca7-4f48-be43-5a59d32f2f68,active
mk2151,mk2151,698933425,A_UPDATE_REPLACE_OLD_ID,bb2e1dc2-4d94-4322-aeb3-95da08e5398a,active
mk2279,,698933426,C_INSERT_NO_EXISTING_ROW,,
mk1011,694243521,698933428,A_UPDATE_REPLACE_OLD_ID,33f964ec-630e-4085-906a-406d68fa1d9e,active
mk1676,mk1676,698933429,A_UPDATE_REPLACE_OLD_ID,915f0011-ba06-40b7-a878-ef89cb283652,active
mk1167,mk1167,698933430,A_UPDATE_REPLACE_OLD_ID,12732245-7313-4690-993e-934c25f6021b,active
mk1162,mk1162,698933431,A_UPDATE_REPLACE_OLD_ID,becf23ba-97fa-43e8-8061-b5e2c2aa5bbe,active
mk962,mk962,698933432,A_UPDATE_REPLACE_OLD_ID,29a1215f-aaa7-49fd-bb47-9c7bfca9732f,active
mk1626,691300997,698933433,A_UPDATE_REPLACE_OLD_ID,adadeef3-3b11-488f-92c5-f4d4c0b4d279,active
mk892,695343025,698933434,A_UPDATE_REPLACE_OLD_ID,705f9c7e-b0e0-4649-8bf2-00c9ca6dbda5,active
mk972,694795448,698933435,A_UPDATE_REPLACE_OLD_ID,bbdb2ab2-fe1c-48ba-b4ee-f3188a3775f4,active
mk1527,691301008,698933436,A_UPDATE_REPLACE_OLD_ID,92927b59-c2df-41ba-8a4f-9d46778478a9,active
mk1632,691301017,698933437,A_UPDATE_REPLACE_OLD_ID,6e428956-0eef-4c36-98c5-56d79c86e8c0,active
mk977,694795443,698933438,A_UPDATE_REPLACE_OLD_ID,6a06b972-9a50-41f4-bab9-3b3f9c78eed0,active
mk1606,691301014,698933439,A_UPDATE_REPLACE_OLD_ID,fcf891b9-7ac7-4463-b533-05635cd42cbb,active
mk2139,mk2139,698933440,A_UPDATE_REPLACE_OLD_ID,200fd266-632b-4c3f-8d5f-97b9010ace11,active
mk980,694795439,698933442,A_UPDATE_REPLACE_OLD_ID,037b8673-4178-44eb-b060-e994889a4e2d,active
mk974,694795446,698933443,A_UPDATE_REPLACE_OLD_ID,d6c2c4c5-b599-4c59-bcea-33cb99aee749,active
mk2146,mk2146,698933444,A_UPDATE_REPLACE_OLD_ID,f9bd0fd4-1fa1-4d9b-bf04-0390cbc4c329,active
mk971,694795449,698933445,A_UPDATE_REPLACE_OLD_ID,83f6d204-720a-423a-a37e-e16b611fb4bf,active
mk969,mk969,698933446,A_UPDATE_REPLACE_OLD_ID,f0369ddc-59b1-4ab5-8cde-bd2f3bf2ef91,active
mk1526,691301007,698933447,A_UPDATE_REPLACE_OLD_ID,b8db6432-c831-4cab-8757-1b2f2b094260,active
mk1635,691301020,698933448,A_UPDATE_REPLACE_OLD_ID,da8addf6-7315-4f61-ae8a-77099e219dd5,active
mk1643,691301028,698933449,A_UPDATE_REPLACE_OLD_ID,82551900-4be0-4839-914f-2e36a88ddc9c,active
mk1633,691301018,698933450,A_UPDATE_REPLACE_OLD_ID,11291465-6994-4816-8b20-6e7d4ff52139,active
mk970,694795445,698933451,A_UPDATE_REPLACE_OLD_ID,e8fe27ae-a38d-4ebf-999f-253f2f75de9a,active
mk1638,691301023,698933452,A_UPDATE_REPLACE_OLD_ID,51434463-1685-4153-b300-2732979b506e,active
mk1641,691301026,698933453,A_UPDATE_REPLACE_OLD_ID,a4fedb2a-2ca4-4981-8ccd-cafb6fc49acd,active
mk1634,691301019,698933455,A_UPDATE_REPLACE_OLD_ID,813b4c3b-0ac3-4c3d-8d4e-4beb807da7dc,active
mk1642,691301027,698933456,A_UPDATE_REPLACE_OLD_ID,b078369c-9b2e-43f7-b097-0b05d2eaca53,active
mk1525,691301006,698933457,A_UPDATE_REPLACE_OLD_ID,c714ab74-84a2-4db6-a28b-313c2cd846e7,active
mk978,694795441,698933458,A_UPDATE_REPLACE_OLD_ID,68d715c4-f3cb-40bf-bc72-f38e7b246412,active
mk968,mk968,698933461,A_UPDATE_REPLACE_OLD_ID,8d6e989f-7811-4c96-bfdd-970cc2ab6d48,active
mk973,694795447,698933463,A_UPDATE_REPLACE_OLD_ID,9919c2a9-c952-42a3-b13a-636e4989c4db,active
mk981,694795438,698933465,A_UPDATE_REPLACE_OLD_ID,e54df484-5811-4083-bf9f-cffbcf3ab655,active
mk1644,691301029,698933466,A_UPDATE_REPLACE_OLD_ID,cfe4a14a-24f6-4cde-9b74-901f87508a71,active
mk1639,691301024,698933467,A_UPDATE_REPLACE_OLD_ID,0f3574db-7729-482a-a390-db88269a872d,active
mk1640,mk1640,698933468,A_UPDATE_REPLACE_OLD_ID,c44d38c4-8034-4632-8427-5a1943a0f401,active
mk1156,mk1156,698933469,A_UPDATE_REPLACE_OLD_ID,c7905acd-5275-41f8-9395-bbc39c9fd866,active
mk1505,691300566,698933470,A_UPDATE_REPLACE_OLD_ID,dcd02f79-f10d-4b1d-b3ad-02bc6b279379,active
mk2306,,698933471,C_INSERT_NO_EXISTING_ROW,,
mk1764,mk1764,698933472,A_UPDATE_REPLACE_OLD_ID,92958373-db40-4714-ac67-9afa9b07298f,active
mk1909,mk1909,698933473,A_UPDATE_REPLACE_OLD_ID,6cd5ef67-1a02-40dd-9a33-fa383b6c20f4,active
mk1002,694795243,698933474,A_UPDATE_REPLACE_OLD_ID,6ba0ba1a-871e-41d7-856d-ae22a1976edf,active
mk2239,,698933475,C_INSERT_NO_EXISTING_ROW,,
mk1439,mk1439,698933476,A_UPDATE_REPLACE_OLD_ID,0d357a94-14a4-4a62-bec2-2f4d4de605ce,active
mk1036,694188094,698933477,A_UPDATE_REPLACE_OLD_ID,56c18edd-22ce-4f2b-ab9e-e0b0df115159,active
mk1441,mk1441,698933478,A_UPDATE_REPLACE_OLD_ID,f895eef9-3d4a-4f30-ad6b-2f6c94214aa2,active
mk1897,691300471,698933479,A_UPDATE_REPLACE_OLD_ID,82c5ce61-246a-4482-83b5-a1ab219f32da,active
mk2245,,698933480,C_INSERT_NO_EXISTING_ROW,,
mk1838,mk1838,698933481,A_UPDATE_REPLACE_OLD_ID,e281401b-2c64-4377-9a44-a11b6abf8a77,active
mk2047,mk2047,698933482,A_UPDATE_REPLACE_OLD_ID,c4f6065d-2cb7-469e-84c0-a8db6a4b8529,active
mk1864,mk1864,698933483,A_UPDATE_REPLACE_OLD_ID,0808b615-fe3f-4a0b-97c5-8e2041e24311,active
mk2227,mk2227,698933484,A_UPDATE_REPLACE_OLD_ID,218f5457-ddb6-4e4c-abbc-884ba8e2982a,active
mk2079,mk2079,698933485,A_UPDATE_REPLACE_OLD_ID,d8036d08-de66-4305-bcbe-3899cc677a43,active
mk1042,694188088,698933487,A_UPDATE_REPLACE_OLD_ID,a947d3d0-e3d5-4ae8-ba49-26d4d1048251,active
mk1199,mk1199,698933488,A_UPDATE_REPLACE_OLD_ID,11dbe866-9390-4ecc-98be-9d4f9c1249e7,active
mk1172,mk1172,698933489,A_UPDATE_REPLACE_OLD_ID,4377aecd-e131-4409-b496-20ada60e6ac9,active
mk851,695343081,698933491,A_UPDATE_REPLACE_OLD_ID,79b4a0e6-aedc-4cb7-af56-a8c25b0c9085,active
mk1354,691441887,698933493,A_UPDATE_REPLACE_OLD_ID,3c4f564a-501e-4d86-83a9-b12f1545c35c,active
mk2242,,698933494,C_INSERT_NO_EXISTING_ROW,,
mk2190,mk2190,698933495,A_UPDATE_REPLACE_OLD_ID,3feb3e78-0846-4431-9e3f-78f78a627506,active
mk2275,,698933497,C_INSERT_NO_EXISTING_ROW,,
mk1217,mk1217,698933498,A_UPDATE_REPLACE_OLD_ID,164a64c0-9397-40f2-9f6e-f20ed4a19c88,active
mk914,mk914,698933499,A_UPDATE_REPLACE_OLD_ID,a9ff457f-f394-499e-ae02-733d39fe13dc,active
mk2041,mk2041,698933500,A_UPDATE_REPLACE_OLD_ID,4a783370-d4d3-4f5f-9863-8d2393f630ce,active
mk1110,mk1110,698933502,A_UPDATE_REPLACE_OLD_ID,19ff51ab-8266-4183-a4b2-9d64d52d767c,active
mk1790,691300501,698933503,A_UPDATE_REPLACE_OLD_ID,58dbde90-500e-4c21-9e21-1bdc9badfc4c,active
mk1035,694188095,698933504,A_UPDATE_REPLACE_OLD_ID,8556b871-ca19-41a0-9d82-2046b09a0486,active
mk1658,mk1658,698933505,A_UPDATE_REPLACE_OLD_ID,445a1918-b423-44c8-a40b-e638e587c9ff,active
mk1965,mk1965,698933507,A_UPDATE_REPLACE_OLD_ID,34f055ee-1fa7-44ad-86ac-a5b3dc7beac2,active
mk1701,mk1701,698933509,A_UPDATE_REPLACE_OLD_ID,403f9f00-efb8-419d-b748-9b53e3b4795e,active
mk2182,mk2182,698933511,A_UPDATE_REPLACE_OLD_ID,93232fe6-5052-4ea2-8bd3-5de0c51a66a5,active
mk2344,,698933513,C_INSERT_NO_EXISTING_ROW,,
mk1290,691712288,698933514,A_UPDATE_REPLACE_OLD_ID,156a73dd-79ac-4e20-a9fb-9ef5492907c8,active
mk943,mk943,698933515,A_UPDATE_REPLACE_OLD_ID,84371aee-cf09-4312-a33c-eb3942eeb097,active
mk1923,691300465,698933517,A_UPDATE_REPLACE_OLD_ID,9a10cd6d-a561-4db4-aba7-00578bc6e6df,active
mk2170,mk2170,698933518,A_UPDATE_REPLACE_OLD_ID,a973f2fd-f79c-4f22-960c-e01f31b57dab,active
mk898,,698933521,B_RESOLVE_NULL_NEEDS_REVIEW,434f3e74-413f-4ae3-a08c-64e78692a4d0,needs_review
mk1100,mk1100,698933522,A_UPDATE_REPLACE_OLD_ID,a647aa2b-c996-449c-be6f-669d53ac9ac6,active
mk1278,mk1278,698933523,A_UPDATE_REPLACE_OLD_ID,147e7cf4-4cf7-42be-8058-e2c06a8c198d,active
mk1342,691300618,698933524,A_UPDATE_REPLACE_OLD_ID,bcd82805-fe8f-4282-8a2e-39554260a0cc,active
mk1183,mk1183,698933525,A_UPDATE_REPLACE_OLD_ID,5ed2d5f1-9d6e-4e7e-b9d2-d4b7dc19b159,active
mk1929,691300430,698933526,A_UPDATE_REPLACE_OLD_ID,aa4801fc-fdc7-425e-bd88-c88fbb141dd2,active
mk1713,691300856,698933527,A_UPDATE_REPLACE_OLD_ID,d2da0012-0be4-4f3a-a3b1-7af47c9ad91c,active
mk1824,mk1824,698933528,A_UPDATE_REPLACE_OLD_ID,3c9b1f47-f8b7-43b0-94da-715b96cb2918,active
mk1580,mk1580,698933529,A_UPDATE_REPLACE_OLD_ID,573ecd25-3f10-40ce-9ef2-d99aa696b6f4,active
mk1200,mk1200,698933531,A_UPDATE_REPLACE_OLD_ID,fae0cc0f-2edf-45ca-abd4-6160b95364cd,active
mk1852,mk1852,698933532,A_UPDATE_REPLACE_OLD_ID,083fe561-352f-42c9-b91d-97662bbf961e,active
mk960,mk960,698933533,A_UPDATE_REPLACE_OLD_ID,cf302fe9-956a-4c8b-b166-021e171f38ed,active
mk2241,,698933534,C_INSERT_NO_EXISTING_ROW,,
mk1277,mk1277,698933536,A_UPDATE_REPLACE_OLD_ID,29332c89-80a6-4b0a-b41d-0d60086fb728,active
mk1987,mk1987,698933537,A_UPDATE_REPLACE_OLD_ID,538d6128-8dcb-43c9-8b19-e731c82db0a2,active
mk1773,mk1773,698933538,A_UPDATE_REPLACE_OLD_ID,33c49d47-83b0-4f7c-a767-143115ab6d9c,active
mk1062,mk1062,698933539,A_UPDATE_REPLACE_OLD_ID,7cb059a1-84d6-4e26-a305-afca09e73db2,active
mk1249,mk1249,698933540,A_UPDATE_REPLACE_OLD_ID,c4537dc0-7826-4fd9-82b1-c027710db1b2,active
mk916,mk916,698933541,A_UPDATE_REPLACE_OLD_ID,d25474e8-62c9-4fac-a145-56612f165b66,active
mk1407,691300585,698933542,A_UPDATE_REPLACE_OLD_ID,d63dd082-2db3-49d0-8a3b-39b67984469e,active
mk933,mk933,698933543,A_UPDATE_REPLACE_OLD_ID,970330dd-b775-4914-87f0-c1696985307f,active
mk2250,,698933544,C_INSERT_NO_EXISTING_ROW,,
mk1023,694243443,698933545,A_UPDATE_REPLACE_OLD_ID,e936b9b0-c307-4f49-a74b-976f41e9a3fe,active
mk1325,691441884,698933546,A_UPDATE_REPLACE_OLD_ID,f661b4e9-4938-4b3a-b4b6-32e5db1aa2b0,active
mk1138,mk1138,698933547,A_UPDATE_REPLACE_OLD_ID,29d0a256-1194-4502-acdd-5596dd981c06,active
mk1207,mk1207,698933548,A_UPDATE_REPLACE_OLD_ID,c8ff2c49-5f58-4fa6-960c-36a443fe53e7,active
mk1765,691300505,698933549,A_UPDATE_REPLACE_OLD_ID,8a9a3dc3-b05c-49ca-bae4-2c26e6d9269d,active
mk2103,mk2103,698933550,A_UPDATE_REPLACE_OLD_ID,9cb8956e-2cd5-4a76-92fb-9fc9fbbb11f3,active
mk935,mk935,698933551,A_UPDATE_REPLACE_OLD_ID,df4e26ac-c4ed-4d35-8ea2-9feabd3a804e,active
mk1179,mk1179,698933553,A_UPDATE_REPLACE_OLD_ID,2dd361be-e258-4e1e-bb8d-a2954e0c5f42,active
mk2278,,698933554,C_INSERT_NO_EXISTING_ROW,,
mk2116,mk2116,698933555,A_UPDATE_REPLACE_OLD_ID,7788f08c-0db8-4785-9739-d59649e37657,active
mk1237,mk1237,698933556,A_UPDATE_REPLACE_OLD_ID,efd196ea-6cce-4132-b9f9-e9cb48468fca,active
mk1694,mk1694,698933557,A_UPDATE_REPLACE_OLD_ID,1fd4b98f-3c85-40fe-8cd1-09a45050d7ff,active
mk1957,691300451,698933558,A_UPDATE_REPLACE_OLD_ID,d55972ab-076c-4f0f-980d-f500850081d7,active
mk1627,mk1627,698933560,A_UPDATE_REPLACE_OLD_ID,d062e8dc-c2f9-4199-a344-ea54f77e9fbf,active
mk1203,mk1203,698933562,A_UPDATE_REPLACE_OLD_ID,bf2f1279-b104-4f45-a700-4e16d8475ce2,active
mk1218,mk1218,698933563,A_UPDATE_REPLACE_OLD_ID,b07f4978-3c4e-42d9-af59-c2221bd4b881,active
mk1322,691441885,698933564,A_UPDATE_REPLACE_OLD_ID,185c3fb1-e105-41a7-a31a-5108bc8da20b,active
mk1406,691300986,698933565,A_UPDATE_REPLACE_OLD_ID,83a4e61d-3762-4476-9921-416b6719e6ea,active
mk1953,691300455,698933566,A_UPDATE_REPLACE_OLD_ID,a119b515-ec7a-4067-a180-1e0caf331754,active
mk1798,mk1798,698933567,A_UPDATE_REPLACE_OLD_ID,1a6c6f4b-47f4-4f3b-b027-d2d57c944e34,active
mk1173,mk1173,698933568,A_UPDATE_REPLACE_OLD_ID,1b99a2a0-451d-40a6-a5a2-b3ad543e1238,active
mk1053,mk1053,698933569,A_UPDATE_REPLACE_OLD_ID,f00a1227-5e6b-48e0-9a47-ae43eac5a1cf,active
mk2003,mk2003,698933571,A_UPDATE_REPLACE_OLD_ID,bbed989f-5a9c-4cba-b586-ebdae3bef474,active
mk852,695343080,698933572,A_UPDATE_REPLACE_OLD_ID,a608b99e-98ab-4004-ade0-4e8b4816064f,active
mk1214,mk1214,698933574,A_UPDATE_REPLACE_OLD_ID,d6ba54a2-32ce-47fc-a35d-efc1839b3cfa,active
mk2031,mk2031,698933575,A_UPDATE_REPLACE_OLD_ID,5049a173-2fd2-4a61-a01a-dfe6b0cb2b42,active
mk1182,mk1182,698933576,A_UPDATE_REPLACE_OLD_ID,bad10738-dbed-4053-9b05-c09c872ca6aa,active
mk1574,mk1574,698933577,A_UPDATE_REPLACE_OLD_ID,775881e5-bb86-49ec-83f8-5b19da962f39,active
mk2022,mk2022,698933578,A_UPDATE_REPLACE_OLD_ID,84eb45ea-80f8-4a25-be11-7df480fc735a,active
mk964,694795406,698933579,A_UPDATE_REPLACE_OLD_ID,da4de80e-fbe4-4a16-b915-7fb1f106ad9e,active
mk1224,mk1224,698933580,A_UPDATE_REPLACE_OLD_ID,7fe6e44b-1bcf-4b7b-8608-6fb2a6ebe08f,active
mk1806,mk1806,698933581,A_UPDATE_REPLACE_OLD_ID,a0bd2a4c-4adf-4a14-8346-7c7184df0996,active
mk1998,mk1998,698933583,A_UPDATE_REPLACE_OLD_ID,468d6874-ae67-4738-84ee-1b28b5e11301,active
mk1358,mk1358,698933584,A_UPDATE_REPLACE_OLD_ID,10d5c7c5-6b90-4d4f-8992-a446740d044d,active
mk2198,mk2198,698933585,A_UPDATE_REPLACE_OLD_ID,0f2de1e8-8e88-4841-a444-ecb66185a8c9,active
mk2343,,698933586,C_INSERT_NO_EXISTING_ROW,,
mk1438,mk1438,698933587,A_UPDATE_REPLACE_OLD_ID,f525589b-a2d3-4e8a-a6d8-9ec0b67aca12,active
mk1213,691300488,698933588,A_UPDATE_REPLACE_OLD_ID,d79f4052-1a80-4b18-a5f8-85c8d1084ccb,active
mk937,mk937,698933589,A_UPDATE_REPLACE_OLD_ID,f9d75e10-4d17-4955-b480-40845366161e,active
mk1323,691441883,698933590,A_UPDATE_REPLACE_OLD_ID,cd25f272-ccd9-4dd7-879e-78c4d1168eed,active
mk1735,691300518,698933591,A_UPDATE_REPLACE_OLD_ID,879a74a6-8cfd-4e3e-b174-bc6df85b6327,active
mk2309,,698933592,C_INSERT_NO_EXISTING_ROW,,
mk1034,694188096,698933593,A_UPDATE_REPLACE_OLD_ID,45c022f2-454d-480e-ba56-27362ea01e39,active
mk1618,mk1618,698933594,A_UPDATE_REPLACE_OLD_ID,95e3711a-1722-4aec-aa49-be0745714020,active
mk2206,mk2206,698933595,A_UPDATE_REPLACE_OLD_ID,0ed87077-1d60-485b-9522-cf56a1810ff6,active
mk1504,691300567,698933596,A_UPDATE_REPLACE_OLD_ID,71261e41-9758-4be9-9fbf-7b2c4b432df0,active
mk1205,mk1205,698933597,A_UPDATE_REPLACE_OLD_ID,062df6cd-bd23-4fac-8066-3ff844d5c1ae,active
mk1792,mk1792,698933598,A_UPDATE_REPLACE_OLD_ID,eb20b2cf-4758-4bd5-82b1-61b4af2193d3,active
mk2035,mk2035,698933599,A_UPDATE_REPLACE_OLD_ID,41f03665-37b3-48e5-b2ea-76bd0372463b,active
mk1215,mk1215,698933600,A_UPDATE_REPLACE_OLD_ID,01801c8c-326d-4391-8c5a-a28350539310,active
mk1202,mk1202,698933601,A_UPDATE_REPLACE_OLD_ID,7d08e1b7-ea4f-4981-b788-4071c5ea69e3,active
mk1151,mk1151,698933602,A_UPDATE_REPLACE_OLD_ID,19ca4b5e-ac9f-43e6-9362-f1f11930553f,active
mk1803,mk1803,698933604,A_UPDATE_REPLACE_OLD_ID,87872498-725b-4af0-9db2-128058698440,active
mk1238,mk1238,698933606,A_UPDATE_REPLACE_OLD_ID,71a6957a-2364-4436-a76c-206216ecdb57,active
mk1041,694188089,698933607,A_UPDATE_REPLACE_OLD_ID,95c7cd84-61c1-4829-b79b-100ccbc92497,active
mk2167,mk2167,698933609,A_UPDATE_REPLACE_OLD_ID,70d00ce8-6c9f-4957-a88c-20d11ca1ec72,active
mk1263,mk1263,698933612,A_UPDATE_REPLACE_OLD_ID,b74a88f8-8463-4271-a750-2559b7fd71b6,active
mk929,mk929,698933613,A_UPDATE_REPLACE_OLD_ID,ec41e860-6c78-4c12-9156-124a26db544f,active
mk1049,mk1049,698933614,A_UPDATE_REPLACE_OLD_ID,ce0ef784-f2f9-46e0-bfae-fb6c6cf98df1,active
mk1910,mk1910,698933615,A_UPDATE_REPLACE_OLD_ID,e705ff0d-e298-4a2c-824b-5c334e462165,active
mk961,mk961,698933616,A_UPDATE_REPLACE_OLD_ID,705f8832-263c-4f92-a432-dfc11953e76c,active
mk1252,mk1252,698933617,A_UPDATE_REPLACE_OLD_ID,f9056b0b-eda7-4550-ae90-4bc4547f5d34,active
mk2296,,698933618,C_INSERT_NO_EXISTING_ROW,,
mk1751,691300513,698933619,A_UPDATE_REPLACE_OLD_ID,93dc617a-5623-4e10-a60d-f01def2c90bc,active
mk1371,691300580,698933621,A_UPDATE_REPLACE_OLD_ID,2291da23-d60c-4d50-bc63-d5294f072079,active
mk1865,691300475,698933622,A_UPDATE_REPLACE_OLD_ID,513b5d51-9dae-4c24-a5d4-a781ef71d37d,active
mk1567,691300557,698933623,A_UPDATE_REPLACE_OLD_ID,45b4ae91-7f7a-4614-b49d-6e02a49541e1,active
mk1630,691300949,698933625,A_UPDATE_REPLACE_OLD_ID,42277280-5044-483d-9304-1e2fb8dbc01b,active
mk2030,mk2030,698933626,A_UPDATE_REPLACE_OLD_ID,2b0c3c92-7b7f-4951-86d2-39847d668767,active
mk936,mk936,698933627,A_UPDATE_REPLACE_OLD_ID,140b031a-9427-4b23-b3eb-b7064a9754e0,active
mk1859,mk1859,698933628,A_UPDATE_REPLACE_OLD_ID,d4566f42-1d81-4f75-9a88-b86b95806b40,active
mk2262,,698933629,C_INSERT_NO_EXISTING_ROW,,
mk1661,691300976,698933631,A_UPDATE_REPLACE_OLD_ID,62dc8c22-4157-40dc-947f-ccd4b7832e16,active
mk1896,691300472,698933632,A_UPDATE_REPLACE_OLD_ID,2c1797e4-db10-4472-a9f5-afcd1647ffd5,active
mk1073,mk1073,698933633,A_UPDATE_REPLACE_OLD_ID,7e666a63-43e7-4356-a15a-e388fdf3f99f,active
mk1523,mk1523,698933634,A_UPDATE_REPLACE_OLD_ID,6567d1cc-ad61-4e58-aa77-799f861e6384,active
mk1652,691300539,698933635,A_UPDATE_REPLACE_OLD_ID,c48d5df2-2cc4-49e4-b789-a69b03413417,active
mk1243,mk1243,698933636,A_UPDATE_REPLACE_OLD_ID,13b64219-11e3-489a-a2b9-4c5e8bea15b5,active
mk1631,691300544,698933637,A_UPDATE_REPLACE_OLD_ID,28a4c6b5-a3d8-4634-a99c-028324dd41ae,active
mk1593,691300410,698933638,A_UPDATE_REPLACE_OLD_ID,3e06cb0f-aff6-457e-8081-7593c79408aa,active
mk1703,mk1703,698933639,A_UPDATE_REPLACE_OLD_ID,7de5416f-08e5-4559-9844-c67e77043748,active
mk1424,691300588,698933640,A_UPDATE_REPLACE_OLD_ID,d10c4f1c-da5b-47d1-8cc4-44ac2f385f58,active
mk913,mk913,698933641,A_UPDATE_REPLACE_OLD_ID,b02a7b09-d038-4a01-a378-7555f79e41e3,active
mk1993,mk1993,698933642,A_UPDATE_REPLACE_OLD_ID,ad6e6340-f7e9-417b-ad7e-0b2407793e0f,active
mk1899,mk1899,698933643,A_UPDATE_REPLACE_OLD_ID,29de3b2c-0186-485e-9cac-78331bdca4a0,active
mk1236,mk1236,698933644,A_UPDATE_REPLACE_OLD_ID,a6c77752-b460-488c-860f-0d6e4fff3138,active
mk1175,mk1175,698933645,A_UPDATE_REPLACE_OLD_ID,58094a01-955f-41c6-ab1e-663984810e39,active
mk934,mk934,698933646,A_UPDATE_REPLACE_OLD_ID,faa04f23-1453-4166-abdb-75a4e16c9224,active
mk2113,mk2113,698933647,A_UPDATE_REPLACE_OLD_ID,69d7d59f-f3fc-4bbe-ada5-ff8d729daec3,active
mk1791,mk1791,698933648,A_UPDATE_REPLACE_OLD_ID,064ae640-077c-4cce-bafa-726e1e8b1971,active
mk1050,mk1050,698933649,A_UPDATE_REPLACE_OLD_ID,1821bcaa-3f5f-4363-8bb5-f63e42bfc694,active
mk1360,691300578,698933650,A_UPDATE_REPLACE_OLD_ID,9680553c-56fb-4329-809f-71650096b0c6,active
mk1653,mk1653,698933651,A_UPDATE_REPLACE_OLD_ID,61131c40-7f87-46eb-8ad0-dc4f67bb2210,active
mk1809,691301092,698933652,A_UPDATE_REPLACE_OLD_ID,05fa8352-a708-4dc5-baca-f232f3e3bad0,active
mk1201,mk1201,698933653,A_UPDATE_REPLACE_OLD_ID,3aa75e6f-726b-4de1-902d-fcad28768577,active
mk1752,mk1752,698933654,A_UPDATE_REPLACE_OLD_ID,026414a3-c2b0-42fe-b1eb-b4fff625d754,active
mk1648,691300543,698933655,A_UPDATE_REPLACE_OLD_ID,3f064d16-246d-4dee-b307-62395a689ba5,active
mk1659,mk1659,698933656,A_UPDATE_REPLACE_OLD_ID,2575524e-6c36-4eb7-944c-01dad17a3623,active
mk1171,mk1171,698933657,A_UPDATE_REPLACE_OLD_ID,c2ce55e8-0fd3-4146-87fb-b84efba2e752,active
mk1080,693723520,698933658,A_UPDATE_REPLACE_OLD_ID,cdaa57cb-225d-4472-a744-d1e2db7ce706,active
mk2027,mk2027,698933659,A_UPDATE_REPLACE_OLD_ID,42257a5f-c38e-48bc-bb5b-54380d85d271,active
mk1996,mk1996,698933660,A_UPDATE_REPLACE_OLD_ID,672e62c0-81e8-4529-be26-f6a7c25c12d4,active
mk1474,691300652,698933661,A_UPDATE_REPLACE_OLD_ID,5282f36e-1a5f-4e89-829c-76a93369abef,active
mk1478,mk1478,698933662,A_UPDATE_REPLACE_OLD_ID,af2388ee-cb3b-404a-a210-bae843f53c02,active
mk1269,mk1269,698933663,A_UPDATE_REPLACE_OLD_ID,21dca44c-36ca-4a09-bc1d-3c3d0f1fb749,active
mk1022,694243444,698933664,A_UPDATE_REPLACE_OLD_ID,376755c9-9328-4c22-995c-8900078688b4,active
mk2029,mk2029,698933665,A_UPDATE_REPLACE_OLD_ID,3f8aa347-5326-4e73-a127-2069cc419060,active
mk942,mk942,698933666,A_UPDATE_REPLACE_OLD_ID,df43b42c-ea51-4e73-81f8-c28686aa4e11,active
mk2310,,698933667,C_INSERT_NO_EXISTING_ROW,,
mk1572,mk1572,698933668,A_UPDATE_REPLACE_OLD_ID,38bbb0c4-c98b-4767-a97d-df387563fea7,active
mk1600,mk1600,698933669,A_UPDATE_REPLACE_OLD_ID,c129b271-f38c-4a14-a5a5-821fc035bfce,active
mk1709,mk1709,698933670,A_UPDATE_REPLACE_OLD_ID,f65a5128-cdd1-4758-988d-4660979a49af,active
mk1688,691300607,698933671,A_UPDATE_REPLACE_OLD_ID,5bc63db8-f537-4866-ba37-15f54736910e,active
mk1181,mk1181,698933672,A_UPDATE_REPLACE_OLD_ID,1275c7ab-4a17-448e-89ee-e2b7f705c89c,active
mk2111,mk2111,698933674,A_UPDATE_REPLACE_OLD_ID,e5a03606-3584-480f-8a5a-8dd10c8b92cc,active
mk1240,mk1240,698933675,A_UPDATE_REPLACE_OLD_ID,6d075076-b1e6-43be-ad8f-a51fe9dfc060,active
mk1810,mk1810,698933676,A_UPDATE_REPLACE_OLD_ID,093b6e43-165e-4ad6-b123-b603c070b1b3,active
mk1274,mk1274,698933677,A_UPDATE_REPLACE_OLD_ID,61bf99cc-d8c6-42b3-8524-73edd7a10b71,active
mk1775,mk1775,698933678,A_UPDATE_REPLACE_OLD_ID,89f466f6-a6c9-436e-9ddc-279b88a7e9df,active
mk1853,mk1853,698933679,A_UPDATE_REPLACE_OLD_ID,c5e13316-9563-4158-bb4d-68a4893fd9bc,active
mk1168,mk1168,698933680,A_UPDATE_REPLACE_OLD_ID,8b8da3f9-a0cb-4fed-93ee-efcdc5d1f471,active
mk1403,691301097,698933681,A_UPDATE_REPLACE_OLD_ID,1c7e0e2e-6057-4ed1-aed5-9f248b14561c,active
mk1980,691300806,698933683,A_UPDATE_REPLACE_OLD_ID,4efa2c79-6151-4246-b9a8-c4931c2b3754,active
mk1617,mk1617,698933684,A_UPDATE_REPLACE_OLD_ID,41e55d96-4265-43f0-ba44-b522b624b479,active
mk1250,mk1250,698933685,A_UPDATE_REPLACE_OLD_ID,825ddd21-af7d-43e3-8204-4b0693410406,active
mk1279,mk1279,698933686,A_UPDATE_REPLACE_OLD_ID,bab0d67e-be82-497f-957e-d607d14a7c96,active
mk2049,mk2049,698933687,A_UPDATE_REPLACE_OLD_ID,17eaa6b6-1716-40d2-a720-6f7e428ab4f9,active
mk1000,mk1000,698933690,A_UPDATE_REPLACE_OLD_ID,4df052e5-0ca4-4511-9550-895c03bcbd09,active
mk1165,mk1165,698933692,A_UPDATE_REPLACE_OLD_ID,531b490b-1a64-48e9-b869-40d281d9b573,active
mk2162,mk2162,698933693,A_UPDATE_REPLACE_OLD_ID,42143643-25ad-4033-a30f-6dd83cbdc7ab,active
mk1093,mk1093,698933694,A_UPDATE_REPLACE_OLD_ID,9370f507-ddeb-4088-9571-36031e95a318,active
mk1651,mk1651,698933696,A_UPDATE_REPLACE_OLD_ID,be7c4304-e192-4479-b752-4d29dae0b9cb,active
mk1721,mk1721,698933697,A_UPDATE_REPLACE_OLD_ID,913fe516-ade2-4b29-9e7a-3ee1de627d9b,active
mk1682,mk1682,698933698,A_UPDATE_REPLACE_OLD_ID,ff36e9fd-201d-4728-903a-e5311fb89f74,active
mk1359,mk1359,698933699,A_UPDATE_REPLACE_OLD_ID,0bd2a42c-a34c-4e0a-aff0-be03aeca9e02,active
mk1908,mk1908,698933700,A_UPDATE_REPLACE_OLD_ID,58c85834-41be-4c51-84be-587f558ed065,active
mk1228,692810444,698933701,A_UPDATE_REPLACE_OLD_ID,b94ef44c-956a-4094-b129-1548c53e388a,active
mk1040,694188090,698933702,A_UPDATE_REPLACE_OLD_ID,d19ed8f1-4d01-48b8-bf02-b990d1408a2f,active
mk1255,mk1255,698933703,A_UPDATE_REPLACE_OLD_ID,1155d9e3-91e7-43c8-9080-4614e2f2d870,active
mk1914,691300428,698933704,A_UPDATE_REPLACE_OLD_ID,45ba2d6d-13fb-4c06-bfe3-f39ee127a5c7,active
mk1620,691300550,698933705,A_UPDATE_REPLACE_OLD_ID,00cccd54-da72-48b8-9cd2-07241680a4f8,active
mk1878,691300473,698933706,A_UPDATE_REPLACE_OLD_ID,de9e533c-b6ff-4ba3-9b4a-13b20ca8ac04,active
mk985,694795408,698933707,A_UPDATE_REPLACE_OLD_ID,3e5a7ca4-e29f-474f-b3df-d5020aa4933c,active
mk2160,mk2160,698933708,A_UPDATE_REPLACE_OLD_ID,339cb466-a820-43d5-93c3-c744b221e4ce,active
mk1092,mk1092,698933709,A_UPDATE_REPLACE_OLD_ID,5aceadd8-ec6d-4313-ae30-4641a15c945d,active
mk2226,mk2226,698933710,A_UPDATE_REPLACE_OLD_ID,4ab606e5-1b57-4d04-8a8f-1b9ae0485755,active
mk2297,,698933711,C_INSERT_NO_EXISTING_ROW,,
mk1281,mk1281,698933713,A_UPDATE_REPLACE_OLD_ID,595b3250-567c-41b7-8a7e-9a4034ff9728,active
mk1353,691300617,698933714,A_UPDATE_REPLACE_OLD_ID,c27ed333-1496-4bab-a2f5-2ff34e326bfa,active
mk2181,mk2181,698933715,A_UPDATE_REPLACE_OLD_ID,7d69b360-cb2f-4543-910b-41764953eaf8,active
mk1734,691300519,698933717,A_UPDATE_REPLACE_OLD_ID,40fca36a-dac5-4606-959b-af9fad521665,active
mk1900,691300419,698933720,A_UPDATE_REPLACE_OLD_ID,34271169-2444-4caf-b5f4-cc55a839fede,active
mk1903,691300467,698933721,A_UPDATE_REPLACE_OLD_ID,d93ad516-ed44-49b3-9350-31fa0ae38d77,active
mk1232,mk1232,698933722,A_UPDATE_REPLACE_OLD_ID,fe37a3dd-6fbd-46f6-b1f0-81bcc58281c9,active
mk863,695343055,698933723,A_UPDATE_REPLACE_OLD_ID,7586562b-019a-4623-b566-6722ebae3802,active
mk1758,691300509,698933724,A_UPDATE_REPLACE_OLD_ID,5fd2af9d-f632-4169-8d64-f0ada50b7cf9,active
mk2077,mk2077,698933727,A_UPDATE_REPLACE_OLD_ID,660de6cf-b9ef-4c00-ba49-a61fb4423019,active
mk1662,691300599,698933728,A_UPDATE_REPLACE_OLD_ID,733b0986-28b1-4e11-a5c4-259c8a0da0dd,active
mk1005,694243527,698933729,A_UPDATE_REPLACE_OLD_ID,bcd2cd34-abe0-4a19-8178-01f0b77c4cdb,active
mk1141,693723132,698933730,A_UPDATE_REPLACE_OLD_ID,7d09e5cc-4a15-43b7-b8f5-ba8a62638e8b,active
mk1508,691300563,698933732,A_UPDATE_REPLACE_OLD_ID,0fb9990e-4ae5-4ed3-bffb-19fe7bb4e186,active
mk1759,691300508,698933733,A_UPDATE_REPLACE_OLD_ID,14a63231-c907-4ae8-af7b-d9fb41f045de,active
mk1242,mk1242,698933734,A_UPDATE_REPLACE_OLD_ID,7965d1b1-551c-4b4e-adf4-cc2cb69d1e15,active
mk1650,mk1650,698933735,A_UPDATE_REPLACE_OLD_ID,4244dee1-9466-4497-806a-53de670e933d,active
mk1280,mk1280,698933736,A_UPDATE_REPLACE_OLD_ID,5f86c7d5-8799-4931-a426-e1e3b11d96a9,active
mk2042,mk2042,698933738,A_UPDATE_REPLACE_OLD_ID,ec2984dd-4b2d-421b-abd5-9a29b1e2b33a,active
mk1206,mk1206,698933739,A_UPDATE_REPLACE_OLD_ID,86831d27-76d3-4ce3-9fef-21a947c2df2f,active
mk1251,mk1251,698933740,A_UPDATE_REPLACE_OLD_ID,1135171f-4ae2-4a21-96c2-c8002df42c74,active
mk1507,691300565,698933741,A_UPDATE_REPLACE_OLD_ID,e714f90b-a652-4c26-a2b6-b91d80014438,active
mk2244,,698933742,C_INSERT_NO_EXISTING_ROW,,
mk1866,mk1866,698933743,A_UPDATE_REPLACE_OLD_ID,610011c8-c8e1-4e97-b60b-17f01c1dcba2,active
mk938,mk938,698933744,A_UPDATE_REPLACE_OLD_ID,5b3c5376-30a5-4430-8114-6334c2712710,active
mk1226,692810450,698933745,A_UPDATE_REPLACE_OLD_ID,87e5c71b-572d-4388-a442-d23e3f048212,active
mk1898,691300470,698933746,A_UPDATE_REPLACE_OLD_ID,ce7a982e-4b8b-453f-8989-f5d8b934f89e,active
mk1702,mk1702,698933747,A_UPDATE_REPLACE_OLD_ID,50acf8c6-013a-4613-8d04-1bd442b293f6,active
mk1720,mk1720,698933749,A_UPDATE_REPLACE_OLD_ID,55611c77-a7e1-444c-a9c2-7b4bc4b0ac89,active
mk2069,mk2069,698933750,A_UPDATE_REPLACE_OLD_ID,a1462531-9b95-47f8-b92a-bcd9d1654f6a,active
mk1174,mk1174,698933751,A_UPDATE_REPLACE_OLD_ID,029811e6-e80a-414b-9ece-0a671adb21a9,active
mk1212,mk1212,698933752,A_UPDATE_REPLACE_OLD_ID,a0d74857-dc3a-47e5-97dc-f931fa5d2e04,active
mk1048,mk1048,698933753,A_UPDATE_REPLACE_OLD_ID,e3976ac5-6211-4ac0-be12-ec182a79fa81,active
mk1656,mk1656,698933754,A_UPDATE_REPLACE_OLD_ID,543c16ef-4f43-448c-bde3-5e820c2969b6,active
mk2145,mk2145,698933755,A_UPDATE_REPLACE_OLD_ID,a82604d2-fd0e-4d3a-b646-48c1454821d0,active
mk1677,mk1677,698933757,A_UPDATE_REPLACE_OLD_ID,6759c229-9f0d-43e5-b43e-badbd425ee44,active
mk2043,mk2043,698933758,A_UPDATE_REPLACE_OLD_ID,35205545-3c87-4c66-93f5-c2b7c6917957,active
mk1654,mk1654,698933759,A_UPDATE_REPLACE_OLD_ID,b06edb4b-ea61-499b-910d-d1db327a0412,active
mk1256,mk1256,698933760,A_UPDATE_REPLACE_OLD_ID,05f3e47d-fb5c-43b5-9a8f-4488f7dacc5a,active
mk1575,mk1575,698933761,A_UPDATE_REPLACE_OLD_ID,d580ae75-363a-4d81-9335-4e1a024c83b5,active
mk1687,mk1687,698933762,A_UPDATE_REPLACE_OLD_ID,2a2be10a-3919-47cc-b6f0-c102914f1f9c,active
mk1623,691300546,698933763,A_UPDATE_REPLACE_OLD_ID,41a81bb7-d13e-4dee-838b-899766dd452a,active
mk1472,mk1472,698933764,A_UPDATE_REPLACE_OLD_ID,1f224b2a-faf2-4b35-8e7e-6ac202a48c1b,active
mk1189,mk1189,698933765,A_UPDATE_REPLACE_OLD_ID,98f4fa24-236f-4087-8d4f-6e1ea637a288,active
mk1180,mk1180,698933766,A_UPDATE_REPLACE_OLD_ID,e73840e2-8eaa-413f-a0e7-9ca3c6796c11,active
mk1302,691569195,698933768,A_UPDATE_REPLACE_OLD_ID,0866a1f1-6747-4684-9842-a8a2333b042c,active
mk2293,,698933769,C_INSERT_NO_EXISTING_ROW,,
mk1955,mk1955,698933770,A_UPDATE_REPLACE_OLD_ID,e5d30a8d-e570-4f8e-939c-50c85bb474c4,active
mk899,695342531,698933771,A_UPDATE_REPLACE_OLD_ID,3bba2f3f-0bc3-4fda-a4a8-80983ddb8023,active
mk1754,691300511,698933772,A_UPDATE_REPLACE_OLD_ID,397fc904-10e2-4284-975a-bcb452eff78b,active
mk1655,mk1655,698933773,A_UPDATE_REPLACE_OLD_ID,c76decd0-f848-4053-bd2e-c30be8b5293d,active
mk1815,691300495,698933774,A_UPDATE_REPLACE_OLD_ID,2e1d00e1-b80d-4dcf-9180-027d0eba42b4,active
mk1802,mk1802,698933776,A_UPDATE_REPLACE_OLD_ID,3a2803e5-5b57-44d9-bf7e-ae600f83305b,active
mk1225,691300536,698933777,A_UPDATE_REPLACE_OLD_ID,c53467ad-8782-4c44-a034-eb6fb388b75c,active
mk1625,691300545,698933781,A_UPDATE_REPLACE_OLD_ID,c7d8dafc-e14d-4631-a722-bc58711ae3a0,active
mk1177,mk1177,698933782,A_UPDATE_REPLACE_OLD_ID,eda1f47a-8f39-427c-9aa4-1968e96c9828,active
mk1977,mk1977,698933784,A_UPDATE_REPLACE_OLD_ID,c44f0c09-4768-4504-8da9-3e0103958d80,active
mk1956,691300452,698933785,A_UPDATE_REPLACE_OLD_ID,e2b214da-92df-4af0-a3e0-2078164c4da8,active
mk1166,mk1166,698933787,A_UPDATE_REPLACE_OLD_ID,d5fb1c6c-310f-4b8e-be26-6fb255c03880,active
mk2243,,698933788,C_INSERT_NO_EXISTING_ROW,,
mk1762,mk1762,698933789,A_UPDATE_REPLACE_OLD_ID,0eae7427-c0fe-440d-a59d-f3b3715f9797,active
mk1506,691300564,698933790,A_UPDATE_REPLACE_OLD_ID,9751736e-ca28-42e4-8c1f-cfd78aa742f2,active
mk1649,mk1649,698933791,A_UPDATE_REPLACE_OLD_ID,aa4253ef-1a93-415e-9612-829449d1fc25,active
mk1811,691300496,698933792,A_UPDATE_REPLACE_OLD_ID,c4029cfe-de49-432b-85b3-f3fabf1d3bfc,active
mk1986,mk1986,698933793,A_UPDATE_REPLACE_OLD_ID,da0626d4-7bbf-4fee-9612-e77a4f9921d0,active
mk2021,mk2021,698933794,A_UPDATE_REPLACE_OLD_ID,a23521a9-7cf4-463c-b9ad-9dfd6db3d9a6,active
mk1216,mk1216,698933795,A_UPDATE_REPLACE_OLD_ID,3e6ab6fc-0f14-41f8-af63-7738e645d692,active
mk1928,691300462,698933796,A_UPDATE_REPLACE_OLD_ID,a38a5155-1010-438b-8366-5fa0e1fe4a17,active
mk904,694928312,698933797,A_UPDATE_REPLACE_OLD_ID,ba3f0b19-9595-4f9a-ba9e-770913a74e2e,active
mk2207,mk2207,698933798,A_UPDATE_REPLACE_OLD_ID,5342de8f-4c09-4e08-8c6f-0bb9220cb4c4,active
mk1176,mk1176,698933799,A_UPDATE_REPLACE_OLD_ID,5b329a15-d3d3-4a24-822b-bd9b389761a1,active
mk1178,mk1178,698933800,A_UPDATE_REPLACE_OLD_ID,61155912-baa2-40b3-a19d-fabda2dff281,active
mk1581,mk1581,698933801,A_UPDATE_REPLACE_OLD_ID,549ac3cf-884b-407f-a9b4-a435c9acdbf8,active
mk1597,mk1597,698933802,A_UPDATE_REPLACE_OLD_ID,14aa81f7-0b4a-4466-8fe0-de899aef0e8e,active
mk1708,mk1708,698933803,A_UPDATE_REPLACE_OLD_ID,3406b596-d7d1-4314-a88f-026489b22dae,active
mk1660,mk1660,698933804,A_UPDATE_REPLACE_OLD_ID,dbf0ecf2-d3da-427f-bdc0-e0919e9bc731,active
mk1321,691441886,698933805,A_UPDATE_REPLACE_OLD_ID,235390ee-390e-476d-b127-6c4f23d24678,active
mk853,695343077,698933806,A_UPDATE_REPLACE_OLD_ID,9c054e00-11a7-4e2c-95bb-f68439dfe936,active
mk1854,mk1854,698933807,A_UPDATE_REPLACE_OLD_ID,f712f66d-04d3-45e7-a776-aa2e64f61ca0,active
mk1717,mk1717,698933808,A_UPDATE_REPLACE_OLD_ID,60677918-413d-4b60-94d4-66b07ad051a7,active
mk2078,mk2078,698933809,A_UPDATE_REPLACE_OLD_ID,a8297d97-1551-4d15-bfcb-757a8321eb57,active
mk1509,691300562,698933810,A_UPDATE_REPLACE_OLD_ID,77235310-3f34-4fb8-bc7c-3d0f341b6265,active
mk932,mk932,698933811,A_UPDATE_REPLACE_OLD_ID,a36b4afa-8fbd-487f-8c43-ed535daa6aaf,active
mk1170,mk1170,698933812,A_UPDATE_REPLACE_OLD_ID,1f91fbe3-5c2c-4cad-b869-0309a43411da,active
mk1685,691300663,698933814,A_UPDATE_REPLACE_OLD_ID,4449be42-6e08-40dd-826f-8ddbefca2d9c,active
mk2166,mk2166,698933815,A_UPDATE_REPLACE_OLD_ID,90deeb8f-3e52-48e0-92a9-60fa8908f605,active
mk1105,693723248,698933816,A_UPDATE_REPLACE_OLD_ID,009c80e5-4415-49b1-a82e-2146889f18e9,active
mk1437,691300659,698933817,A_UPDATE_REPLACE_OLD_ID,435002bb-5932-428e-bd17-967d47c86c55,active
mk1691,691300934,698933818,A_UPDATE_REPLACE_OLD_ID,6e2f4ca1-9d6d-4109-b5f4-720f0de87944,active
mk2195,mk2195,698933819,A_UPDATE_REPLACE_OLD_ID,279735d3-64f5-4112-a2d9-9f43c6b5c265,active
mk1712,691300644,698933820,A_UPDATE_REPLACE_OLD_ID,c5b285a9-6aae-41d4-9fa7-f5363cb94712,active
mk1686,691300664,698933821,A_UPDATE_REPLACE_OLD_ID,ca31c997-73f2-402c-9652-b549b6039000,active
mk2277,,698933822,C_INSERT_NO_EXISTING_ROW,,
mk2107,mk2107,698933823,A_UPDATE_REPLACE_OLD_ID,584649db-2fc3-4a42-9e0c-0635a82677c1,active
mk1786,691300636,698933824,A_UPDATE_REPLACE_OLD_ID,8bcc5280-0414-478c-803f-2c0c8cffb513,active
mk1473,691300653,698933825,A_UPDATE_REPLACE_OLD_ID,cbb179e2-2098-4f04-b79a-c4b728740433,active
mk1959,691300813,698933826,A_UPDATE_REPLACE_OLD_ID,ee64bf21-b5ef-4607-a726-ce7707c4bbb3,active
mk1395,691300655,698933827,A_UPDATE_REPLACE_OLD_ID,4d5708d3-8a8a-4b6a-b529-a6504bf9b582,active
mk1994,691300625,698933828,A_UPDATE_REPLACE_OLD_ID,3e488b92-6eb3-42c2-81a4-a63a6bcd3bdf,active
mk2260,,698933829,C_INSERT_NO_EXISTING_ROW,,
mk1556,mk1556,698933830,A_UPDATE_REPLACE_OLD_ID,0e0bf24d-deb9-4105-b54b-543ce95f4df0,active
mk1383,691301095,698933831,A_UPDATE_REPLACE_OLD_ID,290e0540-e38e-44b1-9399-e6b64cc070a1,active
mk1619,691300645,698933832,A_UPDATE_REPLACE_OLD_ID,eb530570-caca-478a-9997-50ea3632564e,active
mk1096,693723254,698933833,A_UPDATE_REPLACE_OLD_ID,2bd75f22-5d00-4a46-909b-b83e98dea5d3,active
mk1029,694188101,698933835,A_UPDATE_REPLACE_OLD_ID,54d6cdd1-f698-4270-aeab-989b1c0aeded,active
mk2179,mk2179,698933836,A_UPDATE_REPLACE_OLD_ID,eb900d46-b967-4966-a8d2-ed5f6b981983,active
mk1021,694243445,698933837,A_UPDATE_REPLACE_OLD_ID,03053d96-1d80-4380-961d-2310b1c94f36,active
mk926,mk926,698933838,A_UPDATE_REPLACE_OLD_ID,997842f3-4042-4589-a0b5-b0b1017a3743,active
mk859,695343070,698933839,A_UPDATE_REPLACE_OLD_ID,b72c2041-bdb8-437f-81f5-071f2e39b049,active
mk1540,691300964,698933840,A_UPDATE_REPLACE_OLD_ID,7010007d-210f-462d-a125-59604a292b75,active
mk1348,691300667,698933841,A_UPDATE_REPLACE_OLD_ID,e460e604-797e-4b27-bef6-d7d1da2ffa43,active
mk2180,mk2180,698933842,A_UPDATE_REPLACE_OLD_ID,c8ce9c50-ceb9-453c-a89a-463b2fe20d51,active
mk999,694795319,698933843,A_UPDATE_REPLACE_OLD_ID,a8309084-9331-4358-8a9f-71b47d82de74,active
mk1103,mk1103,698933844,A_UPDATE_REPLACE_OLD_ID,d778024f-3240-48f7-8f99-e773c927fa69,active
mk1494,691300651,698933845,A_UPDATE_REPLACE_OLD_ID,bd966de4-139c-4e3b-b177-ee3db4ab7e3a,active
mk1982,691300622,698933846,A_UPDATE_REPLACE_OLD_ID,4a198226-6d4a-47a2-a7e7-49dbb87ebf33,active
mk1282,mk1282,698933847,A_UPDATE_REPLACE_OLD_ID,ea45aa7b-f65b-400f-9893-457089425881,active
mk1983,mk1983,698933848,A_UPDATE_REPLACE_OLD_ID,328ed58d-2264-4513-9e1b-cbeee217dfbf,active
mk2010,mk2010,698933849,A_UPDATE_REPLACE_OLD_ID,9498ca06-73de-4928-aa88-cf8aab6b813f,active
mk1732,691300640,698933850,A_UPDATE_REPLACE_OLD_ID,fc6e1e69-c3d4-4c4d-9f0c-fd9c4e5a5656,active
mk1019,694243518,698933851,A_UPDATE_REPLACE_OLD_ID,dff5e1cb-ae9b-4318-86fe-23513875149e,active
mk1017,694243447,698933852,A_UPDATE_REPLACE_OLD_ID,154a7721-fb5a-40e7-9b99-4aca30fc5afb,active
mk2171,mk2171,698933853,A_UPDATE_REPLACE_OLD_ID,e8929edb-dbce-4a80-a128-ac3169eb88fb,active
mk2009,mk2009,698933854,A_UPDATE_REPLACE_OLD_ID,0e317933-1f40-4ed2-b929-88b486fcd46e,active
mk2338,,698933856,C_INSERT_NO_EXISTING_ROW,,
mk1072,mk1072,698933857,A_UPDATE_REPLACE_OLD_ID,d45cd0d9-5777-49cd-b4b0-640d71fd8735,active
mk1018,694243446,698933858,A_UPDATE_REPLACE_OLD_ID,bc847aee-1d71-4722-bda4-018dd0fdcb11,active
mk2208,mk2208,698933859,A_UPDATE_REPLACE_OLD_ID,201a8a0d-386d-477a-8949-10cb0636999f,active
mk1398,691300898,698933860,A_UPDATE_REPLACE_OLD_ID,6c1044ac-63ac-4598-a825-b4106bfde460,active
mk1960,691300812,698933861,A_UPDATE_REPLACE_OLD_ID,761f6eed-5b91-413a-9c58-67fd78316be1,active
mk1904,691300620,698933862,A_UPDATE_REPLACE_OLD_ID,1448d341-2585-4c7c-8ec8-a79ebc581e4a,active
mk1486,691300660,698933863,A_UPDATE_REPLACE_OLD_ID,d0e34c15-cab1-48c4-b79a-829b64a52a6a,active
mk2212,mk2212,698933864,A_UPDATE_REPLACE_OLD_ID,40d6c1c3-9442-47d9-8e25-694466be1976,active
mk1071,mk1071,698933865,A_UPDATE_REPLACE_OLD_ID,4acc18e4-52ca-4e73-b928-1baaa93bcce7,active
mk2015,mk2015,698933866,A_UPDATE_REPLACE_OLD_ID,524f04c1-6e51-46d3-9872-82aa697bf5bd,active
mk1920,691300629,698933867,A_UPDATE_REPLACE_OLD_ID,17772b7d-9f81-47f3-848f-4993c1b3b814,active
mk2068,mk2068,698933868,A_UPDATE_REPLACE_OLD_ID,528f9298-c048-4726-ac30-bdb21132bc0e,active
mk1081,693723290,698933869,A_UPDATE_REPLACE_OLD_ID,8222cb4b-cbbe-45f6-870a-d4f99b5d5ba0,active
mk2038,mk2038,698933870,A_UPDATE_REPLACE_OLD_ID,427923ba-f65f-49d0-a315-9bddbb43d49a,active
mk2117,mk2117,698933871,A_UPDATE_REPLACE_OLD_ID,60fde2be-f1cd-41dd-98f9-49de09171623,active
mk1750,691300638,698933872,A_UPDATE_REPLACE_OLD_ID,0c7d5aa8-9c13-4c5a-bd72-5f1b7e0bfa48,active
mk1565,691300646,698933873,A_UPDATE_REPLACE_OLD_ID,2e77a248-2535-4252-a2ff-024f3e21297f,active
mk1566,691300648,698933874,A_UPDATE_REPLACE_OLD_ID,37340fc4-d287-4588-b16e-83975aff11d3,active
mk2072,mk2072,698933875,A_UPDATE_REPLACE_OLD_ID,17c3e304-723a-4514-90c7-fb950e0639da,active
mk1350,691300665,698933876,A_UPDATE_REPLACE_OLD_ID,71461217-5547-466e-befc-aeca77a94e1b,active
mk1934,mk1934,698933878,A_UPDATE_REPLACE_OLD_ID,13d16c2b-c10a-45ba-8e6e-4b85a09029dc,active
mk1839,mk1839,698933879,A_UPDATE_REPLACE_OLD_ID,9aaa5d55-600b-4004-9b58-8f38c111565c,active
mk1480,691300920,698933880,A_UPDATE_REPLACE_OLD_ID,6b3d955d-61a4-4832-806f-81c22d086c98,active
mk2253,,698933881,C_INSERT_NO_EXISTING_ROW,,
mk1150,mk1150,698933883,A_UPDATE_REPLACE_OLD_ID,675ed14c-9425-4ccc-b8bc-e8f54b0afacd,active
mk1298,691712276,698933884,A_UPDATE_REPLACE_OLD_ID,73a0b68f-fb56-47eb-b941-0a4921677981,active
mk1935,mk1935,698933886,A_UPDATE_REPLACE_OLD_ID,4b5f20d3-c4bf-4508-8009-cbe1451c251d,active
mk944,mk944,698933887,A_UPDATE_REPLACE_OLD_ID,8d2143ea-7e9c-44bf-b26f-c2bcdcfba500,active
mk2008,mk2008,698933888,A_UPDATE_REPLACE_OLD_ID,e784d1d5-d988-4cc0-896e-e8992f6506ab,active
mk2213,mk2213,698933889,A_UPDATE_REPLACE_OLD_ID,d539304b-bd88-4805-9fa5-d51804f8200a,active
mk862,695343057,698933891,A_UPDATE_REPLACE_OLD_ID,67deb8f3-f8a2-464b-9906-90ff60f53db4,active
mk1495,691300650,698933892,A_UPDATE_REPLACE_OLD_ID,dd5780cf-680b-46d1-b71f-422530d2ab57,active
mk2016,mk2016,698933893,A_UPDATE_REPLACE_OLD_ID,3d2c26f4-a9d4-4bb9-8984-cb4d071a2ffa,active
mk2311,,698933894,C_INSERT_NO_EXISTING_ROW,,
mk1919,691300797,698933895,A_UPDATE_REPLACE_OLD_ID,b79151bf-3685-4d0e-a630-f1fbcde4bebb,active
mk1737,691300639,698933896,A_UPDATE_REPLACE_OLD_ID,8b882347-d704-4297-8cd4-d1ad3222b9c4,active
mk1573,691300877,698933897,A_UPDATE_REPLACE_OLD_ID,1bb92471-7f2a-4c27-83e9-a228647084ef,active
mk2105,mk2105,698933898,A_UPDATE_REPLACE_OLD_ID,be7d1252-7f2f-445d-aab6-bfbe35c12dfb,active
mk2233,,698933899,C_INSERT_NO_EXISTING_ROW,,
mk1766,691300637,698933901,A_UPDATE_REPLACE_OLD_ID,5be21719-3542-4a0f-a2d9-828813002c25,active
mk1517,691300649,698933902,A_UPDATE_REPLACE_OLD_ID,3465a953-2df6-40b0-8321-8a2743fe0bf7,active
mk2011,mk2011,698933904,A_UPDATE_REPLACE_OLD_ID,0f33a17c-8848-4704-a01b-d7d2fe4cb1b1,active
mk2006,mk2006,698933905,A_UPDATE_REPLACE_OLD_ID,4027f1e2-d7ff-4d2f-8283-316a69207bcd,active
mk1681,691300604,698933906,A_UPDATE_REPLACE_OLD_ID,3e83bb07-c3a3-4cb4-9b83-7f61cb32eac9,active
mk2240,,698933907,C_INSERT_NO_EXISTING_ROW,,
mk1310,691569173,698933908,A_UPDATE_REPLACE_OLD_ID,15fcc649-5126-4381-9366-15a2bb57e6c7,active
mk1692,691300414,698933909,A_UPDATE_REPLACE_OLD_ID,b6b56c27-726d-460e-8f10-b95b0a49d5f7,active
mk1345,691300940,698933910,A_UPDATE_REPLACE_OLD_ID,95e300e9-c8ab-4e2d-a3ae-f6e7ac3d3a24,active
mk1311,691569130,698933911,A_UPDATE_REPLACE_OLD_ID,8ad4767c-ca78-44b0-a55d-52333aef9a07,active
mk927,mk927,698933912,A_UPDATE_REPLACE_OLD_ID,cf7740dd-4d37-4707-ac32-6cd73fadc09b,active
mk1706,691300861,698933914,A_UPDATE_REPLACE_OLD_ID,4bd33617-2c4e-4d24-b96b-0708ccb71e74,active
mk1985,mk1985,698933916,A_UPDATE_REPLACE_OLD_ID,10a4ca76-c6d1-4fc7-9419-d39356bcf757,active
mk1428,691300658,698933917,A_UPDATE_REPLACE_OLD_ID,1e0f77ab-f7e8-4b2b-b655-6eb02e3b2cf2,active
mk1964,691300626,698933918,A_UPDATE_REPLACE_OLD_ID,a86a825d-b198-4405-99a2-b0b84738d3f8,active
mk1564,691300647,698933919,A_UPDATE_REPLACE_OLD_ID,ade2c1da-8d28-45d2-a7b9-925328faa966,active
mk993,694795395,698933920,A_UPDATE_REPLACE_OLD_ID,14ea23c2-8d3b-414d-99a6-b600f6192097,active
mk2060,mk2060,698933923,A_UPDATE_REPLACE_OLD_ID,91e5e76b-b6bc-4fbb-a928-0ec888601de9,active
mk2050,mk2050,698933924,A_UPDATE_REPLACE_OLD_ID,e5e04d18-06ed-4708-9411-8e89824324fd,active
mk2028,mk2028,698933925,A_UPDATE_REPLACE_OLD_ID,0d7e11e0-16ba-4cf2-9d6e-92f641587b42,active
mk2056,mk2056,698933926,A_UPDATE_REPLACE_OLD_ID,52f8112c-5021-4a85-8326-3bee92188783,active
mk1032,694188098,698933927,A_UPDATE_REPLACE_OLD_ID,642921ef-ade7-45c3-80d4-4b57938ea741,active
mk1978,mk1978,698933928,A_UPDATE_REPLACE_OLD_ID,1046df25-bf58-46e7-8722-ec6fe82ba3cc,active
mk1303,691569194,698933929,A_UPDATE_REPLACE_OLD_ID,c2da26c5-ddde-46c6-a3f1-035e1209693b,active
mk1497,691300884,698933930,A_UPDATE_REPLACE_OLD_ID,5a3d23ef-5ecd-4fee-90c8-4ec3606405fd,active
mk1069,mk1069,698933932,A_UPDATE_REPLACE_OLD_ID,94bd84b8-2c6a-431b-8053-670067439829,active
mk2341,,698933933,C_INSERT_NO_EXISTING_ROW,,
mk2061,mk2061,698933935,A_UPDATE_REPLACE_OLD_ID,0aa5658b-8731-434b-875c-108b68ad1a09,active
mk1297,691712277,698933936,A_UPDATE_REPLACE_OLD_ID,c77679af-e963-4608-aad1-54f2da968fd3,active
mk1723,691300643,698933938,A_UPDATE_REPLACE_OLD_ID,6ce8718d-3b9b-4bb5-ab2b-7dd6799a6b9e,active
mk2070,mk2070,698933939,A_UPDATE_REPLACE_OLD_ID,69f67252-e0c8-4c21-918b-43d8269591cb,active
mk1541,691300619,698933940,A_UPDATE_REPLACE_OLD_ID,5f8c8ecd-7629-4d05-a606-b8c74cf5840f,active
mk1362,mk1362,698933941,A_UPDATE_REPLACE_OLD_ID,47718f2a-5f30-475f-b7c6-7bbdd29ffb2e,active
mk2135,mk2135,698933942,A_UPDATE_REPLACE_OLD_ID,a34fa1f1-43a6-406a-8ce9-86960ef3b02a,active
mk1085,693723285,698933943,A_UPDATE_REPLACE_OLD_ID,f41558f9-9b39-4226-b3f0-0f5378c56597,active
mk1326,mk1326,698933944,A_UPDATE_REPLACE_OLD_ID,8966cbb2-11bc-43c8-9d44-a0ec9399f365,active
mk928,mk928,698933945,A_UPDATE_REPLACE_OLD_ID,935b2641-2878-4083-9462-0f4ef1fb1679,active
mk1856,691300823,698933946,A_UPDATE_REPLACE_OLD_ID,e65c220e-09c0-4c92-a65c-5d84e4bda61a,active
mk1778,691300840,698933947,A_UPDATE_REPLACE_OLD_ID,24004cf1-6d3e-4619-9aad-6327e81786ce,active
mk2062,mk2062,698933948,A_UPDATE_REPLACE_OLD_ID,34c2958a-3c85-48c9-9943-e894fbd8ad62,active
mk2073,mk2073,698933949,A_UPDATE_REPLACE_OLD_ID,1432f0e1-4a88-436f-8988-b73ee280944f,active
mk2191,mk2191,698933950,A_UPDATE_REPLACE_OLD_ID,5273eb76-018a-4eeb-ae1d-904b68f017a2,active
mk2298,,698933951,C_INSERT_NO_EXISTING_ROW,,
mk2121,mk2121,698933952,A_UPDATE_REPLACE_OLD_ID,e68bbe2c-4517-4288-b88a-32df8837b4ee,active
mk2335,,698933953,C_INSERT_NO_EXISTING_ROW,,
mk2065,mk2065,698933954,A_UPDATE_REPLACE_OLD_ID,ad8eb792-4bd8-44d3-8904-b3cfb38c27e5,active
mk2334,,698933956,C_INSERT_NO_EXISTING_ROW,,
mk2153,mk2153,698933957,A_UPDATE_REPLACE_OLD_ID,20c9ff46-298f-42da-8567-f2460e591248,active
mk1152,mk1152,698933958,A_UPDATE_REPLACE_OLD_ID,f3a84359-3ff7-45f6-9134-2fb85719eddd,active
mk1287,691712297,698933959,A_UPDATE_REPLACE_OLD_ID,f9997ee1-7fbf-4d54-943f-9a607bcf989d,active
mk2237,,698933960,C_INSERT_NO_EXISTING_ROW,,
mk1308,691569177,698933961,A_UPDATE_REPLACE_OLD_ID,afca00bb-c2e0-4fcb-91db-c824cd6268f7,active
mk1390,691300740,698933962,A_UPDATE_REPLACE_OLD_ID,b3e36b5d-24cd-4cd1-8e33-b0e17a4e327f,active
mk1337,691441892,698933963,A_UPDATE_REPLACE_OLD_ID,ab1959d7-ef9b-46f3-b66d-47629e782737,active
mk884,695343033,698933965,A_UPDATE_REPLACE_OLD_ID,b4a291ef-75c2-47d8-abd5-27168b933aa9,active
mk2257,,698933966,C_INSERT_NO_EXISTING_ROW,,
mk1535,691300708,698933967,A_UPDATE_REPLACE_OLD_ID,82b5a499-fb7a-486d-b0d9-f34d8e947322,active
mk2124,mk2124,698933968,A_UPDATE_REPLACE_OLD_ID,dfd42efa-46d8-4cc1-b711-74df7a12271b,active
mk1860,691300684,698933969,A_UPDATE_REPLACE_OLD_ID,4da9f840-6d7f-4c75-8e9c-95ec4d081340,active
mk1621,691300700,698933970,A_UPDATE_REPLACE_OLD_ID,a2cdf128-7f65-4b3f-888a-dc85f80b68fd,active
mk1313,mk1313,698933971,A_UPDATE_REPLACE_OLD_ID,52e9f038-69db-47f5-998d-ff1d0a2237f6,active
mk1265,mk1265,698933972,A_UPDATE_REPLACE_OLD_ID,d38c9572-8633-4613-843a-74ce6f420888,active
mk1410,691300745,698933973,A_UPDATE_REPLACE_OLD_ID,6849944d-e7b5-42e4-8040-0d51d40111c0,active
mk874,695343043,698933974,A_UPDATE_REPLACE_OLD_ID,4fd84cee-8d29-43f6-bd0c-1d1c7b1793d2,active
mk891,695343026,698933975,A_UPDATE_REPLACE_OLD_ID,10c961b4-16b9-4cd6-9bc0-1607e71d3382,active
mk2255,,698933976,C_INSERT_NO_EXISTING_ROW,,
mk2004,mk2004,698933978,A_UPDATE_REPLACE_OLD_ID,3ad69bae-9137-4bb7-9cfe-bf1836f8c343,active
mk2342,,698933979,C_INSERT_NO_EXISTING_ROW,,
mk1442,691300758,698933981,A_UPDATE_REPLACE_OLD_ID,d0016c2d-6647-4fe2-9e6d-18f6596c6244,active
mk2330,,698933982,C_INSERT_NO_EXISTING_ROW,,
mk2211,mk2211,698933984,A_UPDATE_REPLACE_OLD_ID,3582c484-1734-438a-8b5f-257d171a6511,active
mk2316,,698933985,C_INSERT_NO_EXISTING_ROW,,
mk1924,691300673,698933986,A_UPDATE_REPLACE_OLD_ID,71c22068-96cf-4b0e-80c5-10b0f65667be,active
mk1319,mk1319,698933987,A_UPDATE_REPLACE_OLD_ID,b97a5473-4106-484a-9b9d-7b1897283205,active
mk895,695343022,698933988,A_UPDATE_REPLACE_OLD_ID,6e563747-84e5-4d86-a1dd-2eda629e9c33,active
mk1501,691300717,698933989,A_UPDATE_REPLACE_OLD_ID,b0573099-2092-4fb6-8993-9bb3c6337816,active
mk1083,693723288,698933990,A_UPDATE_REPLACE_OLD_ID,801a52b9-6bf9-4dca-bbb5-f3dcae0d4565,active
mk1697,691300698,698933991,A_UPDATE_REPLACE_OLD_ID,e99c5484-6c51-44b2-9c4a-dd1cbbf03689,active
mk1091,mk1091,698933992,A_UPDATE_REPLACE_OLD_ID,75f241e2-51a5-4986-b8fa-c2aa90406561,active
mk1448,691300760,698933993,A_UPDATE_REPLACE_OLD_ID,13a46ad8-f602-4826-b6bc-12c156dcc040,active
mk1432,691300755,698933994,A_UPDATE_REPLACE_OLD_ID,242d3ec3-32fd-4658-af62-c62626ccd3f3,active
mk1842,691300687,698933995,A_UPDATE_REPLACE_OLD_ID,da89093a-3b76-4db1-ae9e-98949089374b,active
mk1318,mk1318,698933996,A_UPDATE_REPLACE_OLD_ID,9f0c8f27-b1ba-4804-87b5-8b01aba6d3a9,active
mk2125,mk2125,698933997,A_UPDATE_REPLACE_OLD_ID,32f45dbe-f05f-401d-b72e-6cecf819550a,active
mk1499,691300719,698933998,A_UPDATE_REPLACE_OLD_ID,9dcdd668-6b18-46c6-9e40-eb679333c661,active
mk2055,mk2055,698933999,A_UPDATE_REPLACE_OLD_ID,c96ca0af-6359-42c1-b188-20c4d4d5f88c,active
mk1973,691300677,698934005,A_UPDATE_REPLACE_OLD_ID,b2744898-d14c-48ee-9a07-7e632fc962fd,active
mk1975,691300675,698934006,A_UPDATE_REPLACE_OLD_ID,e4e18637-9ede-4d75-a141-d99111f085db,active
mk1974,691300676,698934007,A_UPDATE_REPLACE_OLD_ID,5939c71a-e8ed-4b9d-aa43-67aa6511135e,active
mk1154,mk1154,698934008,A_UPDATE_REPLACE_OLD_ID,54a1e54d-1dbd-48cb-9120-a541e3fc505d,active
mk2302,,698934009,C_INSERT_NO_EXISTING_ROW,,
mk1262,692376723,698934010,A_UPDATE_REPLACE_OLD_ID,28565368-2222-4831-8ba3-1dd2a3bc6da1,active
mk2165,mk2165,698934011,A_UPDATE_REPLACE_OLD_ID,2aa45e92-41a3-4522-b1d2-032f2ddf2f78,active
mk2126,mk2126,698934012,A_UPDATE_REPLACE_OLD_ID,ac4deaa4-4fa3-4144-b9f6-84378179ec35,active
mk2152,mk2152,698934013,A_UPDATE_REPLACE_OLD_ID,a6ab260e-6c93-46b4-842c-a5803a64b977,active
mk1379,691300732,698934014,A_UPDATE_REPLACE_OLD_ID,9768d3aa-0861-41da-a291-e4b7e7004709,active
mk2140,mk2140,698934015,A_UPDATE_REPLACE_OLD_ID,c7d20ce8-efb1-4c2e-8f68-4e98a644ee38,active
mk2328,,698934016,C_INSERT_NO_EXISTING_ROW,,
mk1377,691300730,698934017,A_UPDATE_REPLACE_OLD_ID,d6a449b9-2317-466d-9c37-c16bebe9b12a,active
mk2326,,698934018,C_INSERT_NO_EXISTING_ROW,,
mk2337,,698934019,C_INSERT_NO_EXISTING_ROW,,
mk1827,691300691,698934020,A_UPDATE_REPLACE_OLD_ID,28bff600-2f5d-4ef7-8fdf-94db8d0ba0a5,active
mk1447,691300759,698934021,A_UPDATE_REPLACE_OLD_ID,6e9d24cb-9701-434d-9c2d-74675a4427bd,active
mk2114,mk2114,698934022,A_UPDATE_REPLACE_OLD_ID,44082136-87a0-44dd-9f74-3557f9770ed3,active
mk1532,691300712,698934023,A_UPDATE_REPLACE_OLD_ID,14115db2-69fa-4392-a170-6a20c582276e,active
mk2303,,698934024,C_INSERT_NO_EXISTING_ROW,,
mk1074,mk1074,698934026,A_UPDATE_REPLACE_OLD_ID,125ded5f-2fb7-40d2-a54c-4f48a2523fde,active
mk1380,691300733,698934027,A_UPDATE_REPLACE_OLD_ID,4cb82be5-6610-48fc-a9bf-ed29170eca0c,active
mk1009,694243523,698934028,A_UPDATE_REPLACE_OLD_ID,0f25f92b-4334-4618-aa13-7ddfcda23c41,active
mk889,695343028,698934030,A_UPDATE_REPLACE_OLD_ID,02c4cc61-c769-4af6-9fe5-e22d645dac94,active
mk1329,691441904,698934032,A_UPDATE_REPLACE_OLD_ID,e8203b5a-3fc2-4195-9aca-78c0750dc8a2,active
mk1877,691300682,698934033,A_UPDATE_REPLACE_OLD_ID,b9442cdc-73ca-444e-b838-47c351673978,active
mk2136,mk2136,698934034,A_UPDATE_REPLACE_OLD_ID,c7eabf38-c47b-4f03-b36c-fb123e004302,active
mk1272,mk1272,698934035,A_UPDATE_REPLACE_OLD_ID,80d56dc4-10ad-40d9-b187-d85b0b5b8755,active
mk1512,691300716,698934036,A_UPDATE_REPLACE_OLD_ID,95856fcd-95a1-4bd7-9b0f-efd66793c25c,active
mk1966,691300809,698934037,A_UPDATE_REPLACE_OLD_ID,d78f7d45-9533-40f2-b40b-3cffd24112ed,active
mk2123,mk2123,698934039,A_UPDATE_REPLACE_OLD_ID,f4055feb-9d5b-4abe-b8b4-e26c1011a50c,active
mk1008,694243524,698934040,A_UPDATE_REPLACE_OLD_ID,17cf79d6-6040-43e3-bbc1-9a4ef7cda6f5,active
mk2064,mk2064,698934041,A_UPDATE_REPLACE_OLD_ID,726712d2-73f7-4f82-bbc4-a55fc404af1b,active
mk1416,691300750,698934042,A_UPDATE_REPLACE_OLD_ID,4b125c7d-e9c5-4f2b-809b-f590dc7520d9,active
mk2054,mk2054,698934043,A_UPDATE_REPLACE_OLD_ID,88ebb541-f289-4904-bfd3-0e4d8ceb6e36,active
mk1531,691300713,698934044,A_UPDATE_REPLACE_OLD_ID,362ddb96-e58c-49ba-80b6-c418045086a0,active
mk1247,mk1247,698934045,A_UPDATE_REPLACE_OLD_ID,d45669e1-aeda-4a15-a3b9-ea9bcb54f1ac,active
mk1669,691300766,698934047,A_UPDATE_REPLACE_OLD_ID,ee81a567-e716-4a8e-a6d1-58a77d45b166,active
mk2131,mk2131,698934048,A_UPDATE_REPLACE_OLD_ID,01146b8f-388e-45c7-b45e-e15ee25962f7,active
mk1434,691300756,698934049,A_UPDATE_REPLACE_OLD_ID,5122bb0e-b230-4679-adc9-744ad833e7d2,active
mk1884,691300669,698934050,A_UPDATE_REPLACE_OLD_ID,5430ead0-4127-4391-846d-d5e676c6f6d3,active
mk1031,694188099,698934051,A_UPDATE_REPLACE_OLD_ID,545f009f-170b-4829-adbc-e8ed91bcb654,active
mk1320,mk1320,698934052,A_UPDATE_REPLACE_OLD_ID,897136b3-83c1-45a8-981c-06e2f033c7f4,active
mk2066,mk2066,698934054,A_UPDATE_REPLACE_OLD_ID,15e00bc2-f0c4-4e17-88ce-e5ea1ce8625c,active
mk2091,mk2091,698934055,A_UPDATE_REPLACE_OLD_ID,79b9e1a7-5507-4bbb-9581-e4486c8f8db9,active
mk2173,mk2173,698934056,A_UPDATE_REPLACE_OLD_ID,b188d212-c2c8-4901-95cb-5c4938d08413,active
mk1515,mk1515,698934057,A_UPDATE_REPLACE_OLD_ID,e406398e-4ecb-47a6-99a3-4d6276fd750b,active
mk1418,691300751,698934058,A_UPDATE_REPLACE_OLD_ID,9b9fbea6-554b-403c-a920-f6eaf4f7ddb0,active
mk1244,mk1244,698934059,A_UPDATE_REPLACE_OLD_ID,940944dc-2327-4371-b856-02b3565863f7,active
mk2063,mk2063,698934060,A_UPDATE_REPLACE_OLD_ID,08b0523f-e5cd-42b0-917e-cb7cb7f0301d,active
mk2313,,698934063,C_INSERT_NO_EXISTING_ROW,,
mk1843,mk1843,698934064,A_UPDATE_REPLACE_OLD_ID,c3971276-d96c-489e-974f-c11afc6c50b8,active
mk1289,691712289,698934065,A_UPDATE_REPLACE_OLD_ID,8ba1196f-b04b-485c-b8fa-5d5f83b75553,active
mk896,695342533,698934066,A_UPDATE_REPLACE_OLD_ID,cdb9e30e-1166-421b-987b-84d4c1d7f79b,active
mk1315,mk1315,698934068,A_UPDATE_REPLACE_OLD_ID,0c6b789d-f95a-4fde-a2fc-e9ec69acfa1b,active
mk1330,691441902,698934069,A_UPDATE_REPLACE_OLD_ID,623eb491-2ab2-42c4-9062-4bb4f5d84092,active
mk1429,691300754,698934070,A_UPDATE_REPLACE_OLD_ID,7f39f70d-4488-4b5a-b368-054f7e7a80b0,active
mk1482,691300764,698934071,A_UPDATE_REPLACE_OLD_ID,ad004edc-4a9d-492c-91af-fcf2ad6c1a82,active
mk2134,mk2134,698934072,A_UPDATE_REPLACE_OLD_ID,3b5e1acd-b37f-4f85-bc81-ac1b032623c9,active
mk1389,691300739,698934073,A_UPDATE_REPLACE_OLD_ID,a4e7ee52-5c92-45d9-9a23-5cbd0d22e800,active
mk2074,mk2074,698934075,A_UPDATE_REPLACE_OLD_ID,33f463cf-ec9a-41a5-b786-ebe2a644756c,active
mk2256,,698934076,C_INSERT_NO_EXISTING_ROW,,
mk1675,691300699,698934077,A_UPDATE_REPLACE_OLD_ID,763c9b56-c6aa-4780-a28f-d74510ee1c24,active
mk1559,691300704,698934079,A_UPDATE_REPLACE_OLD_ID,5b04baa5-7328-492d-b3b9-6507a66af9a3,active
mk1089,693723281,698934081,A_UPDATE_REPLACE_OLD_ID,67203b42-ba91-46ce-90c0-6043ba05c76b,active
mk1338,691441891,698934082,A_UPDATE_REPLACE_OLD_ID,0775ff22-f08f-4bda-8abe-48589cf8b781,active
mk1513,691300715,698934083,A_UPDATE_REPLACE_OLD_ID,9247fa90-ce81-4f81-8500-ff9a6332fc8e,active
mk1560,691300703,698934084,A_UPDATE_REPLACE_OLD_ID,552df5cb-d99e-4715-8fe1-9f8b507114ac,active
mk1094,mk1094,698934085,A_UPDATE_REPLACE_OLD_ID,1e552f69-4517-492b-9f80-faad3caea5d7,active
mk1118,693723246,698934086,A_UPDATE_REPLACE_OLD_ID,4a6c39b3-d758-45a2-968a-e70b8827eec9,active
mk1414,691300748,698934087,A_UPDATE_REPLACE_OLD_ID,3e7cce30-62e2-4c98-a703-65368731a3d1,active
mk1905,691300668,698934088,A_UPDATE_REPLACE_OLD_ID,9cc37913-6546-4eb4-944b-8e552cf1ea2e,active
mk1558,691300705,698934090,A_UPDATE_REPLACE_OLD_ID,94e9494e-1150-491d-a5c8-95a27a9d21cf,active
mk1453,691300695,698934091,A_UPDATE_REPLACE_OLD_ID,c1093255-d6fc-4d88-b422-f44ef96a90d7,active
mk1077,693723524,698934092,A_UPDATE_REPLACE_OLD_ID,f9637667-4f5a-4236-a259-e298ad3ac106,active
mk1143,693723129,698934093,A_UPDATE_REPLACE_OLD_ID,2827a836-495d-4624-a290-371965d0f45e,active
mk2115,mk2115,698934094,A_UPDATE_REPLACE_OLD_ID,2afbca56-ab62-4e92-83e7-4b80185ac5d1,active
mk2274,,698934095,C_INSERT_NO_EXISTING_ROW,,
mk1385,691300735,698934096,A_UPDATE_REPLACE_OLD_ID,ce4aeb45-e6fe-4935-9ab1-872b6572e761,active
mk2058,mk2058,698934097,A_UPDATE_REPLACE_OLD_ID,ffaf6dcc-ff65-4704-ae6d-986f704df688,active
mk2017,mk2017,698934099,A_UPDATE_REPLACE_OLD_ID,4e26bccb-8465-49d7-8945-ee31043b3c48,active
mk1895,691300681,698934101,A_UPDATE_REPLACE_OLD_ID,267798b5-4d27-428d-aea2-45329c879b8d,active
mk1137,mk1137,698934102,A_UPDATE_REPLACE_OLD_ID,b5681980-7c43-432b-9165-5fea541d791b,active
mk1368,691300726,698934103,A_UPDATE_REPLACE_OLD_ID,5ef9a719-2a6d-460b-88b4-26389a09cf24,active
mk1153,mk1153,698934104,A_UPDATE_REPLACE_OLD_ID,27dbc476-c196-487c-9545-b87cb284d02f,active
mk2161,mk2161,698934105,A_UPDATE_REPLACE_OLD_ID,c0152e5f-474e-47a0-92aa-bb1878c5af06,active
mk2267,,698934106,C_INSERT_NO_EXISTING_ROW,,
mk1468,691300720,698934107,A_UPDATE_REPLACE_OLD_ID,2328c2a1-cd59-484d-9afa-a1255973d438,active
mk2018,mk2018,698934108,A_UPDATE_REPLACE_OLD_ID,02c8d808-d993-4e03-a48c-bd59d09f4f3b,active
mk2118,mk2118,698934109,A_UPDATE_REPLACE_OLD_ID,e9147d19-4299-4da6-84c6-b0125d887eec,active
mk2119,mk2119,698934110,A_UPDATE_REPLACE_OLD_ID,db610931-6f37-41ce-b3f8-21270167181c,active
mk1366,691300725,698934111,A_UPDATE_REPLACE_OLD_ID,f9e9c277-1bf8-43cb-92a9-68aa8e15d0f4,active
mk868,695343051,698934112,A_UPDATE_REPLACE_OLD_ID,8753c892-47b1-40f2-833f-d0e984f88ecb,active
mk1145,mk1145,698934113,A_UPDATE_REPLACE_OLD_ID,40984308-c791-4131-9964-1aebf08ede3c,active
mk1268,mk1268,698934114,A_UPDATE_REPLACE_OLD_ID,1682e228-e5cf-4b0c-a451-9a0d3087fd75,active
mk1331,691441901,698934115,A_UPDATE_REPLACE_OLD_ID,145e8407-30b6-44c9-b871-be62c5f9cb07,active
mk1086,mk1086,698934116,A_UPDATE_REPLACE_OLD_ID,b9c5f505-27b0-4d14-a8b6-e8151cf6bcbb,active
mk909,694840742,698934118,A_UPDATE_REPLACE_OLD_ID,519d0a9c-6379-41f8-b942-5ff963ca96f5,active
mk1411,691300746,698934119,A_UPDATE_REPLACE_OLD_ID,5fed6240-4b52-4161-b150-c2c5c2fc68ca,active
mk1427,mk1427,698934120,A_UPDATE_REPLACE_OLD_ID,1c605e08-8da5-4f72-8c37-d3e4cfeb85ea,active
mk1292,691712286,698934121,A_UPDATE_REPLACE_OLD_ID,3619c61e-08df-4d2e-afd5-aa749f8d9b50,active
mk939,mk939,698934123,A_UPDATE_REPLACE_OLD_ID,f4537ded-39e4-4f92-9394-870dabfd24e9,active
mk1316,mk1316,698934124,A_UPDATE_REPLACE_OLD_ID,c962e3f2-d2c0-4c64-a32d-fdbc7de915a7,active
mk1079,mk1079,698934125,A_UPDATE_REPLACE_OLD_ID,c7e45b21-9ee1-4597-a59d-d5c89fda36b0,active
mk2096,mk2096,698934126,A_UPDATE_REPLACE_OLD_ID,356ccc86-f648-46d8-9711-d976e031adeb,active
mk1147,mk1147,698934127,A_UPDATE_REPLACE_OLD_ID,fcc7fe99-60b3-455b-8800-7f8ae565a3f6,active
mk1144,mk1144,698934128,A_UPDATE_REPLACE_OLD_ID,853ae1dd-4002-4d8c-a6b1-6038cadf2b00,active
mk2122,mk2122,698934129,A_UPDATE_REPLACE_OLD_ID,f0f5941a-6b73-46d2-b0da-6982bfb8690c,active
mk1378,691300731,698934130,A_UPDATE_REPLACE_OLD_ID,6fc79157-fcc4-44a1-9155-31259f912dda,active
mk887,695343030,698934131,A_UPDATE_REPLACE_OLD_ID,c3984cdf-155e-46c9-9957-801a4f18d29e,active
mk1332,691441896,698934132,A_UPDATE_REPLACE_OLD_ID,fb977325-6b8c-4888-860c-f76f74e9c7d8,active
mk940,mk940,698934133,A_UPDATE_REPLACE_OLD_ID,25439bae-8610-4427-9a8e-b5b5a21e21ef,active
mk2318,,698934134,C_INSERT_NO_EXISTING_ROW,,
mk881,695343036,698934135,A_UPDATE_REPLACE_OLD_ID,2ff5e654-e73c-4d04-96cb-2ec98f1e9381,active
mk1774,691300696,698934136,A_UPDATE_REPLACE_OLD_ID,2e5dbf9a-597a-4a05-891f-27b004e5735a,active
mk1562,691300701,698934137,A_UPDATE_REPLACE_OLD_ID,38757063-8560-4cee-a96f-d02238b479d6,active
mk941,mk941,698934138,A_UPDATE_REPLACE_OLD_ID,ffbe6b56-b704-4acc-918d-da2575b38c37,active
mk1142,mk1142,698934139,A_UPDATE_REPLACE_OLD_ID,97d8f7ec-df7c-4651-95d1-2d72e3ba04aa,active
mk1972,691300678,698934140,A_UPDATE_REPLACE_OLD_ID,9c6b19b6-950c-41c5-9518-ada23a47a1b5,active
mk2247,,698934141,C_INSERT_NO_EXISTING_ROW,,
mk908,694840743,698934142,A_UPDATE_REPLACE_OLD_ID,4dd3b95f-3785-4037-b7c5-2b5218afda17,active
mk1334,691441894,698934143,A_UPDATE_REPLACE_OLD_ID,5753a098-62fe-4601-862e-393459b76d08,active
mk1139,mk1139,698934144,A_UPDATE_REPLACE_OLD_ID,bb5c6b56-abba-4f3a-bc12-b2af59e8946b,active
mk2133,mk2133,698934145,A_UPDATE_REPLACE_OLD_ID,8a3dfce4-5393-4abe-a444-c21aa619a44a,active
mk2128,mk2128,698934146,A_UPDATE_REPLACE_OLD_ID,3010bf29-9d94-4532-af9a-19e4c779af70,active
mk1078,693723523,698934147,A_UPDATE_REPLACE_OLD_ID,a02e43e2-7026-4e47-a986-9811d223326c,active
mk1363,691300723,698934148,A_UPDATE_REPLACE_OLD_ID,a61820ac-2087-4842-a73a-20088caa1511,active
mk1880,691300796,698934150,A_UPDATE_REPLACE_OLD_ID,e4e38cde-8f37-41ce-a3a2-0171b236d91c,active
mk1261,692376724,698934151,A_UPDATE_REPLACE_OLD_ID,e6f04aab-4206-4e4e-9e42-a3639da4fddd,active
mk2305,,698934152,C_INSERT_NO_EXISTING_ROW,,
mk1365,691300724,698934153,A_UPDATE_REPLACE_OLD_ID,684ead26-5717-4ed9-8524-2293248abb29,active
mk885,695343032,698934154,A_UPDATE_REPLACE_OLD_ID,29d002b2-4124-4445-b449-d4bf453bfc3b,active
mk1037,694188093,698934155,A_UPDATE_REPLACE_OLD_ID,7ff36097-7c98-4c49-98e0-14dce8f06700,active
mk1038,694188092,698934156,A_UPDATE_REPLACE_OLD_ID,6a22905b-c7f4-4911-afe8-ef2eac65bd4b,active
mk1246,mk1246,698934157,A_UPDATE_REPLACE_OLD_ID,7b23abf2-6028-4add-811d-80bcd2fbd639,active
mk1388,mk1388,698934158,A_UPDATE_REPLACE_OLD_ID,538d184d-6f0d-4666-915a-b921a6f5ee4c,active
mk1082,mk1082,698934159,A_UPDATE_REPLACE_OLD_ID,ece6922a-0bdb-42c6-8bba-1c0c0a70db0b,active
mk880,695343037,698934160,A_UPDATE_REPLACE_OLD_ID,c6fe07da-82fa-4027-8616-11df01c1d1d5,active
mk1259,692376726,698934161,A_UPDATE_REPLACE_OLD_ID,d7540c0a-0b0c-42fb-a1fc-8b1391b52524,active
mk2090,mk2090,698934162,A_UPDATE_REPLACE_OLD_ID,d38a94c5-1baf-49e0-bfa4-aa393934806a,active
mk1514,691300714,698934163,A_UPDATE_REPLACE_OLD_ID,5c129f87-08d7-48a5-8536-e97a87b704eb,active
mk1925,691300672,698934164,A_UPDATE_REPLACE_OLD_ID,9d594ca0-3dad-47f9-8ee7-1e7afbb90cd6,active
mk2210,mk2210,698934165,A_UPDATE_REPLACE_OLD_ID,2d9d830b-096a-4f9f-89eb-ac579f37afb4,active
mk1561,691300702,698934166,A_UPDATE_REPLACE_OLD_ID,53e53213-7bd1-472e-bd11-cf2f4eb6e64c,active
mk2104,mk2104,698934171,A_UPDATE_REPLACE_OLD_ID,fae78661-74e5-45fa-9de0-f7aca8bcd9b9,active
mk1386,691300736,698934172,A_UPDATE_REPLACE_OLD_ID,138f7118-fa9b-4068-b66c-dc224f91c864,active
mk2336,,698934173,C_INSERT_NO_EXISTING_ROW,,
mk1090,mk1090,698934175,A_UPDATE_REPLACE_OLD_ID,00a20cc2-ce30-4d57-ba7c-82d8e5f7edc2,active
mk2202,mk2202,698934176,A_UPDATE_REPLACE_OLD_ID,9e994016-3510-4e1a-b29e-1281de30a398,active
mk2324,,698934178,C_INSERT_NO_EXISTING_ROW,,
mk2258,,698934180,C_INSERT_NO_EXISTING_ROW,,
mk2052,mk2052,698934181,A_UPDATE_REPLACE_OLD_ID,f424714c-0fd1-427d-9378-29dc0c4dba6e,active
mk864,695343054,698934182,A_UPDATE_REPLACE_OLD_ID,df9366a8-08a2-496f-a7fe-3416870f83fc,active
mk1060,mk1060,698934183,A_UPDATE_REPLACE_OLD_ID,a0ce58de-009b-4197-81d1-00233c2d87f7,active
mk1355,691300769,698934184,A_UPDATE_REPLACE_OLD_ID,5934fd74-cc47-4867-ad9d-586d30f9248b,active
mk1464,691300762,698934186,A_UPDATE_REPLACE_OLD_ID,f158e8d3-7cc6-4c6b-bf0c-02b574a693d1,active
mk2319,,698934187,C_INSERT_NO_EXISTING_ROW,,
mk1387,691300737,698934189,A_UPDATE_REPLACE_OLD_ID,1a20ca63-3869-4bc0-ad2f-5dc6b0d67495,active
mk2127,mk2127,698934190,A_UPDATE_REPLACE_OLD_ID,c7110c8c-1622-48a5-b1dd-16beceb85f55,active
mk1039,694188091,698934191,A_UPDATE_REPLACE_OLD_ID,0a91ab12-8e61-418e-83c2-fc93e45af9e9,active
mk2129,mk2129,698934192,A_UPDATE_REPLACE_OLD_ID,4b394e92-a7fd-42bc-8491-d95c5ecf8a96,active
mk888,695343029,698934194,A_UPDATE_REPLACE_OLD_ID,ca88deed-318b-4822-9442-9f4e6f96c195,active
mk2304,,698934195,C_INSERT_NO_EXISTING_ROW,,
mk1288,691712290,698934196,A_UPDATE_REPLACE_OLD_ID,41db0558-c1e2-4305-b7b1-62338223b174,active
mk1840,691300689,698934197,A_UPDATE_REPLACE_OLD_ID,a51c7524-813a-4975-a918-277c2500ffc4,active
mk1057,mk1057,698934200,A_UPDATE_REPLACE_OLD_ID,162946dd-72ec-4469-9548-77ae1c75cc93,active
mk1314,691442010,698934201,A_UPDATE_REPLACE_OLD_ID,584c360c-c5fc-4a84-9eda-219803fa7f57,active
mk2149,mk2149,698934202,A_UPDATE_REPLACE_OLD_ID,36fabfa8-8540-40d8-b8c0-e661b02d5934,active
mk1912,mk1912,698934203,A_UPDATE_REPLACE_OLD_ID,6d5934b6-d752-4e5e-a198-46f16c8c2d70,active
mk1283,691712308,698934204,A_UPDATE_REPLACE_OLD_ID,513769f7-d873-4623-8a86-5bed854e9786,active
mk1848,691301052,698934206,A_UPDATE_REPLACE_OLD_ID,2c9bc62f-dde9-4a04-a835-67c3a2f48e03,active
mk1902,691300468,698934207,A_UPDATE_REPLACE_OLD_ID,66563336-05fb-4fc9-b35f-b9e01cab5fff,active
mk879,695343038,698934208,A_UPDATE_REPLACE_OLD_ID,04876ee6-bae6-460c-b17a-5cdd548cdd05,active
mk1116,mk1116,698934209,A_UPDATE_REPLACE_OLD_ID,69cc9db7-29bf-4f03-ba80-549ef57ecc5c,active
mk1339,691441943,698934210,A_UPDATE_REPLACE_OLD_ID,7c29f360-d41f-490b-95a4-2771ec51036f,active
mk2283,,698934211,C_INSERT_NO_EXISTING_ROW,,
mk1760,691300612,698934212,A_UPDATE_REPLACE_OLD_ID,7ec91ec2-3327-4e1a-81d7-add85b4254d2,active
mk1195,mk1195,698934213,A_UPDATE_REPLACE_OLD_ID,bab49657-8efd-42d9-829e-0d4af5e84de2,active
mk1927,mk1927,698934214,A_UPDATE_REPLACE_OLD_ID,76421ec1-e95a-47b7-85ec-3020cd913454,active
mk2187,mk2187,698934215,A_UPDATE_REPLACE_OLD_ID,180578e2-c97d-48bb-ad92-ca9687a764b3,active
mk1528,691301077,698934216,A_UPDATE_REPLACE_OLD_ID,1231772f-89ab-4f8b-bbc1-ae1de358faeb,active
mk2252,,698934217,C_INSERT_NO_EXISTING_ROW,,
mk2216,mk2216,698934218,A_UPDATE_REPLACE_OLD_ID,a08d1d24-85d0-42ff-8cd4-436f5d183347,active
mk1921,691301048,698934219,A_UPDATE_REPLACE_OLD_ID,066ed7eb-2887-418a-a492-6536bd25de8d,active
mk1510,691301085,698934221,A_UPDATE_REPLACE_OLD_ID,ffc2bed0-2655-4613-8d52-e8d058a585e9,active
mk1051,mk1051,698934222,A_UPDATE_REPLACE_OLD_ID,a2c4e7e1-967b-45b0-8e4b-049418cee5d3,active
mk1431,691301101,698934223,A_UPDATE_REPLACE_OLD_ID,0a2c3cc6-110d-4bd3-b164-39570b13b70f,active
mk2044,mk2044,698934224,A_UPDATE_REPLACE_OLD_ID,093c3ae3-c086-4a8c-a1b7-a62275d11356,active
mk1614,691301068,698934225,A_UPDATE_REPLACE_OLD_ID,74af34c4-7f02-485b-841c-f57ce48d0d86,active
mk1459,691301035,698934226,A_UPDATE_REPLACE_OLD_ID,8505a284-04e1-402c-82a6-2d02b36d0509,active
mk1340,691301138,698934227,A_UPDATE_REPLACE_OLD_ID,86008f01-829d-43da-b5b7-b1965fff9d38,active
mk1382,691301094,698934228,A_UPDATE_REPLACE_OLD_ID,b8ba2f00-7a77-4aed-a86d-1979a531768a,active
mk1392,691300742,698934229,A_UPDATE_REPLACE_OLD_ID,aed56b23-55ab-4cf7-a76c-e5e59c153d44,active
mk1666,691301119,698934230,A_UPDATE_REPLACE_OLD_ID,aea3810f-ba72-4b14-9470-f164360b482c,active
mk2209,mk2209,698934231,A_UPDATE_REPLACE_OLD_ID,72d61e6b-ad68-4c9c-b8fc-80b0ecea6ed8,active
mk1529,691301076,698934232,A_UPDATE_REPLACE_OLD_ID,d5365d6d-8464-44c6-b342-3a941463543d,active
mk1931,691301040,698934233,A_UPDATE_REPLACE_OLD_ID,2e215c21-587e-4c80-b648-23acb06ca88d,active
mk1491,691301088,698934234,A_UPDATE_REPLACE_OLD_ID,81ba71d8-0567-48e0-b426-6319fd21ee4d,active
mk1496,691301087,698934235,A_UPDATE_REPLACE_OLD_ID,771a9993-b11c-497d-872e-f16418a303f6,active
mk1689,691301137,698934236,A_UPDATE_REPLACE_OLD_ID,6000f517-c437-4d52-aad4-0ec2ee429e6e,active
mk2184,mk2184,698934238,A_UPDATE_REPLACE_OLD_ID,5f59723a-0396-4417-afad-23fb24a110d6,active
mk2109,mk2109,698934239,A_UPDATE_REPLACE_OLD_ID,8da6bfee-40cc-4bff-bbb7-b4cd13a760a9,active
mk1307,mk1307,698934240,A_UPDATE_REPLACE_OLD_ID,a0d68b51-37e7-41ef-8743-24fbdb1e8165,active
mk2141,mk2141,698934241,A_UPDATE_REPLACE_OLD_ID,c14eaeea-f31a-43e9-b2f0-2d7e38d41615,active
mk1963,mk1963,698934242,A_UPDATE_REPLACE_OLD_ID,528e1505-40b9-4ed6-8fd4-4a84180fa65e,active
mk1393,691300743,698934244,A_UPDATE_REPLACE_OLD_ID,e9bc7b41-5411-46b4-bb7d-5116141585f8,active
mk2057,mk2057,698934245,A_UPDATE_REPLACE_OLD_ID,e20f8be7-9d1f-40dd-9d9e-facda3e717b6,active
mk1306,mk1306,698934246,A_UPDATE_REPLACE_OLD_ID,283ef342-b3f6-4c53-9509-f4b1918cc994,active
mk1004,694243528,698934248,A_UPDATE_REPLACE_OLD_ID,665fb765-f772-4b39-87c7-a0f7d5f092a4,active
mk1015,694243449,698934249,A_UPDATE_REPLACE_OLD_ID,da3412bc-1d95-4545-8cd0-e330022b3e26,active
mk2032,mk2032,698934250,A_UPDATE_REPLACE_OLD_ID,8750e45f-65aa-49a2-8254-826e8f426205,active
mk1821,mk1821,698934251,A_UPDATE_REPLACE_OLD_ID,8eee07ab-bb9e-4c2c-88d9-fb0dc1de7811,active
mk1611,691301066,698934252,A_UPDATE_REPLACE_OLD_ID,6e4a67df-ba65-4a15-854b-3812782f2616,active
mk1612,691301067,698934253,A_UPDATE_REPLACE_OLD_ID,1bc80b89-1edb-455b-8cb5-643f4f0e1b70,active
mk1114,mk1114,698934254,A_UPDATE_REPLACE_OLD_ID,4f049854-7943-40a7-9370-537c1fc6b1cc,active
mk2082,mk2082,698934255,A_UPDATE_REPLACE_OLD_ID,2a859290-0afc-48ab-a8c8-b13f0fc02610,active
mk1113,mk1113,698934256,A_UPDATE_REPLACE_OLD_ID,f32694ed-35cd-4f8c-9b4a-cb0d6ecfd347,active
mk1343,691300772,698934257,A_UPDATE_REPLACE_OLD_ID,df651831-6c1e-4dda-bd89-b409a151f806,active
mk1190,mk1190,698934259,A_UPDATE_REPLACE_OLD_ID,d386098a-25fa-4c88-aa8e-1da70d6543f3,active
mk1961,691301043,698934260,A_UPDATE_REPLACE_OLD_ID,96aa6584-7089-42db-a2ca-ad0ca529744e,active
mk1119,mk1119,698934263,A_UPDATE_REPLACE_OLD_ID,cbd15df8-a422-42eb-afbd-a2b9bd2a3696,active
mk1958,691301045,698934264,A_UPDATE_REPLACE_OLD_ID,5d96d04c-22cd-49cb-a23d-a840e372de17,active
mk850,691300937,698934265,A_UPDATE_REPLACE_OLD_ID,2ec612ee-962f-4332-a6b0-430ce8aa3e7c,active
mk1511,691301084,698934266,A_UPDATE_REPLACE_OLD_ID,0d52571f-8185-4817-8cc1-08553a28f180,active
mk1951,691301046,698934267,A_UPDATE_REPLACE_OLD_ID,ca8aa25d-d0fe-4835-a090-8878025c4db7,active
mk2142,mk2142,698934268,A_UPDATE_REPLACE_OLD_ID,0c78682a-3a24-478d-9a8c-b026faf71cb8,active
mk915,mk915,698934270,A_UPDATE_REPLACE_OLD_ID,f200ae3f-b0a4-4ac3-aeb4-77b236a81c8e,active
mk1430,691301100,698934271,A_UPDATE_REPLACE_OLD_ID,3acfdf5c-c2f1-4423-9613-827c5efe1f73,active
mk1530,691301075,698934272,A_UPDATE_REPLACE_OLD_ID,7560b57a-931a-410d-a559-93fcde62642a,active
mk1521,691301082,698934273,A_UPDATE_REPLACE_OLD_ID,cc13fa8a-40f8-4d79-a117-f293c43ed991,active
mk1381,691300734,698934275,A_UPDATE_REPLACE_OLD_ID,b71a2d5d-0109-4947-87c6-263346abe6d8,active
mk1466,691300721,698934276,A_UPDATE_REPLACE_OLD_ID,239185a9-e4f9-4e57-bbec-c545e49c37a5,active
mk1301,mk1301,698934277,A_UPDATE_REPLACE_OLD_ID,4c064308-f337-404e-b308-c70d92b7e1fc,active
mk1576,691301073,698934278,A_UPDATE_REPLACE_OLD_ID,b5ddf5d0-9a93-41c6-a784-75abe58a4638,active
mk2189,mk2189,698934279,A_UPDATE_REPLACE_OLD_ID,c0f969cc-9299-4e13-92c5-2079c43fad32,active
mk1115,mk1115,698934280,A_UPDATE_REPLACE_OLD_ID,7a4f33ce-5a6a-40ec-a61c-4502ce037389,active
mk2178,mk2178,698934281,A_UPDATE_REPLACE_OLD_ID,12e337aa-68b0-4bfc-ae78-1b1c6e18d62f,active
mk1577,691301072,698934284,A_UPDATE_REPLACE_OLD_ID,fdcde3d1-260e-4bf9-bb06-6725c42b9fd5,active
mk1502,691301086,698934285,A_UPDATE_REPLACE_OLD_ID,2e1c6daf-d51a-4d74-b551-2c0e60b16359,active
mk1157,mk1157,698934286,A_UPDATE_REPLACE_OLD_ID,978e2e6d-210b-47e1-b267-9095a586f272,active
mk2037,mk2037,698934287,A_UPDATE_REPLACE_OLD_ID,81b12fed-9e55-4223-8ca0-ada08172d42e,active
mk1667,691301120,698934288,A_UPDATE_REPLACE_OLD_ID,3f43a830-4f8b-4568-bf43-2c128949b3e1,active
mk2026,mk2026,698934289,A_UPDATE_REPLACE_OLD_ID,8bd51e92-7edb-479b-b8c9-692443fd667d,active
mk2246,,698934290,C_INSERT_NO_EXISTING_ROW,,
mk2188,mk2188,698934291,A_UPDATE_REPLACE_OLD_ID,e1344b63-e8a9-43ee-8f2d-a87b05dd4c64,active
mk1470,691301091,698934292,A_UPDATE_REPLACE_OLD_ID,a0a6de52-0e96-4e2d-ab9f-a1795403562c,active
mk1550,691301152,698934293,A_UPDATE_REPLACE_OLD_ID,1c350de4-9f68-491e-844e-27e0625272ec,active
mk2317,,698934294,C_INSERT_NO_EXISTING_ROW,,
mk1286,,698934295,B_RESOLVE_NULL_NEEDS_REVIEW,a1165c89-5087-48a1-b54d-634ff813f866,needs_review
mk882,695343035,698934296,A_UPDATE_REPLACE_OLD_ID,6a641f3a-77ed-48a7-8ce3-1d732c7b539c,active
mk1405,691301098,698934297,A_UPDATE_REPLACE_OLD_ID,36e54e76-b49d-4733-9256-c9d7b8a57f1a,active
mk1616,691301065,698934298,A_UPDATE_REPLACE_OLD_ID,629256c3-438c-4480-95d3-83212aa8501f,active
mk2110,mk2110,698934299,A_UPDATE_REPLACE_OLD_ID,682214b6-8e95-46da-b498-aaf5b909c9e3,active
mk1768,mk1768,698934300,A_UPDATE_REPLACE_OLD_ID,82100fb4-1ad8-4fe1-8e3e-e36dc19e9058,active
mk2080,mk2080,698934301,A_UPDATE_REPLACE_OLD_ID,a4731abc-92e3-453c-aa1a-d2bc4099e332,active
mk2259,,698934302,C_INSERT_NO_EXISTING_ROW,,
mk1522,691301081,698934303,A_UPDATE_REPLACE_OLD_ID,460c9e38-b3e4-47c8-9a26-6665ef34e787,active
mk1520,691301083,698934304,A_UPDATE_REPLACE_OLD_ID,9db0277d-a1f6-4681-8cfc-da41829f1b0d,active
mk1469,691301090,698934305,A_UPDATE_REPLACE_OLD_ID,331ffe38-333c-4288-ab53-0c50c7cf5553,active
mk1285,,698934306,B_RESOLVE_NULL_NEEDS_REVIEW,78feaba0-292c-4cde-81fe-b4051de20a64,needs_review
mk1271,mk1271,698934307,A_UPDATE_REPLACE_OLD_ID,ce662660-375c-4fb0-9cb3-21e3f409ae95,active
mk2112,mk2112,698934308,A_UPDATE_REPLACE_OLD_ID,b1ed2f09-cf52-44a4-997b-eff1277f1047,active
mk1120,mk1120,698934309,A_UPDATE_REPLACE_OLD_ID,d4b33ea0-0088-40eb-974b-034b3eda150a,active
mk2147,mk2147,698934312,A_UPDATE_REPLACE_OLD_ID,204f559c-f20a-4cd7-a12f-47a0b443597b,active
mk1962,691301041,698934313,A_UPDATE_REPLACE_OLD_ID,c99de748-0d0f-45ae-9042-8f2d750ca11a,active
mk1461,691301104,698934314,A_UPDATE_REPLACE_OLD_ID,489c1480-6e84-44a8-8ad3-e0d90f59506a,active
mk2020,mk2020,698934315,A_UPDATE_REPLACE_OLD_ID,dd10743e-98f6-44d3-ab73-297ce557a6bf,active
mk1394,691300744,698934316,A_UPDATE_REPLACE_OLD_ID,07bb7fdf-3a38-4790-802a-30124e6a2b29,active
mk1471,691301089,698934317,A_UPDATE_REPLACE_OLD_ID,eadfba38-87ae-40e0-b5f0-e08fd4f3d478,active
mk1446,691300911,698934318,A_UPDATE_REPLACE_OLD_ID,c17cf075-208e-4996-807d-b97090e33740,active
mk2333,,698934319,C_INSERT_NO_EXISTING_ROW,,
mk905,mk905,698934321,A_UPDATE_REPLACE_OLD_ID,96098f22-47cb-49a6-9ba9-81096ba604a4,active
mk1125,mk1125,698934322,A_UPDATE_REPLACE_OLD_ID,0390010d-8dec-4e5c-8c9d-83da1059c3f1,active
mk1456,691301063,698934323,A_UPDATE_REPLACE_OLD_ID,df3c748a-4709-4db7-b536-b6a1155945e1,active
mk1700,691300405,698934324,A_UPDATE_REPLACE_OLD_ID,f42e53b0-4fb6-4db9-9d7f-319a74cb7a67,active
mk1187,mk1187,698934325,A_UPDATE_REPLACE_OLD_ID,7d11d1ca-e5be-43b6-a016-6db6f740acbe,active
mk1024,mk1024,698934326,A_UPDATE_REPLACE_OLD_ID,4eaf43b8-32bc-42db-bc7e-fd83a21c108f,active
mk2196,mk2196,698934327,A_UPDATE_REPLACE_OLD_ID,19ba83d9-5a66-405f-8d14-98052014c896,active
mk1426,691300413,698934328,A_UPDATE_REPLACE_OLD_ID,d6144d26-5c23-4b4a-98ea-5a0f9f40fe73,active
mk1782,691300401,698934329,A_UPDATE_REPLACE_OLD_ID,873e15e6-be0c-4949-a136-3768dbea7e09,active
mk1794,mk1794,698934330,A_UPDATE_REPLACE_OLD_ID,4129bf90-cd51-403c-b9a7-77006641b33f,active
mk1725,691300404,698934332,A_UPDATE_REPLACE_OLD_ID,9a6a20f0-190f-4a0d-8370-a7e330d644d4,active
mk2075,mk2075,698934334,A_UPDATE_REPLACE_OLD_ID,38979f89-7be3-48c4-a04a-31c02e3d9984,active
mk2005,mk2005,698934335,A_UPDATE_REPLACE_OLD_ID,444337df-22c5-4b73-8548-e810050e4ab2,active
mk1736,691300517,698934336,A_UPDATE_REPLACE_OLD_ID,25479998-d5d5-4132-829d-f34be1bf8fbd,active
mk2197,mk2197,698934337,A_UPDATE_REPLACE_OLD_ID,c5a3d9ca-23bb-43b0-96e1-fd7134894b87,active
mk1795,mk1795,698934338,A_UPDATE_REPLACE_OLD_ID,18ea8409-4ed1-48a3-8b84-ed1bc8a0adb6,active
mk2201,mk2201,698934339,A_UPDATE_REPLACE_OLD_ID,52e51174-32c8-4aa2-856d-e2a2b426f149,active
mk1188,mk1188,698934340,A_UPDATE_REPLACE_OLD_ID,a32482d9-1c6a-4801-b930-ed0fcf401da0,active
mk2019,mk2019,698934341,A_UPDATE_REPLACE_OLD_ID,828761c0-d69d-4cce-929e-080068682998,active
mk2053,mk2053,698934343,A_UPDATE_REPLACE_OLD_ID,dbe77a15-dd36-4511-bd54-a64c6045843b,active
mk2200,mk2200,698934344,A_UPDATE_REPLACE_OLD_ID,da8ccc9f-2f2a-4c7a-9977-414f70a35563,active
mk1726,691300403,698934345,A_UPDATE_REPLACE_OLD_ID,e435a3f3-04d7-441a-a294-c9e7ac00fb7a,active
mk1829,691300396,698934346,A_UPDATE_REPLACE_OLD_ID,7882f4b9-531c-40db-a12a-837cd66f2bc7,active
mk1613,691300408,698934347,A_UPDATE_REPLACE_OLD_ID,710716b5-8df0-4655-b4e6-84e114443ed4,active
mk2199,mk2199,698934348,A_UPDATE_REPLACE_OLD_ID,0b7f6f80-d92c-48c0-baa0-95fa599eebe6,active
mk1184,mk1184,698934350,A_UPDATE_REPLACE_OLD_ID,a5db86e3-2e48-4fa9-b940-4c33f6c0221d,active
mk1124,mk1124,698934351,A_UPDATE_REPLACE_OLD_ID,9c518ae3-cfab-45e4-8224-734145979d03,active
mk901,694928314,698934352,A_UPDATE_REPLACE_OLD_ID,9827683f-c7bb-4845-a9a2-c288a5d3b70a,active
mk1942,691301144,698934353,A_UPDATE_REPLACE_OLD_ID,ddf1c35b-209a-46f4-86a5-28e37a16ad17,active
mk2229,mk2229,698934354,A_UPDATE_REPLACE_OLD_ID,7ad7966a-7ba7-4561-8c4d-1575a5f05dd1,active
mk1881,mk1881,698934355,A_UPDATE_REPLACE_OLD_ID,fc27f1d2-5856-43f5-87e8-ac04b7eab655,active
mk1455,mk1455,698934356,A_UPDATE_REPLACE_OLD_ID,1615ab97-abed-4fde-98ae-768fac9ac2f8,active
mk2175,mk2175,698934357,A_UPDATE_REPLACE_OLD_ID,6ed4e5ab-e288-4433-9e12-88cb2847e5a2,active
mk2285,,698934358,C_INSERT_NO_EXISTING_ROW,,
mk1918,mk1918,698934359,A_UPDATE_REPLACE_OLD_ID,b2f28f9b-4a5a-4b41-a835-797507c34928,active
mk2186,mk2186,698934360,A_UPDATE_REPLACE_OLD_ID,ab21cb79-4043-4e9b-b696-b76f79777628,active
mk2231,mk2231,698934361,A_UPDATE_REPLACE_OLD_ID,54279371-059c-4e0a-acca-5282656b9850,active
mk2183,mk2183,698934362,A_UPDATE_REPLACE_OLD_ID,fa32dfcc-d2b1-4c44-8f8f-bc982e347148,active
mk2291,,698934363,C_INSERT_NO_EXISTING_ROW,,
mk1674,691301158,698934365,A_UPDATE_REPLACE_OLD_ID,5b368787-5fdd-4520-93ce-46542fc09473,active
mk2284,,698934366,C_INSERT_NO_EXISTING_ROW,,
mk2270,,698934367,C_INSERT_NO_EXISTING_ROW,,
mk2177,mk2177,698934368,A_UPDATE_REPLACE_OLD_ID,ed4a623d-cdeb-4e42-9ff2-c0e063a5bb2c,active
mk902,694928313,698934369,A_UPDATE_REPLACE_OLD_ID,812851b8-0803-4751-acdd-cf998971b0ec,active
mk1542,mk1542,698934370,A_UPDATE_REPLACE_OLD_ID,95f538b5-aba3-4aed-9cd0-6471978b0c15,active
mk1851,mk1851,698934371,A_UPDATE_REPLACE_OLD_ID,22fbaede-ff12-4fe2-b257-a0c30d25acc6,active
mk2185,mk2185,698934372,A_UPDATE_REPLACE_OLD_ID,4efb4bc7-e0a3-4866-993b-56915da9a957,active
mk2286,,698934374,C_INSERT_NO_EXISTING_ROW,,
mk1254,mk1254,698934375,A_UPDATE_REPLACE_OLD_ID,bbf7d408-b15a-4e88-8095-4b4e35507b95,active
mk2292,,698934376,C_INSERT_NO_EXISTING_ROW,,
mk2176,mk2176,698934377,A_UPDATE_REPLACE_OLD_ID,15be210e-5987-4d62-8af0-6d3d01b9e240,active
mk2230,mk2230,698934378,A_UPDATE_REPLACE_OLD_ID,e3362e14-60d7-4852-9154-e90c7d5e04d6,active
mk2290,,698934379,C_INSERT_NO_EXISTING_ROW,,
mk2287,,698934380,C_INSERT_NO_EXISTING_ROW,,
mk1194,mk1194,698934381,A_UPDATE_REPLACE_OLD_ID,997d04ef-c023-4330-b7c2-463c5b8784d4,active
mk2271,,698934382,C_INSERT_NO_EXISTING_ROW,,
mk2288,,698934383,C_INSERT_NO_EXISTING_ROW,,
mk1936,691301145,698934384,A_UPDATE_REPLACE_OLD_ID,654c8e3e-5180-4cce-aa02-c13f03db3824,active
mk1230,mk1230,698934385,A_UPDATE_REPLACE_OLD_ID,0a61cc41-71b2-439e-b765-f79c9029de70,active
mk2289,,698934386,C_INSERT_NO_EXISTING_ROW,,
mk2163,mk2163,698934387,A_UPDATE_REPLACE_OLD_ID,6f81554b-6d5c-42df-a20b-cf2f534b058d,active
mk876,695343041,698934388,A_UPDATE_REPLACE_OLD_ID,2088d174-d118-4294-8a65-f3963e16284f,active
mk2204,mk2204,698934389,A_UPDATE_REPLACE_OLD_ID,0d81a236-40ff-480b-851b-e1266294907d,active
mk871,695343048,698934390,A_UPDATE_REPLACE_OLD_ID,0022cfae-aea4-4d00-a092-6dff7bf70630,active
mk2272,,698934391,C_INSERT_NO_EXISTING_ROW,,
mk1887,691301165,698934392,A_UPDATE_REPLACE_OLD_ID,8f932d7a-f4b4-4897-a7de-ecc9b45f30ca,active
mk2261,,698934393,C_INSERT_NO_EXISTING_ROW,,
mk911,694840741,698934394,A_UPDATE_REPLACE_OLD_ID,4db421ac-c6be-4a64-ac8e-0b2569d0fbfc,active
mk877,695343040,698934395,A_UPDATE_REPLACE_OLD_ID,90fc632e-98bc-4b09-8b4d-7130ce028d9f,active
mk2331,,698934397,C_INSERT_NO_EXISTING_ROW,,
mk910,mk910,698934398,A_UPDATE_REPLACE_OLD_ID,e08a52a5-e884-4c51-b0ab-2802752d49e4,active
mk1997,mk1997,698934399,A_UPDATE_REPLACE_OLD_ID,d11ae8ee-756b-4405-8e97-5d43559f2ee0,active
mk890,695343027,698934400,A_UPDATE_REPLACE_OLD_ID,daa94ac7-289d-4d95-b3bf-85f22e7f657f,active
mk2339,,698934401,C_INSERT_NO_EXISTING_ROW,,
mk2276,,698934403,C_INSERT_NO_EXISTING_ROW,,
mk875,695343042,698934404,A_UPDATE_REPLACE_OLD_ID,fc03d92a-8e77-4be1-8bc6-fdd323667ded,active
mk1830,691301161,698934405,A_UPDATE_REPLACE_OLD_ID,540fbc88-7a6a-439c-98a2-f15aab0b72c4,active
mk873,695343044,698934406,A_UPDATE_REPLACE_OLD_ID,01210f2f-8363-42f2-b2c5-4c00eaab294f,active
mk894,695343023,698934407,A_UPDATE_REPLACE_OLD_ID,93fc41c0-2fdd-4b4f-af2d-f25e8255a81b,active
mk870,695343050,698934408,A_UPDATE_REPLACE_OLD_ID,0486d6f3-ac10-48f7-8afc-183123d2e51f,active
mk2323,,698934409,C_INSERT_NO_EXISTING_ROW,,
mk1885,691301164,698934410,A_UPDATE_REPLACE_OLD_ID,70e85845-f4da-4efd-992a-280493e2227e,active
mk1347,691300776,698934411,A_UPDATE_REPLACE_OLD_ID,52b376ff-96b7-4f54-9af2-8e335bbacdcb,active
mk1949,mk1949,698934412,A_UPDATE_REPLACE_OLD_ID,f66f0e39-4a43-4a11-a485-7086e1456468,active
mk1657,mk1657,698934413,A_UPDATE_REPLACE_OLD_ID,7a425f4f-d631-47fa-a16b-f0ee9e89d4e5,active
mk1836,mk1836,698934414,A_UPDATE_REPLACE_OLD_ID,f7137c2d-63ff-4c35-a825-256a7b3885b7,active
mk1946,691300777,698934415,A_UPDATE_REPLACE_OLD_ID,408ba7d7-9319-4841-90aa-f2e90d67ed7d,active
mk2048,mk2048,698934417,A_UPDATE_REPLACE_OLD_ID,445a8ec6-31a4-4474-b5f0-5615c173b295,active
mk1227,mk1227,698934418,A_UPDATE_REPLACE_OLD_ID,be0cbe66-6517-47e1-9a8d-c8d7de20ad39,active
mk2322,,698934419,C_INSERT_NO_EXISTING_ROW,,
mk2093,mk2093,698934420,A_UPDATE_REPLACE_OLD_ID,55c1610c-9fed-4cf0-8b70-5f6e8f220972,active
mk954,mk954,698934421,A_UPDATE_REPLACE_OLD_ID,0f281a84-0fc7-45f4-8179-ff681e377c00,active
mk2099,mk2099,698934422,A_UPDATE_REPLACE_OLD_ID,08a223e4-aba4-47c0-8876-b8e29dc1b12b,active
mk956,mk956,698934423,A_UPDATE_REPLACE_OLD_ID,85e231d7-3423-427e-82f8-02214edec526,active
mk2100,mk2100,698934424,A_UPDATE_REPLACE_OLD_ID,46d2f694-cb90-46f4-8c3b-b547c1a576be,active
mk2157,mk2157,698934425,A_UPDATE_REPLACE_OLD_ID,e7ae8c92-34ab-41a3-bd32-610aba111ac5,active
mk2098,mk2098,698934427,A_UPDATE_REPLACE_OLD_ID,d3512475-eeb4-4720-87bc-82767f6fd9c6,active
mk2108,mk2108,698934428,A_UPDATE_REPLACE_OLD_ID,09bcc672-f6a9-4dd1-ab0d-3b9afbcfc6df,active
mk949,mk949,698934429,A_UPDATE_REPLACE_OLD_ID,266b5a12-0ebf-41b8-866b-7e32756d8bcc,active
mk921,mk921,698934430,A_UPDATE_REPLACE_OLD_ID,08fb6ae0-8520-42b9-80b0-0bdca440ca47,active
mk947,mk947,698934431,A_UPDATE_REPLACE_OLD_ID,4648e3c4-4fd7-4df5-a83e-4d7bb74233c3,active
mk2097,mk2097,698934432,A_UPDATE_REPLACE_OLD_ID,9c289f23-b98f-47a5-bb1d-dee85c8422c3,active
mk953,mk953,698934433,A_UPDATE_REPLACE_OLD_ID,44317c52-3674-4326-b543-593f733f0f01,active
mk946,mk946,698934434,A_UPDATE_REPLACE_OLD_ID,667024bd-611c-4773-bd5f-cc03590c1194,active
mk2092,mk2092,698934435,A_UPDATE_REPLACE_OLD_ID,0c360f99-5ecc-444c-8025-8daed8f9561a,active
mk2094,mk2094,698934436,A_UPDATE_REPLACE_OLD_ID,0003d78d-d016-4a35-b166-b5e3d3478981,active
mk951,mk951,698934437,A_UPDATE_REPLACE_OLD_ID,695af16b-be80-4158-9828-1bb2ebf6136d,active
mk2101,mk2101,698934438,A_UPDATE_REPLACE_OLD_ID,e7916d0b-5163-4b4b-a8ce-484d1843a5b2,active
mk952,mk952,698934439,A_UPDATE_REPLACE_OLD_ID,b5b6778a-a787-41b6-a85a-8eef23198dc1,active
mk2156,mk2156,698934440,A_UPDATE_REPLACE_OLD_ID,10c06f96-7d8c-4327-ba8a-d23e28834691,active
mk2155,mk2155,698934441,A_UPDATE_REPLACE_OLD_ID,af58088e-a2c8-417d-9baa-992325e8331e,active
mk2102,mk2102,698934442,A_UPDATE_REPLACE_OLD_ID,6b46771e-73b6-472b-98d3-496fa7fb1c51,active
mk948,mk948,698934443,A_UPDATE_REPLACE_OLD_ID,3a7aa698-27b8-45e9-9e8a-82fe4b910291,active
mk1879,691300795,698934445,A_UPDATE_REPLACE_OLD_ID,f6e15ac4-df92-4b00-8ea0-a934272c1822,active
mk1831,691300787,698934446,A_UPDATE_REPLACE_OLD_ID,dfcccd49-5324-4efb-b2ae-af0663660625,active
mk886,695343031,698934447,A_UPDATE_REPLACE_OLD_ID,8f038e08-ba7a-4dd1-b3a2-f9f515ac169c,active
mk1872,691300793,698934448,A_UPDATE_REPLACE_OLD_ID,4cde78d2-714a-4c7b-b550-81f1957772a1,active
mk1844,691300786,698934449,A_UPDATE_REPLACE_OLD_ID,dda32153-319b-44df-83d0-669f2450a26b,active
mk1868,691300789,698934450,A_UPDATE_REPLACE_OLD_ID,c5f7a6bc-d345-4e0c-ba24-19773e91707d,active
mk1832,691300788,698934452,A_UPDATE_REPLACE_OLD_ID,42e86442-2aed-4772-b7e2-d5d8f470280b,active
mk1883,691300784,698934453,A_UPDATE_REPLACE_OLD_ID,b5ddaba4-21b7-4348-827f-af67247e4e21,active
mk1132,mk1132,698934455,A_UPDATE_REPLACE_OLD_ID,7209fb67-e028-415e-b30f-c7ccbff4eaa8,active
mk2085,mk2085,698934456,A_UPDATE_REPLACE_OLD_ID,c333efbf-aa67-4b22-be55-56104e94cabd,active
mk1128,mk1128,698934457,A_UPDATE_REPLACE_OLD_ID,72252a9e-d8b6-4b74-a8c5-6978470e3793,active
mk1045,mk1045,698934458,A_UPDATE_REPLACE_OLD_ID,b457d244-4105-41a3-a7ed-e3b696988071,active
mk2340,,698934459,C_INSERT_NO_EXISTING_ROW,,
mk2251,,698934460,C_INSERT_NO_EXISTING_ROW,,
mk1046,mk1046,698934461,A_UPDATE_REPLACE_OLD_ID,1737f373-5414-4ab7-91de-1bad3be6f6cc,active
mk907,mk907,698934462,A_UPDATE_REPLACE_OLD_ID,a5db9e40-02f4-4249-b383-8eca58efaf9d,active
mk1133,mk1133,698934463,A_UPDATE_REPLACE_OLD_ID,707ce7ae-239f-478c-baf5-00d24cecfd4b,active
mk867,mk867,698934464,A_UPDATE_REPLACE_OLD_ID,5af43957-aed9-421d-a529-086a1a3debbc,active
mk2012,mk2012,698934465,A_UPDATE_REPLACE_OLD_ID,96525959-4803-47f5-81b2-d3d3f102584b,active
mk920,mk920,698934466,A_UPDATE_REPLACE_OLD_ID,088098be-bdc7-4108-bd99-57ccd4c7cbb5,active
mk2081,mk2081,698934467,A_UPDATE_REPLACE_OLD_ID,f6c1ddbd-2aff-4f43-8023-7671b48bdd42,active
mk2000,mk2000,698934468,A_UPDATE_REPLACE_OLD_ID,c1b5b887-b3ea-408b-8b3d-af220943ef97,active
mk866,mk866,698934469,A_UPDATE_REPLACE_OLD_ID,f2c30cd2-20f2-4f7c-a922-0a1f95150010,active
mk1098,mk1098,698934471,A_UPDATE_REPLACE_OLD_ID,71494776-5640-4fc2-be50-e615546c19d4,active
mk1099,mk1099,698934472,A_UPDATE_REPLACE_OLD_ID,9d3f83c0-f4ec-4e92-baa0-7b7dc41c9496,active
mk2001,mk2001,698934473,A_UPDATE_REPLACE_OLD_ID,7d78b878-f6a1-424b-8571-337ff46e2231,active
mk2088,mk2088,698934474,A_UPDATE_REPLACE_OLD_ID,e2761965-e9f4-4f4c-8914-1a014170667b,active
mk923,mk923,698934475,A_UPDATE_REPLACE_OLD_ID,99730070-aa29-4ca7-b821-4b2f80bc13b2,active
mk2148,mk2148,698934476,A_UPDATE_REPLACE_OLD_ID,807e6d00-5e2c-401a-8f27-8c2d37ebaaa4,active
mk2248,,698934477,C_INSERT_NO_EXISTING_ROW,,
mk1097,mk1097,698934478,A_UPDATE_REPLACE_OLD_ID,e16ee9a1-33e5-42cc-be70-aca478061b99,active
mk919,mk919,698934479,A_UPDATE_REPLACE_OLD_ID,c04b3644-78ae-44a7-8341-96997de40fd3,active
mk2086,mk2086,698934482,A_UPDATE_REPLACE_OLD_ID,9470c4a6-96eb-494d-a104-e80feedfb05c,active
mk2321,,698934484,C_INSERT_NO_EXISTING_ROW,,
mk2067,mk2067,698934486,A_UPDATE_REPLACE_OLD_ID,69f378ea-c1eb-4877-b8d8-e63f9599d3e4,active
mk2087,mk2087,698934487,A_UPDATE_REPLACE_OLD_ID,8610b9c5-f18d-4c8f-8c00-a94991001af1,active
mk2300,,698934488,C_INSERT_NO_EXISTING_ROW,,
mk2089,mk2089,698934489,A_UPDATE_REPLACE_OLD_ID,8488d43b-dfdf-4182-934a-c6f150fb11b6,active
mk903,mk903,698934490,A_UPDATE_REPLACE_OLD_ID,1611146a-d9b4-4414-b04f-16af2b0141ee,active
mk922,mk922,698934491,A_UPDATE_REPLACE_OLD_ID,60ac0c51-82bd-41ee-9283-7e879984a0ab,active
mk2301,,698934492,C_INSERT_NO_EXISTING_ROW,,
mk1131,mk1131,698934493,A_UPDATE_REPLACE_OLD_ID,50abd4c3-e120-4652-8187-ddc9674f7c6e,active
mk865,mk865,698934494,A_UPDATE_REPLACE_OLD_ID,109b4b26-750f-4310-9263-83588d9bcb90,active
mk2014,mk2014,698934495,A_UPDATE_REPLACE_OLD_ID,0d41a543-6b3a-404e-a2d9-4a5c0cdc41e2,active
mk2013,mk2013,698934496,A_UPDATE_REPLACE_OLD_ID,dd349fe5-f13d-4376-90ff-5d5f54fcdaa9,active
mk2314,,698934497,C_INSERT_NO_EXISTING_ROW,,
mk1047,mk1047,698934498,A_UPDATE_REPLACE_OLD_ID,b6b5c3b8-7ed4-4233-b701-45e4fa9c5240,active
mk2315,,698934499,C_INSERT_NO_EXISTING_ROW,,
mk1111,mk1111,698934500,A_UPDATE_REPLACE_OLD_ID,21c5238c-b964-45c0-96f8-d596de0068db,active
mk1127,mk1127,698934501,A_UPDATE_REPLACE_OLD_ID,d8587865-78d2-449a-a457-0261cd91321e,active
mk918,mk918,698934504,A_UPDATE_REPLACE_OLD_ID,f7a80ea7-5d40-4f30-b041-a8884ccf218c,active
mk1129,mk1129,698934505,A_UPDATE_REPLACE_OLD_ID,3d8b302d-1e70-41e2-ab10-50c85047f7db,active
mk1999,mk1999,698934506,A_UPDATE_REPLACE_OLD_ID,1730ba16-b4bd-43b6-a61c-ece3a4ab0414,active
mk1135,mk1135,698934507,A_UPDATE_REPLACE_OLD_ID,b3e7a887-a7c0-4cbf-ac57-24d35f5bdf37,active
mk1134,mk1134,698934508,A_UPDATE_REPLACE_OLD_ID,e0a59a27-e59a-4fff-9ac9-1d4ffe2ef753,active
mk2002,mk2002,698934509,A_UPDATE_REPLACE_OLD_ID,48ee8433-be63-41c1-9b4f-bfbed6a8e4cd,active
