ecl_id,product_id,sku,external_product_id,mapping_status,identity_type,channel_key,variant_id,variant_sku,created_at,updated_at
4df052e5-0ca4-4511-9550-895c03bcbd09,a1660408-64e8-4b19-a0e5-f1d983491ae5,mk1000,mk1000,active,rafeeq_product_id,rafeeq,,,2026-08-15T22:24:42Z,2026-08-15T22:24:42Z
8e8aa26f-e068-4950-9991-ca2f29111008,cf00a5c8-6fdf-4277-9ccf-23df0efda2db,mk1001,694795317,active,rafeeq_product_id,rafeeq,,,2026-08-15T22:24:42Z,2026-08-15T22:24:42Z
6ba0ba1a-871e-41d7-856d-ae22a1976edf,05b3df79-a2ad-4eaa-ae79-9cdae49d4a15,mk1002,694795243,active,rafeeq_product_id,rafeeq,,,2026-08-15T22:24:42Z,2026-08-15T22:24:42Z
ac997aef-e26b-4542-8240-b92e1eed17b0,d24ef5c6-d073-4dd0-a95c-f5843f4f6d82,mk1003,694795242,active,rafeeq_product_id,rafeeq,,,2026-08-15T22:24:42Z,2026-08-15T22:24:42Z
665fb765-f772-4b39-87c7-a0f7d5f092a4,6b470d4f-a3b8-4a25-aba0-72d25f2b7d3c,mk1004,694243528,active,rafeeq_product_id,rafeeq,,,2026-08-15T22:24:42Z,2026-08-15T22:24:42Z
bcd2cd34-abe0-4a19-8178-01f0b77c4cdb,bfc14475-5039-4bf9-bc14-35d93e3cf09a,mk1005,694243527,active,rafeeq_product_id,rafeeq,,,2026-08-15T22:24:42Z,2026-08-15T22:24:42Z
0595a53e-e844-4e81-9b4e-3c1eb94b3534,788d763b-abaa-40d9-9dac-a3b1fdfd13ee,mk1006,mk1006,active,rafeeq_product_id,rafeeq,,,2026-08-15T22:24:42Z,2026-08-15T22:24:42Z
8f60c182-47c4-471b-b9bb-18a37ef977d9,889f33cf-aadf-4750-b031-f96af2ee3715,mk1007,694243525,active,rafeeq_product_id,rafeeq,,,2026-08-15T22:24:42Z,2026-08-15T22:24:42Z
17cf79d6-6040-43e3-bbc1-9a4ef7cda6f5,5a1b1ba8-de0a-4cde-a3ab-f210b2674b64,mk1008,694243524,active,rafeeq_product_id,rafeeq,,,2026-08-15T22:24:42Z,2026-08-15T22:24:42Z
0f25f92b-4334-4618-aa13-7ddfcda23c41,4b33de24-3b7f-41dd-ab3f-85b411d211f0,mk1009,694243523,active,rafeeq_product_id,rafeeq,,,2026-08-15T22:24:42Z,2026-08-15T22:24:42Z
70b58ebb-4518-4134-b26b-7b755b8432a3,814737de-dd66-4c9d-97b3-2b7de842f3fc,mk1010,694243522,active,rafeeq_product_id,rafeeq,,,2026-08-15T22:24:42Z,2026-08-15T22:24:42Z
33f964ec-630e-4085-906a-406d68fa1d9e,ec01c90a-4d68-4213-a83b-554e1aac24dc,mk1011,694243521,active,rafeeq_product_id,rafeeq,,,2026-08-15T22:24:42Z,2026-08-15T22:24:42Z
03e03439-a121-4b58-8c10-a6f41c92a67e,a7487b2f-b75b-45d0-9754-6a47e5c68a42,mk1012,694243520,active,rafeeq_product_id,rafeeq,,,2026-08-15T22:24:42Z,2026-08-15T22:24:42Z
a5dec94d-6352-4fe1-9309-75a08cfe7e43,1643baa5-b97d-4650-bc57-8fd0d8dbcfb1,mk1013,694243519,active,rafeeq_product_id,rafeeq,,,2026-08-15T22:24:42Z,2026-08-15T22:24:42Z
8dddff94-e881-4f05-8234-5325d4e5e32d,de59db48-d2e9-4ae7-af59-0d32c71ee2fd,mk1014,694243450,active,rafeeq_product_id,rafeeq,,,2026-08-15T22:24:42Z,2026-08-15T22:24:42Z
da3412bc-1d95-4545-8cd0-e330022b3e26,6d7b428f-e4f8-46ec-b9e4-a3bf12a7d504,mk1015,694243449,active,rafeeq_product_id,rafeeq,,,2026-08-15T22:24:42Z,2026-08-15T22:24:42Z
154a7721-fb5a-40e7-9b99-4aca30fc5afb,4b2d00f3-e6e2-4b31-a9d4-8e610ca08a83,mk1017,694243447,active,rafeeq_product_id,rafeeq,,,2026-08-15T22:24:42Z,2026-08-15T22:24:42Z
bc847aee-1d71-4722-bda4-018dd0fdcb11,549a2562-fbb3-4947-a6aa-d3bde6df866c,mk1018,694243446,active,rafeeq_product_id,rafeeq,,,2026-08-15T22:24:42Z,2026-08-15T22:24:42Z
dff5e1cb-ae9b-4318-86fe-23513875149e,4acca21d-2140-414b-ab42-77ebfabb5155,mk1019,694243518,active,rafeeq_product_id,rafeeq,,,2026-08-15T22:24:42Z,2026-08-15T22:24:42Z
2302e300-1014-41a1-9096-fb8a43927261,b32ed45a-55ed-40c5-a55a-a6c7b40ff0f5,mk1020,694243517,active,rafeeq_product_id,rafeeq,,,2026-08-15T22:24:42Z,2026-08-15T22:24:42Z
03053d96-1d80-4380-961d-2310b1c94f36,35345c64-5469-4e37-ac3a-ddcd7746cf25,mk1021,694243445,active,rafeeq_product_id,rafeeq,,,2026-08-15T22:24:42Z,2026-08-15T22:24:42Z
376755c9-9328-4c22-995c-8900078688b4,928d0c28-5cde-42c2-a391-04233a15f241,mk1022,694243444,active,rafeeq_product_id,rafeeq,,,2026-08-15T22:24:42Z,2026-08-15T22:24:42Z
e936b9b0-c307-4f49-a74b-976f41e9a3fe,3ab6ab46-601e-44a4-a266-36062d75f542,mk1023,694243443,active,rafeeq_product_id,rafeeq,,,2026-08-15T22:24:42Z,2026-08-15T22:24:42Z
4eaf43b8-32bc-42db-bc7e-fd83a21c108f,2eae7aef-68b8-4d32-8990-a5e42866e08d,mk1024,mk1024,active,rafeeq_product_id,rafeeq,,,2026-08-15T22:24:42Z,2026-08-15T22:24:42Z
a5842abf-a0ba-4415-b612-b3429a787ce8,f4dd04c9-1be0-4216-a0ab-b1796361ae94,mk1025,694188103,active,rafeeq_product_id,rafeeq,,,2026-08-15T22:24:42Z,2026-08-15T22:24:42Z
8d894940-586e-4a5f-a1de-e0e8544f59ce,042df8d7-0409-492a-add0-02add9ec2315,mk1026,694188105,active,rafeeq_product_id,rafeeq,,,2026-08-15T22:24:42Z,2026-08-15T22:24:42Z
76ef2875-d8e3-4256-90c5-ab6e83ca9c2b,af7a9f6b-7ce1-43bd-9db5-80952b716f77,mk1027,694188104,active,rafeeq_product_id,rafeeq,,,2026-08-15T22:24:42Z,2026-08-15T22:24:42Z
4664e2ec-9a17-42b5-a757-0c61f871e294,0b143d1e-f743-4c53-a298-0f0dcb7401c6,mk1028,694188102,active,rafeeq_product_id,rafeeq,,,2026-08-15T22:24:42Z,2026-08-15T22:24:42Z
54d6cdd1-f698-4270-aeab-989b1c0aeded,32b29698-bd5d-4c3f-9346-007c4ad65d79,mk1029,694188101,active,rafeeq_product_id,rafeeq,,,2026-08-15T22:24:42Z,2026-08-15T22:24:42Z
8b5f69d6-3d0c-491f-8b48-e21c36fa8211,3b6370c3-3a72-4b54-b610-5474b8257e63,mk1030,694188100,active,rafeeq_product_id,rafeeq,,,2026-08-15T22:24:42Z,2026-08-15T22:24:42Z
545f009f-170b-4829-adbc-e8ed91bcb654,6cb4816d-e4be-4fd1-92d2-49bf44e0555d,mk1031,694188099,active,rafeeq_product_id,rafeeq,,,2026-08-15T22:24:42Z,2026-08-15T22:24:42Z
642921ef-ade7-45c3-80d4-4b57938ea741,ca97dbdb-5f5d-4419-9742-2ae49ad74117,mk1032,694188098,active,rafeeq_product_id,rafeeq,,,2026-08-15T22:24:42Z,2026-08-15T22:24:42Z
603b6c79-5b23-4c99-a79b-8706e5af1a2e,b4e6b614-e060-4a03-a45a-633bff5ca4d7,mk1033,mk1033,active,rafeeq_product_id,rafeeq,,,2026-08-15T22:24:42Z,2026-08-15T22:24:42Z
45c022f2-454d-480e-ba56-27362ea01e39,59d0516e-e0c9-4e10-a66d-5c1ff42636bc,mk1034,694188096,active,rafeeq_product_id,rafeeq,,,2026-08-15T22:24:42Z,2026-08-15T22:24:42Z
8556b871-ca19-41a0-9d82-2046b09a0486,1f2c0e99-8b7e-4f08-aa22-60a8557d0826,mk1035,694188095,active,rafeeq_product_id,rafeeq,,,2026-08-15T22:24:42Z,2026-08-15T22:24:42Z
56c18edd-22ce-4f2b-ab9e-e0b0df115159,0a9c6b1c-57a8-4860-903a-75abffd91f20,mk1036,694188094,active,rafeeq_product_id,rafeeq,,,2026-08-15T22:24:42Z,2026-08-15T22:24:42Z
7ff36097-7c98-4c49-98e0-14dce8f06700,d72f2675-ec52-49cf-9c74-2de0bd124294,mk1037,694188093,active,rafeeq_product_id,rafeeq,,,2026-08-15T22:24:42Z,2026-08-15T22:24:42Z
6a22905b-c7f4-4911-afe8-ef2eac65bd4b,d7c8baba-74de-4aa0-bf33-b7d9d907c58d,mk1038,694188092,active,rafeeq_product_id,rafeeq,,,2026-08-15T22:24:42Z,2026-08-15T22:24:42Z
0a91ab12-8e61-418e-83c2-fc93e45af9e9,f7bc54b2-11ac-435f-bc5b-c3f919c2ccbe,mk1039,694188091,active,rafeeq_product_id,rafeeq,,,2026-08-15T22:24:42Z,2026-08-15T22:24:42Z
d19ed8f1-4d01-48b8-bf02-b990d1408a2f,a82c0043-7026-4c94-afbf-fc7766e58582,mk1040,694188090,active,rafeeq_product_id,rafeeq,,,2026-08-15T22:24:42Z,2026-08-15T22:24:42Z
95c7cd84-61c1-4829-b79b-100ccbc92497,6149532b-b27b-4044-ae5f-62a94c4b5736,mk1041,694188089,active,rafeeq_product_id,rafeeq,,,2026-08-15T22:24:42Z,2026-08-15T22:24:42Z
a947d3d0-e3d5-4ae8-ba49-26d4d1048251,111cde4a-6008-4a95-9e75-27a72795ef42,mk1042,694188088,active,rafeeq_product_id,rafeeq,,,2026-08-15T22:24:42Z,2026-08-15T22:24:42Z
d1900f9b-08be-4081-b753-d0ac69ecb938,d68c61c2-7b4e-4377-8f4a-19381633b307,mk1043,694188087,active,rafeeq_product_id,rafeeq,,,2026-08-15T22:24:42Z,2026-08-15T22:24:42Z
818f681c-1d51-428d-ac2b-9f8ec1204e58,21d2a2b3-e19d-45ee-84ae-4149020b6d6f,mk1044,mk1044,active,rafeeq_product_id,rafeeq,,,2026-08-15T22:24:42Z,2026-08-15T22:24:42Z
b457d244-4105-41a3-a7ed-e3b696988071,1a13afbe-e0ec-48fa-9850-098182617e4f,mk1045,mk1045,active,rafeeq_product_id,rafeeq,,,2026-08-15T22:24:42Z,2026-08-15T22:24:42Z
1737f373-5414-4ab7-91de-1bad3be6f6cc,31d5bed7-8c5e-4d43-9721-54d23346194e,mk1046,mk1046,active,rafeeq_product_id,rafeeq,,,2026-08-15T22:24:42Z,2026-08-15T22:24:42Z
b6b5c3b8-7ed4-4233-b701-45e4fa9c5240,d9506581-6a61-45c0-b2da-52d3eb5679c4,mk1047,mk1047,active,rafeeq_product_id,rafeeq,,,2026-08-15T22:24:42Z,2026-08-15T22:24:42Z
e3976ac5-6211-4ac0-be12-ec182a79fa81,d2c69233-57c8-4ec0-b9a1-519917a367e6,mk1048,mk1048,active,rafeeq_product_id,rafeeq,,,2026-08-15T22:24:42Z,2026-08-15T22:24:42Z
ce0ef784-f2f9-46e0-bfae-fb6c6cf98df1,69d52503-2f9d-4118-91a3-7462838e40aa,mk1049,mk1049,active,rafeeq_product_id,rafeeq,,,2026-08-15T22:24:42Z,2026-08-15T22:24:42Z
1821bcaa-3f5f-4363-8bb5-f63e42bfc694,8415f70d-ee6d-4eb1-b34b-1d1578c01207,mk1050,mk1050,active,rafeeq_product_id,rafeeq,,,2026-08-15T22:24:42Z,2026-08-15T22:24:42Z
a2c4e7e1-967b-45b0-8e4b-049418cee5d3,289a1f0a-e4ef-4c98-9126-3cfbc80148c2,mk1051,mk1051,active,rafeeq_product_id,rafeeq,,,2026-08-15T22:24:42Z,2026-08-15T22:24:42Z
80cc51b4-96b1-4735-853c-923cf00577ed,d1cc4dd3-3f2e-46e4-93b9-e5f862f7005f,mk1052,mk1052,active,rafeeq_product_id,rafeeq,,,2026-08-15T22:24:42Z,2026-08-15T22:24:42Z
f00a1227-5e6b-48e0-9a47-ae43eac5a1cf,4c31d264-27e9-42fc-b704-c7140a6fbbde,mk1053,mk1053,active,rafeeq_product_id,rafeeq,,,2026-08-15T22:24:42Z,2026-08-15T22:24:42Z
d2067609-70e4-48d2-a8a9-372262aecfbf,519836ff-d6e1-4f7c-8ad5-c2e9bcdf5893,mk1054,mk1054,active,rafeeq_product_id,rafeeq,,,2026-08-15T22:24:42Z,2026-08-15T22:24:42Z
40657c37-4220-43b2-9aee-c06e144cc3bc,73d5621b-a8a1-409d-9b24-6776bc27018c,mk1056,mk1056,active,rafeeq_product_id,rafeeq,,,2026-08-15T22:24:42Z,2026-08-15T22:24:42Z
162946dd-72ec-4469-9548-77ae1c75cc93,fed984be-a7a8-47b2-9754-d4cc70a614fc,mk1057,mk1057,active,rafeeq_product_id,rafeeq,,,2026-08-15T22:24:42Z,2026-08-15T22:24:42Z
65ae6b55-8c9a-4a7f-aa62-d3dedd0c9672,4fc03f8e-3b57-43c1-ba76-4f4f339d7b9e,mk1058,mk1058,active,rafeeq_product_id,rafeeq,,,2026-08-15T22:24:42Z,2026-08-15T22:24:42Z
e2b83ad1-7cd2-4a13-9997-a21bba62106d,6625cf38-61c1-4816-aaf5-73e13b5419eb,mk1059,mk1059,active,rafeeq_product_id,rafeeq,,,2026-08-15T22:24:42Z,2026-08-15T22:24:42Z
a0ce58de-009b-4197-81d1-00233c2d87f7,ef7706fe-97d7-4661-8ef8-31251f248ef1,mk1060,mk1060,active,rafeeq_product_id,rafeeq,,,2026-08-15T22:24:42Z,2026-08-15T22:24:42Z
79c08a30-bea0-45d6-a3f2-7a535b9d097e,bf738ea1-6c0f-4ab2-adb1-55848e222df2,mk1061,mk1061,active,rafeeq_product_id,rafeeq,,,2026-08-15T22:24:42Z,2026-08-15T22:24:42Z
7cb059a1-84d6-4e26-a305-afca09e73db2,38536236-8c1c-4be7-a3e6-d0ff1acc5257,mk1062,mk1062,active,rafeeq_product_id,rafeeq,,,2026-08-15T22:24:42Z,2026-08-15T22:24:42Z
0c909cb2-808b-43db-9694-32d4047946d3,544b10c9-1125-4645-a4e5-c4411d463c03,mk1063,mk1063,active,rafeeq_product_id,rafeeq,,,2026-08-15T22:24:42Z,2026-08-15T22:24:42Z
7b1a14e8-f471-471f-bf9b-ce8225bee76f,cd0d5a02-01e9-45b8-9328-b282e3667764,mk1064,mk1064,active,rafeeq_product_id,rafeeq,,,2026-08-15T22:24:42Z,2026-08-15T22:24:42Z
3964ec06-a064-4402-af98-ed783aefa9e6,97085f39-8e75-4380-945d-ed7ce72f82ad,mk1065,mk1065,active,rafeeq_product_id,rafeeq,,,2026-08-15T22:24:42Z,2026-08-15T22:24:42Z
b377f963-2000-42a7-a0ca-5339579821ce,6a703c94-1d62-4c26-930c-4bee84fac2f9,mk1066,mk1066,active,rafeeq_product_id,rafeeq,,,2026-08-15T22:24:42Z,2026-08-15T22:24:42Z
736aff77-5fbc-4912-8e8f-408d49cae2ff,7566013c-1bbf-4e88-b1ca-48092b4e15e4,mk1067,mk1067,active,rafeeq_product_id,rafeeq,,,2026-08-15T22:24:42Z,2026-08-15T22:24:42Z
1f269896-2b2f-4aad-8889-0ab0d2c5723d,7f959dc3-996b-4465-b495-b14a5562f32c,mk1068,mk1068,active,rafeeq_product_id,rafeeq,,,2026-08-15T22:24:42Z,2026-08-15T22:24:42Z
94bd84b8-2c6a-431b-8053-670067439829,ce3f2b63-5b78-4490-aba6-31761fd6e8f1,mk1069,mk1069,active,rafeeq_product_id,rafeeq,,,2026-08-15T22:24:42Z,2026-08-15T22:24:42Z
4acc18e4-52ca-4e73-b928-1baaa93bcce7,665bef16-c93e-41f4-93c8-03945f6e1119,mk1071,mk1071,active,rafeeq_product_id,rafeeq,,,2026-08-15T22:24:42Z,2026-08-15T22:24:42Z
d45cd0d9-5777-49cd-b4b0-640d71fd8735,5193d813-df72-4a7d-aeef-43be270102f2,mk1072,mk1072,active,rafeeq_product_id,rafeeq,,,2026-08-15T22:24:42Z,2026-08-15T22:24:42Z
7e666a63-43e7-4356-a15a-e388fdf3f99f,79a08ab4-fa77-4f59-854a-4b0ca4c33400,mk1073,mk1073,active,rafeeq_product_id,rafeeq,,,2026-08-15T22:24:42Z,2026-08-15T22:24:42Z
125ded5f-2fb7-40d2-a54c-4f48a2523fde,49b6504d-f4ab-430c-b4b7-a2400c5f8d01,mk1074,mk1074,active,rafeeq_product_id,rafeeq,,,2026-08-15T22:24:42Z,2026-08-15T22:24:42Z
56043b73-222d-4555-81c4-ca0de5e09a08,2dd14450-8f1a-4aa6-b924-d3e5e39f3fbc,mk1075,693723526,active,rafeeq_product_id,rafeeq,,,2026-08-15T22:24:42Z,2026-08-15T22:24:42Z
049d4c12-6b75-4db2-acda-b6dd7edefe86,102dd557-0f0e-44dd-9027-3d5664250773,mk1076,mk1076,active,rafeeq_product_id,rafeeq,,,2026-08-15T22:24:42Z,2026-08-15T22:24:42Z
f9637667-4f5a-4236-a259-e298ad3ac106,94098d2f-5091-451f-bbe6-54f7cccb1bd2,mk1077,693723524,active,rafeeq_product_id,rafeeq,,,2026-08-15T22:24:42Z,2026-08-15T22:24:42Z
a02e43e2-7026-4e47-a986-9811d223326c,cf4c3e0d-b337-4933-bcc2-5c47ab602603,mk1078,693723523,active,rafeeq_product_id,rafeeq,,,2026-08-15T22:24:42Z,2026-08-15T22:24:42Z
c7e45b21-9ee1-4597-a59d-d5c89fda36b0,bb3b1752-f7a7-429b-b501-8ce31f49cc99,mk1079,mk1079,active,rafeeq_product_id,rafeeq,,,2026-08-15T22:24:42Z,2026-08-15T22:24:42Z
cdaa57cb-225d-4472-a744-d1e2db7ce706,8df99c41-3c32-4932-b40c-e57766f31cd1,mk1080,693723520,active,rafeeq_product_id,rafeeq,,,2026-08-15T22:24:42Z,2026-08-15T22:24:42Z
8222cb4b-cbbe-45f6-870a-d4f99b5d5ba0,71136da4-dcee-4c41-9617-cb49ab158f08,mk1081,693723290,active,rafeeq_product_id,rafeeq,,,2026-08-15T22:24:42Z,2026-08-15T22:24:42Z
ece6922a-0bdb-42c6-8bba-1c0c0a70db0b,d992372a-796f-4aeb-85a8-604b80a9a669,mk1082,mk1082,active,rafeeq_product_id,rafeeq,,,2026-08-15T22:24:42Z,2026-08-15T22:24:42Z
801a52b9-6bf9-4dca-bbb5-f3dcae0d4565,25d09b59-0a0d-4146-9bce-9b05d79538cc,mk1083,693723288,active,rafeeq_product_id,rafeeq,,,2026-08-15T22:24:42Z,2026-08-15T22:24:42Z
eb634cae-5cf5-400b-8ed1-ffc68114fde0,acd5e1ad-75c9-40c1-a426-3608eb0df296,mk1084,693723286,active,rafeeq_product_id,rafeeq,,,2026-08-15T22:24:42Z,2026-08-15T22:24:42Z
f41558f9-9b39-4226-b3f0-0f5378c56597,f395f6d6-88c9-4e7e-94cd-38df44a961b3,mk1085,693723285,active,rafeeq_product_id,rafeeq,,,2026-08-15T22:24:42Z,2026-08-15T22:24:42Z
b9c5f505-27b0-4d14-a8b6-e8151cf6bcbb,b2686634-eb44-4bf0-8ebf-5751153208bb,mk1086,mk1086,active,rafeeq_product_id,rafeeq,,,2026-08-15T22:24:42Z,2026-08-15T22:24:42Z
7c7c2969-376c-44bd-a457-1f98fb2f2023,dcc1a371-1591-4645-8cd0-15808e9b48c6,mk1087,693723283,active,rafeeq_product_id,rafeeq,,,2026-08-15T22:24:42Z,2026-08-15T22:24:42Z
4897eee9-6536-4d53-9b15-5cec74965529,90459a1f-5363-4dba-9517-117cd37f41b0,mk1088,693723282,active,rafeeq_product_id,rafeeq,,,2026-08-15T22:24:42Z,2026-08-15T22:24:42Z
67203b42-ba91-46ce-90c0-6043ba05c76b,890c90e4-efe1-46a8-baf1-46384b461d2f,mk1089,693723281,active,rafeeq_product_id,rafeeq,,,2026-08-15T22:24:42Z,2026-08-15T22:24:42Z
00a20cc2-ce30-4d57-ba7c-82d8e5f7edc2,e8ee801c-ab7b-45db-bd22-7a4e09e7f85b,mk1090,mk1090,active,rafeeq_product_id,rafeeq,,,2026-08-15T22:24:42Z,2026-08-15T22:24:42Z
75f241e2-51a5-4986-b8fa-c2aa90406561,28fe11b1-0751-4e73-847b-dbb92663fa70,mk1091,mk1091,active,rafeeq_product_id,rafeeq,,,2026-08-15T22:24:42Z,2026-08-15T22:24:42Z
5aceadd8-ec6d-4313-ae30-4641a15c945d,b17c6a30-91ea-4eef-a04f-2852302947a5,mk1092,mk1092,active,rafeeq_product_id,rafeeq,,,2026-08-15T22:24:42Z,2026-08-15T22:24:42Z
9370f507-ddeb-4088-9571-36031e95a318,a4ea1dd1-d587-46c3-82d1-ae8f568db02c,mk1093,mk1093,active,rafeeq_product_id,rafeeq,,,2026-08-15T22:24:42Z,2026-08-15T22:24:42Z
1e552f69-4517-492b-9f80-faad3caea5d7,8ba0eb8f-479e-48fe-b8c3-b25bf50483d7,mk1094,mk1094,active,rafeeq_product_id,rafeeq,,,2026-08-15T22:24:42Z,2026-08-15T22:24:42Z
89e12442-7621-4784-adb0-68ffae2f92b9,95e30672-9182-4c2c-876e-935d02f6dcce,mk1095,mk1095,active,rafeeq_product_id,rafeeq,,,2026-08-15T22:24:42Z,2026-08-15T22:24:42Z
2bd75f22-5d00-4a46-909b-b83e98dea5d3,32aa573b-2c77-496d-9c3d-4accc3fda10f,mk1096,693723254,active,rafeeq_product_id,rafeeq,,,2026-08-15T22:24:42Z,2026-08-15T22:24:42Z
e16ee9a1-33e5-42cc-be70-aca478061b99,7ad8ed0c-0aa6-4372-88be-16a8d88040d7,mk1097,mk1097,active,rafeeq_product_id,rafeeq,,,2026-08-15T22:24:42Z,2026-08-15T22:24:42Z
71494776-5640-4fc2-be50-e615546c19d4,592b11bc-a62f-4173-a5b4-453adb693f0e,mk1098,mk1098,active,rafeeq_product_id,rafeeq,,,2026-08-15T22:24:42Z,2026-08-15T22:24:42Z
9d3f83c0-f4ec-4e92-baa0-7b7dc41c9496,5c391201-0930-418c-a4fd-e5dbdfc15ee0,mk1099,mk1099,active,rafeeq_product_id,rafeeq,,,2026-08-15T22:24:42Z,2026-08-15T22:24:42Z
a647aa2b-c996-449c-be6f-669d53ac9ac6,2c16442a-5123-47c9-a318-5f07b687eeea,mk1100,mk1100,active,rafeeq_product_id,rafeeq,,,2026-08-15T22:24:42Z,2026-08-15T22:24:42Z
6a7c42f2-ec74-497b-a997-d4e0c60b6bbe,546a4624-45a9-4d7b-8f6f-1cc64326590c,mk1101,693723252,active,rafeeq_product_id,rafeeq,,,2026-08-15T22:24:42Z,2026-08-15T22:24:42Z
68872d4f-6f09-43f1-8fe5-df8d0c22033b,f56cb50b-db38-4742-ae92-7c97b8bc4c23,mk1102,693723251,active,rafeeq_product_id,rafeeq,,,2026-08-15T22:24:42Z,2026-08-15T22:24:42Z
d778024f-3240-48f7-8f99-e773c927fa69,3cebe199-f1f6-4e06-a0e0-090fba0034f0,mk1103,mk1103,active,rafeeq_product_id,rafeeq,,,2026-08-15T22:24:42Z,2026-08-15T22:24:42Z
aee7b825-9181-4362-b860-622e633914e7,1a2c307e-d24b-49bd-97d6-a819602e6002,mk1104,693723249,active,rafeeq_product_id,rafeeq,,,2026-08-15T22:24:42Z,2026-08-15T22:24:42Z
009c80e5-4415-49b1-a82e-2146889f18e9,0efb5641-8fdc-4a1e-aae7-c30217b9b1f9,mk1105,693723248,active,rafeeq_product_id,rafeeq,,,2026-08-15T22:24:42Z,2026-08-15T22:24:42Z
6668d94e-189d-4342-8c0b-cbd6cdd639a1,c4e523cc-37f7-4587-b9c7-099885e8e7b3,mk1106,mk1106,active,rafeeq_product_id,rafeeq,,,2026-08-15T22:24:42Z,2026-08-15T22:24:42Z
7edfa21f-ae77-4be8-b59c-6f224f9df229,883e7fd9-d732-479c-9983-c743ecb90a8e,mk1107,mk1107,active,rafeeq_product_id,rafeeq,,,2026-08-15T22:24:42Z,2026-08-15T22:24:42Z
81af740c-ba7f-4f17-aa61-16a788112334,4dbacfdb-eb95-4812-ba27-5e8d7cc0980f,mk1108,mk1108,active,rafeeq_product_id,rafeeq,,,2026-08-15T22:24:42Z,2026-08-15T22:24:42Z
c4ce6a2e-4d36-4e96-bd4f-2e2419ae2ab7,97a96d1c-149e-44ac-b19b-a2cad1dae6e4,mk1109,mk1109,active,rafeeq_product_id,rafeeq,,,2026-08-15T22:24:42Z,2026-08-15T22:24:42Z
19ff51ab-8266-4183-a4b2-9d64d52d767c,1dadcb19-19ce-44a3-a11d-7895f498b126,mk1110,mk1110,active,rafeeq_product_id,rafeeq,,,2026-08-15T22:24:42Z,2026-08-15T22:24:42Z
21c5238c-b964-45c0-96f8-d596de0068db,e19bd98e-6069-4f2a-bbc5-ba1977f489fc,mk1111,mk1111,active,rafeeq_product_id,rafeeq,,,2026-08-15T22:24:42Z,2026-08-15T22:24:42Z
5457bd7b-1795-4421-9c08-541de3382c5a,a566e2d6-4314-49bd-a3ef-0e0c64489353,mk1112,mk1112,active,rafeeq_product_id,rafeeq,,,2026-08-15T22:24:42Z,2026-08-15T22:24:42Z
f32694ed-35cd-4f8c-9b4a-cb0d6ecfd347,72c62551-55ef-4ec0-b937-3bb905255ac3,mk1113,mk1113,active,rafeeq_product_id,rafeeq,,,2026-08-15T22:24:42Z,2026-08-15T22:24:42Z
4f049854-7943-40a7-9370-537c1fc6b1cc,71c6e5aa-6331-44fc-bfba-9f2f001f4c87,mk1114,mk1114,active,rafeeq_product_id,rafeeq,,,2026-08-15T22:24:42Z,2026-08-15T22:24:42Z
7a4f33ce-5a6a-40ec-a61c-4502ce037389,b54ad698-3eb9-4ada-8fd0-3b82fe32c631,mk1115,mk1115,active,rafeeq_product_id,rafeeq,,,2026-08-15T22:24:42Z,2026-08-15T22:24:42Z
69cc9db7-29bf-4f03-ba80-549ef57ecc5c,0d4372a4-8c95-4066-8b70-3ace51a769aa,mk1116,mk1116,active,rafeeq_product_id,rafeeq,,,2026-08-15T22:24:42Z,2026-08-15T22:24:42Z
107d4995-4f1c-4639-82b8-c90e2cd7b47c,eeb22fac-cdb2-4695-adbf-cfd6435779a5,mk1117,mk1117,active,rafeeq_product_id,rafeeq,,,2026-08-15T22:24:42Z,2026-08-15T22:24:42Z
4a6c39b3-d758-45a2-968a-e70b8827eec9,8c1f753b-1dbf-4fc7-b202-e120a8a99ce5,mk1118,693723246,active,rafeeq_product_id,rafeeq,,,2026-08-15T22:24:42Z,2026-08-15T22:24:42Z
cbd15df8-a422-42eb-afbd-a2b9bd2a3696,865c94ed-3b15-4fce-bf50-9ef423c46064,mk1119,mk1119,active,rafeeq_product_id,rafeeq,,,2026-08-15T22:24:42Z,2026-08-15T22:24:42Z
d4b33ea0-0088-40eb-974b-034b3eda150a,ee9947d1-5f23-48f0-8a4b-732a4d29c41f,mk1120,mk1120,active,rafeeq_product_id,rafeeq,,,2026-08-15T22:24:42Z,2026-08-15T22:24:42Z
05f8a76a-60ac-48a0-afe1-20befa0cebf0,268c738e-5f36-4a37-974f-7d9ab138b5ae,mk1121,mk1121,active,rafeeq_product_id,rafeeq,,,2026-08-15T22:24:42Z,2026-08-15T22:24:42Z
b79e44d6-4fbd-49c3-9a5c-8eb8199ded91,bc0e7203-5366-4cbc-ab29-b40c737c8536,mk1122,mk1122,active,rafeeq_product_id,rafeeq,,,2026-08-15T22:24:42Z,2026-08-15T22:24:42Z
02666e2b-2811-49ac-8ef6-e3025fa49fc8,bb033bea-d017-4ceb-9bd1-01ae93cdc1ad,mk1123,mk1123,active,rafeeq_product_id,rafeeq,,,2026-08-15T22:24:42Z,2026-08-15T22:24:42Z
9c518ae3-cfab-45e4-8224-734145979d03,f2ef0f75-b216-48f6-a4a2-b7d78df87d2e,mk1124,mk1124,active,rafeeq_product_id,rafeeq,,,2026-08-15T22:24:42Z,2026-08-15T22:24:42Z
0390010d-8dec-4e5c-8c9d-83da1059c3f1,fda4f365-164d-41ac-9620-ed8e954a24a6,mk1125,mk1125,active,rafeeq_product_id,rafeeq,,,2026-08-15T22:24:42Z,2026-08-15T22:24:42Z
1350fb0c-2beb-45a9-8553-6b53b4093653,e5649d05-5678-4a22-bd5f-a16c80c1ead9,mk1126,mk1126,active,rafeeq_product_id,rafeeq,,,2026-08-15T22:24:42Z,2026-08-15T22:24:42Z
d8587865-78d2-449a-a457-0261cd91321e,e42e35ca-ba3a-49d1-a839-988072f30831,mk1127,mk1127,active,rafeeq_product_id,rafeeq,,,2026-08-15T22:24:42Z,2026-08-15T22:24:42Z
72252a9e-d8b6-4b74-a8c5-6978470e3793,0a567680-cdf4-4586-889e-98ce02e96254,mk1128,mk1128,active,rafeeq_product_id,rafeeq,,,2026-08-15T22:24:42Z,2026-08-15T22:24:42Z
3d8b302d-1e70-41e2-ab10-50c85047f7db,ea1aec72-8752-47eb-b15e-5b03dc258c0d,mk1129,mk1129,active,rafeeq_product_id,rafeeq,,,2026-08-15T22:24:42Z,2026-08-15T22:24:42Z
82e0e021-bb7e-49a9-b28b-f2180cf2003a,8a9b4ae5-bd8f-4611-8a08-fa796bb0920f,mk1130,mk1130,active,rafeeq_product_id,rafeeq,,,2026-08-15T22:24:42Z,2026-08-15T22:24:42Z
50abd4c3-e120-4652-8187-ddc9674f7c6e,c8b6bb88-dc6e-4338-af97-019504064bce,mk1131,mk1131,active,rafeeq_product_id,rafeeq,,,2026-08-15T22:24:42Z,2026-08-15T22:24:42Z
7209fb67-e028-415e-b30f-c7ccbff4eaa8,03538080-dc05-4c69-b669-4b8e21b1381d,mk1132,mk1132,active,rafeeq_product_id,rafeeq,,,2026-08-15T22:24:42Z,2026-08-15T22:24:42Z
707ce7ae-239f-478c-baf5-00d24cecfd4b,32d9c5aa-6d5d-470f-bac5-874b7d7c0199,mk1133,mk1133,active,rafeeq_product_id,rafeeq,,,2026-08-15T22:24:42Z,2026-08-15T22:24:42Z
e0a59a27-e59a-4fff-9ac9-1d4ffe2ef753,fb1b702d-3209-4f4c-b9bd-eddee572ec89,mk1134,mk1134,active,rafeeq_product_id,rafeeq,,,2026-08-15T22:24:42Z,2026-08-15T22:24:42Z
b3e7a887-a7c0-4cbf-ac57-24d35f5bdf37,f9871f35-e4a9-44cb-9c7f-144283b9cb25,mk1135,mk1135,active,rafeeq_product_id,rafeeq,,,2026-08-15T22:24:42Z,2026-08-15T22:24:42Z
cd39a089-191f-47ed-b8b0-80fcd9822d0f,81d661bd-3533-4ea0-a2b0-51ab42ca65bc,mk1136,mk1136,active,rafeeq_product_id,rafeeq,,,2026-08-15T22:24:42Z,2026-08-15T22:24:42Z
b5681980-7c43-432b-9165-5fea541d791b,9f0a37c1-a339-40ab-8ad1-419bb177030c,mk1137,mk1137,active,rafeeq_product_id,rafeeq,,,2026-08-15T22:24:42Z,2026-08-15T22:24:42Z
29d0a256-1194-4502-acdd-5596dd981c06,3effed04-8719-4b9d-abf8-cf8ad2f631ed,mk1138,mk1138,active,rafeeq_product_id,rafeeq,,,2026-08-15T22:24:42Z,2026-08-15T22:24:42Z
bb5c6b56-abba-4f3a-bc12-b2af59e8946b,cd6cfbca-0b55-454d-9a4d-472cd7346d26,mk1139,mk1139,active,rafeeq_product_id,rafeeq,,,2026-08-15T22:24:42Z,2026-08-15T22:24:42Z
560106d2-c4c1-45b7-a779-2defda963706,69844b99-716b-42a7-8a04-7305deecad04,mk1140,mk1140,active,rafeeq_product_id,rafeeq,,,2026-08-15T22:24:42Z,2026-08-15T22:24:42Z
7d09e5cc-4a15-43b7-b8f5-ba8a62638e8b,bfed6769-becf-4177-9d90-99c02cdd5097,mk1141,693723132,active,rafeeq_product_id,rafeeq,,,2026-08-15T22:24:42Z,2026-08-15T22:24:42Z
97d8f7ec-df7c-4651-95d1-2d72e3ba04aa,c7506eb8-90d6-4928-b07d-521f955d396e,mk1142,mk1142,active,rafeeq_product_id,rafeeq,,,2026-08-15T22:24:42Z,2026-08-15T22:24:42Z
2827a836-495d-4624-a290-371965d0f45e,9527dd2a-528b-4578-bdec-e583afb713b1,mk1143,693723129,active,rafeeq_product_id,rafeeq,,,2026-08-15T22:24:42Z,2026-08-15T22:24:42Z
853ae1dd-4002-4d8c-a6b1-6038cadf2b00,bd48c6fa-91c3-45cc-824b-a3f64d248155,mk1144,mk1144,active,rafeeq_product_id,rafeeq,,,2026-08-15T22:24:42Z,2026-08-15T22:24:42Z
40984308-c791-4131-9964-1aebf08ede3c,aea5f61c-407d-446e-a2e2-2b71f883fcc9,mk1145,mk1145,active,rafeeq_product_id,rafeeq,,,2026-08-15T22:24:42Z,2026-08-15T22:24:42Z
3360cf0c-518e-402a-8deb-584c9473aff7,694bc8a8-97ca-4b6b-ae3c-dbcaa715bac7,mk1146,mk1146,active,rafeeq_product_id,rafeeq,,,2026-08-15T22:24:42Z,2026-08-15T22:24:42Z
fcc7fe99-60b3-455b-8800-7f8ae565a3f6,bcb7c7ac-5960-4ee6-840e-8bc8ca545e0f,mk1147,mk1147,active,rafeeq_product_id,rafeeq,,,2026-08-15T22:24:42Z,2026-08-15T22:24:42Z
f33dae57-654a-4b4e-996e-533960693ac9,1198d737-7d52-4a6c-8c0d-01ff502ee60d,mk1148,mk1148,active,rafeeq_product_id,rafeeq,,,2026-08-15T22:24:42Z,2026-08-15T22:24:42Z
5dbc5b3e-33fd-4bfa-8be8-027a5054331f,2bf1a143-8278-40f6-8651-2d23c6ce76d8,mk1149,mk1149,active,rafeeq_product_id,rafeeq,,,2026-08-15T22:24:42Z,2026-08-15T22:24:42Z
675ed14c-9425-4ccc-b8bc-e8f54b0afacd,884e68e2-7d26-4567-8f86-3bd6c44702e8,mk1150,mk1150,active,rafeeq_product_id,rafeeq,,,2026-08-15T22:24:42Z,2026-08-15T22:24:42Z
19ca4b5e-ac9f-43e6-9362-f1f11930553f,5f1edb21-af11-49d0-905e-918620f1a9f9,mk1151,mk1151,active,rafeeq_product_id,rafeeq,,,2026-08-15T22:24:42Z,2026-08-15T22:24:42Z
f3a84359-3ff7-45f6-9134-2fb85719eddd,05a22a40-7cef-439e-9568-9b4f31ca3551,mk1152,mk1152,active,rafeeq_product_id,rafeeq,,,2026-08-15T22:24:42Z,2026-08-15T22:24:42Z
27dbc476-c196-487c-9545-b87cb284d02f,a2897246-ce4b-411b-b2b5-7b2cad07c7b7,mk1153,mk1153,active,rafeeq_product_id,rafeeq,,,2026-08-15T22:24:42Z,2026-08-15T22:24:42Z
54a1e54d-1dbd-48cb-9120-a541e3fc505d,3d20a458-b71b-434e-ae95-576a00b5b91a,mk1154,mk1154,active,rafeeq_product_id,rafeeq,,,2026-08-15T22:24:42Z,2026-08-15T22:24:42Z
5f950971-1f50-4911-b181-dc7db0ff5306,c4ec1e6a-fa75-4e3b-99c3-973f09478219,mk1155,mk1155,active,rafeeq_product_id,rafeeq,,,2026-08-15T22:24:42Z,2026-08-15T22:24:42Z
c7905acd-5275-41f8-9395-bbc39c9fd866,0001f445-a6aa-4d0e-abdb-9b60152e0175,mk1156,mk1156,active,rafeeq_product_id,rafeeq,,,2026-08-15T22:24:42Z,2026-08-15T22:24:42Z
978e2e6d-210b-47e1-b267-9095a586f272,c3e4df30-4b0d-4efc-837f-7c0566b80ccd,mk1157,mk1157,active,rafeeq_product_id,rafeeq,,,2026-08-15T22:24:42Z,2026-08-15T22:24:42Z
ce22e87b-1ef2-4fe6-b0ec-54cc5d0dc371,67b6a6cf-4882-4d1a-8f81-7b02a2df7617,mk1158,mk1158,active,rafeeq_product_id,rafeeq,,,2026-08-15T22:24:42Z,2026-08-15T22:24:42Z
829e9eae-5ef5-4aa8-b914-ae7732e25387,c1dcf1a6-8368-4acd-9d56-c4d0d96200ff,mk1159,mk1159,active,rafeeq_product_id,rafeeq,,,2026-08-15T22:24:42Z,2026-08-15T22:24:42Z
f2d64ec8-1be4-4508-8978-d0e042e85377,59e3aa21-6c84-45fe-acce-2b82720b7e53,mk1160,mk1160,active,rafeeq_product_id,rafeeq,,,2026-08-15T22:24:42Z,2026-08-15T22:24:42Z
0f6f140d-903b-41d2-b5de-436d94a7e4a0,bbc3e724-7b12-44bf-81dd-3f025755be93,mk1161,mk1161,active,rafeeq_product_id,rafeeq,,,2026-08-15T22:24:42Z,2026-08-15T22:24:42Z
becf23ba-97fa-43e8-8061-b5e2c2aa5bbe,f71088cd-f58b-4885-b302-cddc7b4af0ae,mk1162,mk1162,active,rafeeq_product_id,rafeeq,,,2026-08-15T22:24:42Z,2026-08-15T22:24:42Z
817c2381-7dac-4358-945d-708f5d805b9e,6919244a-a868-4f1e-bafc-0c0af4638080,mk1164,mk1164,active,rafeeq_product_id,rafeeq,,,2026-08-15T22:24:42Z,2026-08-15T22:24:42Z
531b490b-1a64-48e9-b869-40d281d9b573,a3fc6f1c-99a1-436d-a31e-fc45601b4e02,mk1165,mk1165,active,rafeeq_product_id,rafeeq,,,2026-08-15T22:24:42Z,2026-08-15T22:24:42Z
d5fb1c6c-310f-4b8e-be26-6fb255c03880,e6f2fd6e-9ffe-4506-9ac6-8c66dbe2b314,mk1166,mk1166,active,rafeeq_product_id,rafeeq,,,2026-08-15T22:24:42Z,2026-08-15T22:24:42Z
12732245-7313-4690-993e-934c25f6021b,f355dc34-bd9a-4f66-886e-c3e186812688,mk1167,mk1167,active,rafeeq_product_id,rafeeq,,,2026-08-15T22:24:42Z,2026-08-15T22:24:42Z
8b8da3f9-a0cb-4fed-93ee-efcdc5d1f471,9cd19d5e-c961-4ba5-9111-c940583e9fbc,mk1168,mk1168,active,rafeeq_product_id,rafeeq,,,2026-08-15T22:24:42Z,2026-08-15T22:24:42Z
65a541ed-80f8-4776-9431-9f76d9410d01,e570d024-ec6c-4f80-8ca5-89cdc62b5bec,mk1169,mk1169,active,rafeeq_product_id,rafeeq,,,2026-08-15T22:24:42Z,2026-08-15T22:24:42Z
1f91fbe3-5c2c-4cad-b869-0309a43411da,ff925e05-8951-4ab2-9e78-6d3338bf8e89,mk1170,mk1170,active,rafeeq_product_id,rafeeq,,,2026-08-15T22:24:42Z,2026-08-15T22:24:42Z
c2ce55e8-0fd3-4146-87fb-b84efba2e752,8daeea3f-6e0b-46bc-b4a8-7f9d5ecef70a,mk1171,mk1171,active,rafeeq_product_id,rafeeq,,,2026-08-15T22:24:42Z,2026-08-15T22:24:42Z
4377aecd-e131-4409-b496-20ada60e6ac9,1185a2f0-dbc6-44e0-88be-9ed0c79fe8bf,mk1172,mk1172,active,rafeeq_product_id,rafeeq,,,2026-08-15T22:24:42Z,2026-08-15T22:24:42Z
1b99a2a0-451d-40a6-a5a2-b3ad543e1238,49e9fd2d-dcbe-4528-a8ad-07550d55c2c7,mk1173,mk1173,active,rafeeq_product_id,rafeeq,,,2026-08-15T22:24:42Z,2026-08-15T22:24:42Z
029811e6-e80a-414b-9ece-0a671adb21a9,cfe1b0fb-41bd-4996-b0d8-06404d2f25c0,mk1174,mk1174,active,rafeeq_product_id,rafeeq,,,2026-08-15T22:24:42Z,2026-08-15T22:24:42Z
58094a01-955f-41c6-ab1e-663984810e39,7ffd8ccb-1088-4fc9-81f7-87e578ef94c6,mk1175,mk1175,active,rafeeq_product_id,rafeeq,,,2026-08-15T22:24:42Z,2026-08-15T22:24:42Z
5b329a15-d3d3-4a24-822b-bd9b389761a1,f50fecf7-22d6-4ad8-b755-e1e863d68135,mk1176,mk1176,active,rafeeq_product_id,rafeeq,,,2026-08-15T22:24:42Z,2026-08-15T22:24:42Z
eda1f47a-8f39-427c-9aa4-1968e96c9828,e5447890-7ed7-4742-a2f2-b56bb40ae1fa,mk1177,mk1177,active,rafeeq_product_id,rafeeq,,,2026-08-15T22:24:42Z,2026-08-15T22:24:42Z
61155912-baa2-40b3-a19d-fabda2dff281,f5bbe6bb-de96-4d04-accd-764a937e6bc6,mk1178,mk1178,active,rafeeq_product_id,rafeeq,,,2026-08-15T22:24:42Z,2026-08-15T22:24:42Z
2dd361be-e258-4e1e-bb8d-a2954e0c5f42,41643f28-ba3e-48c0-bbdd-63d077c73e9c,mk1179,mk1179,active,rafeeq_product_id,rafeeq,,,2026-08-15T22:24:42Z,2026-08-15T22:24:42Z
e73840e2-8eaa-413f-a0e7-9ca3c6796c11,d8a36faa-25cf-4bb4-8750-58a1e240919e,mk1180,mk1180,active,rafeeq_product_id,rafeeq,,,2026-08-15T22:24:42Z,2026-08-15T22:24:42Z
1275c7ab-4a17-448e-89ee-e2b7f705c89c,9832039a-a2e0-4dc1-9e34-3b157c117553,mk1181,mk1181,active,rafeeq_product_id,rafeeq,,,2026-08-15T22:24:42Z,2026-08-15T22:24:42Z
bad10738-dbed-4053-9b05-c09c872ca6aa,511f51fd-680b-402c-81cc-461b3532e087,mk1182,mk1182,active,rafeeq_product_id,rafeeq,,,2026-08-15T22:24:42Z,2026-08-15T22:24:42Z
5ed2d5f1-9d6e-4e7e-b9d2-d4b7dc19b159,2fc86706-8bbd-4843-87f2-fb037afa396a,mk1183,mk1183,active,rafeeq_product_id,rafeeq,,,2026-08-15T22:24:42Z,2026-08-15T22:24:42Z
a5db86e3-2e48-4fa9-b940-4c33f6c0221d,f1fe6649-6486-4d49-8522-cca25e4900a9,mk1184,mk1184,active,rafeeq_product_id,rafeeq,,,2026-08-15T22:24:42Z,2026-08-15T22:24:42Z
68834dd1-e14e-4f59-8edd-cfd05468501f,6b015ab7-22fc-423f-8b93-f32cf4857f20,mk1185,mk1185,active,rafeeq_product_id,rafeeq,,,2026-08-15T22:24:42Z,2026-08-15T22:24:42Z
5aeab871-de6d-4b46-ab07-6741494cd1dc,62467c5f-c51e-47c6-a50e-59fc4a9ce6fe,mk1186,mk1186,active,rafeeq_product_id,rafeeq,,,2026-08-15T22:24:42Z,2026-08-15T22:24:42Z
7d11d1ca-e5be-43b6-a016-6db6f740acbe,27f5ad1e-f7e0-455e-8cf7-822e883aff95,mk1187,mk1187,active,rafeeq_product_id,rafeeq,,,2026-08-15T22:24:42Z,2026-08-15T22:24:42Z
a32482d9-1c6a-4801-b930-ed0fcf401da0,90925b97-855e-452f-b222-cbd0b6c898c8,mk1188,mk1188,active,rafeeq_product_id,rafeeq,,,2026-08-15T22:24:42Z,2026-08-15T22:24:42Z
98f4fa24-236f-4087-8d4f-6e1ea637a288,d785b448-31d6-4195-babd-b09493b682da,mk1189,mk1189,active,rafeeq_product_id,rafeeq,,,2026-08-15T22:24:42Z,2026-08-15T22:24:42Z
d386098a-25fa-4c88-aa8e-1da70d6543f3,7b8b2cd8-5fcb-42a6-b30b-3642922fddc7,mk1190,mk1190,active,rafeeq_product_id,rafeeq,,,2026-08-15T22:24:42Z,2026-08-15T22:24:42Z
0ed0adf1-91a9-4cc7-8161-925317dd8753,a3c57059-d069-4435-88c9-6b1430936cc4,mk1191,mk1191,active,rafeeq_product_id,rafeeq,,,2026-08-15T22:24:42Z,2026-08-15T22:24:42Z
08a7f130-185b-4126-8fb5-49f7fb12722f,ac5b3e93-753a-4f56-9f6a-305a68463bd2,mk1192,mk1192,active,rafeeq_product_id,rafeeq,,,2026-08-15T22:24:42Z,2026-08-15T22:24:42Z
767113ed-24fe-4dac-a6f0-426f766ffaae,56401857-bb33-42af-9196-1dde04c407f1,mk1193,mk1193,active,rafeeq_product_id,rafeeq,,,2026-08-15T22:24:42Z,2026-08-15T22:24:42Z
997d04ef-c023-4330-b7c2-463c5b8784d4,b568dd39-d533-4aa7-be1f-48e99d75c4b3,mk1194,mk1194,active,rafeeq_product_id,rafeeq,,,2026-08-15T22:24:42Z,2026-08-15T22:24:42Z
bab49657-8efd-42d9-829e-0d4af5e84de2,15acc3d0-6645-4a75-ab6d-38f22db42ea4,mk1195,mk1195,active,rafeeq_product_id,rafeeq,,,2026-08-15T22:24:42Z,2026-08-15T22:24:42Z
e542c293-cd37-48a5-bcea-b0fce2d4e0a1,4c41309c-a30b-4f3d-8856-b27525af535d,mk1196,mk1196,active,rafeeq_product_id,rafeeq,,,2026-08-15T22:24:42Z,2026-08-15T22:24:42Z
11dbe866-9390-4ecc-98be-9d4f9c1249e7,116b0f99-2313-454a-83a8-97e74d7e3273,mk1199,mk1199,active,rafeeq_product_id,rafeeq,,,2026-08-15T22:24:42Z,2026-08-15T22:24:42Z
fae0cc0f-2edf-45ca-abd4-6160b95364cd,327efb23-13ed-48ce-bf48-488669627c37,mk1200,mk1200,active,rafeeq_product_id,rafeeq,,,2026-08-15T22:24:42Z,2026-08-15T22:24:42Z
3aa75e6f-726b-4de1-902d-fcad28768577,885e1048-afba-48fc-b8ce-2d5df7036cdb,mk1201,mk1201,active,rafeeq_product_id,rafeeq,,,2026-08-15T22:24:42Z,2026-08-15T22:24:42Z
7d08e1b7-ea4f-4981-b788-4071c5ea69e3,5f14c58b-5edb-4daa-bcc1-7a9ae9563399,mk1202,mk1202,active,rafeeq_product_id,rafeeq,,,2026-08-15T22:24:42Z,2026-08-15T22:24:42Z
bf2f1279-b104-4f45-a700-4e16d8475ce2,46ab4623-c0ff-4e95-81a1-b1467a4a3844,mk1203,mk1203,active,rafeeq_product_id,rafeeq,,,2026-08-15T22:24:42Z,2026-08-15T22:24:42Z
45dca64e-1b48-4f90-935a-7734f544a22a,2a44038b-37d6-4d36-81bf-1b8d6b87330b,mk1204,mk1204,active,rafeeq_product_id,rafeeq,,,2026-08-15T22:24:42Z,2026-08-15T22:24:42Z
062df6cd-bd23-4fac-8066-3ff844d5c1ae,5b30876b-da7e-4e52-9b16-d49d9ba1f2ea,mk1205,mk1205,active,rafeeq_product_id,rafeeq,,,2026-08-15T22:24:42Z,2026-08-15T22:24:42Z
86831d27-76d3-4ce3-9fef-21a947c2df2f,c5e23478-8642-4f56-bd3b-29609ed5de15,mk1206,mk1206,active,rafeeq_product_id,rafeeq,,,2026-08-15T22:24:42Z,2026-08-15T22:24:42Z
c8ff2c49-5f58-4fa6-960c-36a443fe53e7,3f1df508-f115-4c67-8fba-e9a400a43220,mk1207,mk1207,active,rafeeq_product_id,rafeeq,,,2026-08-15T22:24:42Z,2026-08-15T22:24:42Z
bb147eb3-59c5-4969-91b6-a8467d3ebb4a,9922fc90-910e-44d7-a779-b166d60d7711,mk1208,692810440,active,rafeeq_product_id,rafeeq,,,2026-08-15T22:24:42Z,2026-08-15T22:24:42Z
a0d74857-dc3a-47e5-97dc-f931fa5d2e04,d1997397-df1a-4fd6-83e0-791b8e783f6b,mk1212,mk1212,active,rafeeq_product_id,rafeeq,,,2026-08-15T22:24:42Z,2026-08-15T22:24:42Z
d79f4052-1a80-4b18-a5f8-85c8d1084ccb,57110ce1-b8e3-4eec-9a10-029c880fb5f0,mk1213,691300488,active,rafeeq_product_id,rafeeq,,,2026-08-15T22:24:42Z,2026-08-15T22:24:42Z
d6ba54a2-32ce-47fc-a35d-efc1839b3cfa,4f5a894b-afe6-4f1e-a8be-eb499d4c17b5,mk1214,mk1214,active,rafeeq_product_id,rafeeq,,,2026-08-15T22:24:42Z,2026-08-15T22:24:42Z
01801c8c-326d-4391-8c5a-a28350539310,5e50f48f-b2b5-4bf3-b0c8-86f28449411d,mk1215,mk1215,active,rafeeq_product_id,rafeeq,,,2026-08-15T22:24:42Z,2026-08-15T22:24:42Z
3e6ab6fc-0f14-41f8-af63-7738e645d692,f19ebd4f-872a-4678-ac8d-887ebe8193ce,mk1216,mk1216,active,rafeeq_product_id,rafeeq,,,2026-08-15T22:24:42Z,2026-08-15T22:24:42Z
164a64c0-9397-40f2-9f6e-f20ed4a19c88,1bc2ee61-a60d-42d5-9486-7e88d3198229,mk1217,mk1217,active,rafeeq_product_id,rafeeq,,,2026-08-15T22:24:42Z,2026-08-15T22:24:42Z
b07f4978-3c4e-42d9-af59-c2221bd4b881,46f206c5-6983-428b-862c-e961f082fd4b,mk1218,mk1218,active,rafeeq_product_id,rafeeq,,,2026-08-15T22:24:42Z,2026-08-15T22:24:42Z
62740949-6fba-4f27-895b-6635d11c8855,6fc06188-8a70-4993-9395-0e5a57cc11ef,mk1219,mk1219,active,rafeeq_product_id,rafeeq,,,2026-08-15T22:24:42Z,2026-08-15T22:24:42Z
889839b8-04cf-4e7e-bfc5-68ee1486d01f,a14bf2e0-1c55-4b93-b9a3-8cf06c7dab04,mk1220,mk1220,active,rafeeq_product_id,rafeeq,,,2026-08-15T22:24:42Z,2026-08-15T22:24:42Z
a37714d2-86f4-4710-9993-56058c625932,62ccbf69-f4fb-47d6-8a83-8dc400744b34,mk1221,mk1221,active,rafeeq_product_id,rafeeq,,,2026-08-15T22:24:42Z,2026-08-15T22:24:42Z
7c032955-91ed-4cdb-a60d-090f7f0d058a,1361c99f-ba25-4d15-834c-b3b834343fef,mk1222,mk1222,active,rafeeq_product_id,rafeeq,,,2026-08-15T22:24:42Z,2026-08-15T22:24:42Z
e9826793-311b-4122-83c2-72b98e3bce67,85d4250b-5a1e-4394-8a70-9ce1b9c371d3,mk1223,mk1223,active,rafeeq_product_id,rafeeq,,,2026-08-15T22:24:42Z,2026-08-15T22:24:42Z
7fe6e44b-1bcf-4b7b-8608-6fb2a6ebe08f,52997354-f238-49f1-ae30-2214a83a521e,mk1224,mk1224,active,rafeeq_product_id,rafeeq,,,2026-08-15T22:24:42Z,2026-08-15T22:24:42Z
c53467ad-8782-4c44-a034-eb6fb388b75c,e0bf36c3-3e7e-4b9c-bebc-d7fdfef1057d,mk1225,691300536,active,rafeeq_product_id,rafeeq,,,2026-08-15T22:24:42Z,2026-08-15T22:24:42Z
87e5c71b-572d-4388-a442-d23e3f048212,c886d153-2433-4dd7-a8e5-87c15ba0926f,mk1226,692810450,active,rafeeq_product_id,rafeeq,,,2026-08-15T22:24:42Z,2026-08-15T22:24:42Z
be0cbe66-6517-47e1-9a8d-c8d7de20ad39,f739282d-b63b-49b9-949b-824d15a61775,mk1227,mk1227,active,rafeeq_product_id,rafeeq,,,2026-08-15T22:24:42Z,2026-08-15T22:24:42Z
b94ef44c-956a-4094-b129-1548c53e388a,a811f1fd-762e-4a9b-a683-cce8e28e9fe8,mk1228,692810444,active,rafeeq_product_id,rafeeq,,,2026-08-15T22:24:42Z,2026-08-15T22:24:42Z
de2af77e-85ae-4397-9801-73923c2902b6,364490f9-d8c8-4ec2-a2d4-ad91d6455008,mk1229,692810443,active,rafeeq_product_id,rafeeq,,,2026-08-15T22:24:42Z,2026-08-15T22:24:42Z
0a61cc41-71b2-439e-b765-f79c9029de70,deaa8f06-9035-40a1-b748-6b6bb6c4d2e1,mk1230,mk1230,active,rafeeq_product_id,rafeeq,,,2026-08-15T22:24:42Z,2026-08-15T22:24:42Z
e6acd58a-8ac9-4abd-b901-03a5f0bdd2e9,88a9fa7d-2061-4eba-945d-bf698dbcbb8e,mk1231,mk1231,active,rafeeq_product_id,rafeeq,,,2026-08-15T22:24:42Z,2026-08-15T22:24:42Z
fe37a3dd-6fbd-46f6-b1f0-81bcc58281c9,b8450199-121e-420c-95ef-73ac6d865312,mk1232,mk1232,active,rafeeq_product_id,rafeeq,,,2026-08-15T22:24:42Z,2026-08-15T22:24:42Z
648d7d07-0ed9-4e67-b1a7-195f2bb66b87,64282a68-4739-4063-9de8-a940ea4b4aee,mk1233,mk1233,active,rafeeq_product_id,rafeeq,,,2026-08-15T22:24:42Z,2026-08-15T22:24:42Z
0c61f5db-9796-4fd2-b732-398800f452fc,1651f1c6-7491-46d3-a1da-24fa0a1eb10c,mk1234,mk1234,active,rafeeq_product_id,rafeeq,,,2026-08-15T22:24:42Z,2026-08-15T22:24:42Z
a40454be-b00c-4fe4-a665-d292b0693e75,45cde018-23dc-490f-ad84-6b7141fad60a,mk1235,mk1235,active,rafeeq_product_id,rafeeq,,,2026-08-15T22:24:42Z,2026-08-15T22:24:42Z
a6c77752-b460-488c-860f-0d6e4fff3138,7f5a0474-82cb-42ce-b03a-85c64ef06410,mk1236,mk1236,active,rafeeq_product_id,rafeeq,,,2026-08-15T22:24:42Z,2026-08-15T22:24:42Z
efd196ea-6cce-4132-b9f9-e9cb48468fca,43f2feaf-93ad-4e54-8e7b-ae411020e561,mk1237,mk1237,active,rafeeq_product_id,rafeeq,,,2026-08-15T22:24:42Z,2026-08-15T22:24:42Z
71a6957a-2364-4436-a76c-206216ecdb57,601a4d24-2a27-4a62-a678-0a55bd37b235,mk1238,mk1238,active,rafeeq_product_id,rafeeq,,,2026-08-15T22:24:42Z,2026-08-15T22:24:42Z
fe0263cd-9b4f-4499-9e1f-a4711a21c671,1e2d110c-2605-486f-9d30-4e4812a4bb3e,mk1239,mk1239,active,rafeeq_product_id,rafeeq,,,2026-08-15T22:24:42Z,2026-08-15T22:24:42Z
6d075076-b1e6-43be-ad8f-a51fe9dfc060,98d4d00a-b999-4b98-98aa-e8c946a9ed1c,mk1240,mk1240,active,rafeeq_product_id,rafeeq,,,2026-08-15T22:24:42Z,2026-08-15T22:24:42Z
0c463636-4cfa-42b5-9453-e41a192515bf,ee507044-b8f1-4a9d-957b-665b82bb5ee2,mk1241,692737152,active,rafeeq_product_id,rafeeq,,,2026-08-15T22:24:42Z,2026-08-15T22:24:42Z
7965d1b1-551c-4b4e-adf4-cc2cb69d1e15,c47c1f4a-03dd-46e9-a75f-ba2903fb4125,mk1242,mk1242,active,rafeeq_product_id,rafeeq,,,2026-08-15T22:24:42Z,2026-08-15T22:24:42Z
13b64219-11e3-489a-a2b9-4c5e8bea15b5,7abab9c6-933d-4668-9cf3-2cde2757f03e,mk1243,mk1243,active,rafeeq_product_id,rafeeq,,,2026-08-15T22:24:42Z,2026-08-15T22:24:42Z
940944dc-2327-4371-b856-02b3565863f7,72b92343-4b50-4bb9-8cd5-8fe3e086bb41,mk1244,mk1244,active,rafeeq_product_id,rafeeq,,,2026-08-15T22:24:42Z,2026-08-15T22:24:42Z
7b23abf2-6028-4add-811d-80bcd2fbd639,d8465a55-b5ed-42e5-ac1e-2b322186e4cc,mk1246,mk1246,active,rafeeq_product_id,rafeeq,,,2026-08-15T22:24:42Z,2026-08-15T22:24:42Z
d45669e1-aeda-4a15-a3b9-ea9bcb54f1ac,691c3619-5d42-4966-856b-6d81a53a26d2,mk1247,mk1247,active,rafeeq_product_id,rafeeq,,,2026-08-15T22:24:42Z,2026-08-15T22:24:42Z
1dbc24a1-7f7f-46c9-88b1-e7c52b46f0ad,40a33bac-6f28-4ca6-99bd-acb05736bf78,mk1248,mk1248,active,rafeeq_product_id,rafeeq,,,2026-08-15T22:24:42Z,2026-08-15T22:24:42Z
c4537dc0-7826-4fd9-82b1-c027710db1b2,39321f34-5f10-49d5-b9ae-971646cb80b8,mk1249,mk1249,active,rafeeq_product_id,rafeeq,,,2026-08-15T22:24:42Z,2026-08-15T22:24:42Z
825ddd21-af7d-43e3-8204-4b0693410406,9f47ad84-dd5d-4c4d-b7a0-716bec6a0224,mk1250,mk1250,active,rafeeq_product_id,rafeeq,,,2026-08-15T22:24:42Z,2026-08-15T22:24:42Z
1135171f-4ae2-4a21-96c2-c8002df42c74,c5e5b578-864a-4c90-87d7-d86c830c0624,mk1251,mk1251,active,rafeeq_product_id,rafeeq,,,2026-08-15T22:24:42Z,2026-08-15T22:24:42Z
f9056b0b-eda7-4550-ae90-4bc4547f5d34,6d27309b-2254-406d-85d7-57d00329ba8a,mk1252,mk1252,active,rafeeq_product_id,rafeeq,,,2026-08-15T22:24:42Z,2026-08-15T22:24:42Z
dac39161-d833-47b1-ad2e-aa30c82a03fe,9dd2dd51-16e0-4c54-b6cd-81d8521e7741,mk1253,mk1253,active,rafeeq_product_id,rafeeq,,,2026-08-15T22:24:42Z,2026-08-15T22:24:42Z
bbf7d408-b15a-4e88-8095-4b4e35507b95,964e5d9d-d222-46b6-83ad-b1f166f4d0ff,mk1254,mk1254,active,rafeeq_product_id,rafeeq,,,2026-08-15T22:24:42Z,2026-08-15T22:24:42Z
1155d9e3-91e7-43c8-9080-4614e2f2d870,a875a179-4183-4b65-bd15-cd2542cf5865,mk1255,mk1255,active,rafeeq_product_id,rafeeq,,,2026-08-15T22:24:42Z,2026-08-15T22:24:42Z
05f3e47d-fb5c-43b5-9a8f-4488f7dacc5a,d5edafa5-e1bc-4090-b5f9-04569acd7cb1,mk1256,mk1256,active,rafeeq_product_id,rafeeq,,,2026-08-15T22:24:42Z,2026-08-15T22:24:42Z
ee1e9b7f-41f3-44a8-a278-3f5da984f736,86d51424-4ee2-4cc8-9b44-13341780372e,mk1257,692376797,active,rafeeq_product_id,rafeeq,,,2026-08-15T22:24:42Z,2026-08-15T22:24:42Z
98d6d158-9c0d-4719-8f60-92336a6f0358,c0651643-4464-4e84-8d4c-416ca55d8515,mk1258,692376727,active,rafeeq_product_id,rafeeq,,,2026-08-15T22:24:42Z,2026-08-15T22:24:42Z
d7540c0a-0b0c-42fb-a1fc-8b1391b52524,dd0ce6d9-c7c2-478f-987e-9b5c701d32ab,mk1259,692376726,active,rafeeq_product_id,rafeeq,,,2026-08-15T22:24:42Z,2026-08-15T22:24:42Z
d34490d9-e82b-4615-9410-2a90745cd076,6bc19700-6986-416f-b19f-432836505768,mk1260,mk1260,active,rafeeq_product_id,rafeeq,,,2026-08-15T22:24:42Z,2026-08-15T22:24:42Z
e6f04aab-4206-4e4e-9e42-a3639da4fddd,d27c5f73-bb88-4e09-9ed3-051a615baa6d,mk1261,692376724,active,rafeeq_product_id,rafeeq,,,2026-08-15T22:24:42Z,2026-08-15T22:24:42Z
28565368-2222-4831-8ba3-1dd2a3bc6da1,3e408c48-91b3-4042-be00-18a2bcd00087,mk1262,692376723,active,rafeeq_product_id,rafeeq,,,2026-08-15T22:24:42Z,2026-08-15T22:24:42Z
b74a88f8-8463-4271-a750-2559b7fd71b6,66a34b01-edfb-44f7-8b45-c8b4d007a991,mk1263,mk1263,active,rafeeq_product_id,rafeeq,,,2026-08-15T22:24:42Z,2026-08-15T22:24:42Z
b68741ec-4dea-48e4-8dde-7c14a2a11b6d,35c00abe-540b-478d-ae53-73259109ea4a,mk1264,692229064,active,rafeeq_product_id,rafeeq,,,2026-08-15T22:24:42Z,2026-08-15T22:24:42Z
d38c9572-8633-4613-843a-74ce6f420888,117f119e-201a-40e9-8763-10904dbc1734,mk1265,mk1265,active,rafeeq_product_id,rafeeq,,,2026-08-15T22:24:42Z,2026-08-15T22:24:42Z
d67804eb-9763-483d-b746-baf3c429af36,88075eb4-4ba8-455c-80d5-948bd2c11833,mk1266,691914746,active,rafeeq_product_id,rafeeq,,,2026-08-15T22:24:42Z,2026-08-15T22:24:42Z
1682e228-e5cf-4b0c-a451-9a0d3087fd75,af686dd0-a435-40b3-9699-d5cad6380e98,mk1268,mk1268,active,rafeeq_product_id,rafeeq,,,2026-08-15T22:24:42Z,2026-08-15T22:24:42Z
21dca44c-36ca-4a09-bc1d-3c3d0f1fb749,91c3c2b4-0778-4d4e-bbcb-4b876788c5a0,mk1269,mk1269,active,rafeeq_product_id,rafeeq,,,2026-08-15T22:24:42Z,2026-08-15T22:24:42Z
a8f4ade7-2fe4-48b3-b2ec-91f235b698c5,3fef1c7a-3ece-4d92-b0d6-ec79c1a5bdb1,mk1270,691914610,active,rafeeq_product_id,rafeeq,,,2026-08-15T22:24:42Z,2026-08-15T22:24:42Z
ce662660-375c-4fb0-9cb3-21e3f409ae95,ecbc9317-4794-4ec9-b4e8-af188081f842,mk1271,mk1271,active,rafeeq_product_id,rafeeq,,,2026-08-15T22:24:42Z,2026-08-15T22:24:42Z
80d56dc4-10ad-40d9-b187-d85b0b5b8755,54eff904-d548-42bd-8c19-8ebd740291ac,mk1272,mk1272,active,rafeeq_product_id,rafeeq,,,2026-08-15T22:24:42Z,2026-08-15T22:24:42Z
466bc140-a490-41db-b718-cd5006ba80fa,312735d5-30da-4a9f-a1cf-1c2b19481b0b,mk1273,691914747,active,rafeeq_product_id,rafeeq,,,2026-08-15T22:24:42Z,2026-08-15T22:24:42Z
61bf99cc-d8c6-42b3-8524-73edd7a10b71,99bceac7-1fb7-473c-82b2-1d1db11d48f1,mk1274,mk1274,active,rafeeq_product_id,rafeeq,,,2026-08-15T22:24:42Z,2026-08-15T22:24:42Z
57a66d1d-d651-4396-9720-4c036a85dec7,8c5ec732-2bcb-4354-8cd7-09337a890857,mk1275,mk1275,active,rafeeq_product_id,rafeeq,,,2026-08-15T22:24:42Z,2026-08-15T22:24:42Z
f77d5fb5-7450-4927-9274-0a0e5c5ef21a,5f14493e-8570-4bf2-a070-2bb51b57e46a,mk1276,691914567,active,rafeeq_product_id,rafeeq,,,2026-08-15T22:24:42Z,2026-08-15T22:24:42Z
29332c89-80a6-4b0a-b41d-0d60086fb728,36a50b23-1290-4f7f-8014-b753c9ad91d6,mk1277,mk1277,active,rafeeq_product_id,rafeeq,,,2026-08-15T22:24:42Z,2026-08-15T22:24:42Z
147e7cf4-4cf7-42be-8058-e2c06a8c198d,2d4f1f7d-6768-49d3-b04b-96a00bc9968b,mk1278,mk1278,active,rafeeq_product_id,rafeeq,,,2026-08-15T22:24:42Z,2026-08-15T22:24:42Z
bab0d67e-be82-497f-957e-d607d14a7c96,a04385ba-2c9d-4133-81b0-bcadf58334aa,mk1279,mk1279,active,rafeeq_product_id,rafeeq,,,2026-08-15T22:24:42Z,2026-08-15T22:24:42Z
5f86c7d5-8799-4931-a426-e1e3b11d96a9,c4e5974d-948e-4f0f-8984-7363f1c23a15,mk1280,mk1280,active,rafeeq_product_id,rafeeq,,,2026-08-15T22:24:42Z,2026-08-15T22:24:42Z
595b3250-567c-41b7-8a7e-9a4034ff9728,b32b7967-27f6-4c5d-9e6e-8c080b45ce2a,mk1281,mk1281,active,rafeeq_product_id,rafeeq,,,2026-08-15T22:24:42Z,2026-08-15T22:24:42Z
ea45aa7b-f65b-400f-9893-457089425881,417bc442-5c22-4506-bfee-3fa464ddba02,mk1282,mk1282,active,rafeeq_product_id,rafeeq,,,2026-08-15T22:24:42Z,2026-08-15T22:24:42Z
513769f7-d873-4623-8a86-5bed854e9786,038aa8be-a1c0-4d61-9df7-e02fe31ed353,mk1283,691712308,active,rafeeq_product_id,rafeeq,,,2026-08-15T22:24:42Z,2026-08-15T22:24:42Z
f1907abd-739e-444d-8e0c-034eae088950,36192fbc-c769-435d-87a5-5f999f84d795,mk1284,mk1284,active,rafeeq_product_id,rafeeq,,,2026-08-15T22:24:42Z,2026-08-15T22:24:42Z
78feaba0-292c-4cde-81fe-b4051de20a64,eb43af13-db31-4085-922c-5fce3f19dbca,mk1285,,needs_review,rafeeq_product_id,rafeeq,,,2026-08-15T22:24:42Z,2026-08-15T22:24:42Z
a1165c89-5087-48a1-b54d-634ff813f866,d17fac72-89ff-4553-9296-af170a548856,mk1286,,needs_review,rafeeq_product_id,rafeeq,,,2026-08-15T22:24:42Z,2026-08-15T22:24:42Z
f9997ee1-7fbf-4d54-943f-9a607bcf989d,05bd4873-78c0-4ef2-a0ff-fd1246234992,mk1287,691712297,active,rafeeq_product_id,rafeeq,,,2026-08-15T22:24:42Z,2026-08-15T22:24:42Z
41db0558-c1e2-4305-b7b1-62338223b174,fc3af562-8532-4f37-b230-4feaccb917f9,mk1288,691712290,active,rafeeq_product_id,rafeeq,,,2026-08-15T22:24:42Z,2026-08-15T22:24:42Z
8ba1196f-b04b-485c-b8fa-5d5f83b75553,76c3435d-83ac-4dc9-a35e-e4f6280070d2,mk1289,691712289,active,rafeeq_product_id,rafeeq,,,2026-08-15T22:24:42Z,2026-08-15T22:24:42Z
156a73dd-79ac-4e20-a9fb-9ef5492907c8,269f6ce6-a051-4dcf-b5c8-f30b7cfd9b66,mk1290,691712288,active,rafeeq_product_id,rafeeq,,,2026-08-15T22:24:42Z,2026-08-15T22:24:42Z
048622a5-e218-4988-8468-9100eb2b2ae0,0810b71d-6529-4dd0-a614-db9a2789394b,mk1291,691712287,active,rafeeq_product_id,rafeeq,,,2026-08-15T22:24:42Z,2026-08-15T22:24:42Z
3619c61e-08df-4d2e-afd5-aa749f8d9b50,b55f8e62-6f2d-4fd3-bcd0-a883dfc0de95,mk1292,691712286,active,rafeeq_product_id,rafeeq,,,2026-08-15T22:24:42Z,2026-08-15T22:24:42Z
055bbbcd-8fdc-4945-9863-b08ac74c93eb,5f38cf1d-a0af-4583-88f6-a73fb3bdec9a,mk1293,691712285,active,rafeeq_product_id,rafeeq,,,2026-08-15T22:24:42Z,2026-08-15T22:24:42Z
a63c91e5-4843-4433-80f6-1f775ebcb983,d6149f76-cf89-436a-a444-1edde4630873,mk1294,691712282,active,rafeeq_product_id,rafeeq,,,2026-08-15T22:24:42Z,2026-08-15T22:24:42Z
f6d5b099-bffb-4894-aed0-b89be2c7ff31,fcd54153-8434-4d84-89f7-5f76378fa9bc,mk1295,691712281,active,rafeeq_product_id,rafeeq,,,2026-08-15T22:24:42Z,2026-08-15T22:24:42Z
a584f966-1629-4b59-9899-813738807929,b2d3265b-a931-4f1b-b491-6e7c3142eeee,mk1296,691712280,active,rafeeq_product_id,rafeeq,,,2026-08-15T22:24:42Z,2026-08-15T22:24:42Z
c77679af-e963-4608-aad1-54f2da968fd3,db1a8b36-1df6-4c76-bd94-b854d93296e3,mk1297,691712277,active,rafeeq_product_id,rafeeq,,,2026-08-15T22:24:42Z,2026-08-15T22:24:42Z
73a0b68f-fb56-47eb-b941-0a4921677981,88d002e2-9fc5-4ca6-980f-5012b601e6d6,mk1298,691712276,active,rafeeq_product_id,rafeeq,,,2026-08-15T22:24:42Z,2026-08-15T22:24:42Z
35ad625b-50c4-43be-8c54-f7ee7d294877,fe4acb27-b6c4-4d39-b32c-30dc1691e944,mk1299,691712275,active,rafeeq_product_id,rafeeq,,,2026-08-15T22:24:42Z,2026-08-15T22:24:42Z
742a2e36-bbe2-4382-a516-1dd5a8775587,80b6e24a-7883-477b-acfe-503d768440f2,mk1300,691712274,active,rafeeq_product_id,rafeeq,,,2026-08-15T22:24:42Z,2026-08-15T22:24:42Z
4c064308-f337-404e-b308-c70d92b7e1fc,ac448d57-df4b-4b03-b4ab-b2f7d9f20962,mk1301,mk1301,active,rafeeq_product_id,rafeeq,,,2026-08-15T22:24:42Z,2026-08-15T22:24:42Z
0866a1f1-6747-4684-9842-a8a2333b042c,d9fd16e5-c2bb-4a45-8ca7-351ee25c82e6,mk1302,691569195,active,rafeeq_product_id,rafeeq,,,2026-08-15T22:24:42Z,2026-08-15T22:24:42Z
c2da26c5-ddde-46c6-a3f1-035e1209693b,cb0f5b0c-8e8d-4819-ac3e-c0cdb78ddb98,mk1303,691569194,active,rafeeq_product_id,rafeeq,,,2026-08-15T22:24:42Z,2026-08-15T22:24:42Z
50d978d9-3065-4033-bae7-61d3ce92cf62,1b33fa15-ba9f-44dc-98b0-ae1c1daa4e2c,mk1304,691569188,active,rafeeq_product_id,rafeeq,,,2026-08-15T22:24:42Z,2026-08-15T22:24:42Z
14449db3-316e-4323-84ab-d600ecc0da8d,e4136460-3a00-4d56-a36a-ee8031ec36cd,mk1305,691569186,active,rafeeq_product_id,rafeeq,,,2026-08-15T22:24:42Z,2026-08-15T22:24:42Z
283ef342-b3f6-4c53-9509-f4b1918cc994,6a196952-4ca7-4475-904e-7fedfc2dab06,mk1306,mk1306,active,rafeeq_product_id,rafeeq,,,2026-08-15T22:24:42Z,2026-08-15T22:24:42Z
a0d68b51-37e7-41ef-8743-24fbdb1e8165,5799f8ed-5b32-4ce8-b308-ff2127a4e8a7,mk1307,mk1307,active,rafeeq_product_id,rafeeq,,,2026-08-15T22:24:42Z,2026-08-15T22:24:42Z
afca00bb-c2e0-4fcb-91db-c824cd6268f7,085c0ae7-1bce-4769-8f9c-04ea4130f3bf,mk1308,691569177,active,rafeeq_product_id,rafeeq,,,2026-08-15T22:24:42Z,2026-08-15T22:24:42Z
6b046505-9804-4a40-8cc6-994669cf41af,1de8175e-66c9-4e36-8de6-b41a74773133,mk1309,691569175,active,rafeeq_product_id,rafeeq,,,2026-08-15T22:24:42Z,2026-08-15T22:24:42Z
15fcc649-5126-4381-9366-15a2bb57e6c7,a89d6830-8d5e-41b4-ad60-8f3ee32986de,mk1310,691569173,active,rafeeq_product_id,rafeeq,,,2026-08-15T22:24:42Z,2026-08-15T22:24:42Z
8ad4767c-ca78-44b0-a55d-52333aef9a07,ab8c755d-b1df-43e0-bc0d-e31e1282c896,mk1311,691569130,active,rafeeq_product_id,rafeeq,,,2026-08-15T22:24:42Z,2026-08-15T22:24:42Z
54dfa7d8-d5df-4e44-82ad-babe190c275e,48681fc9-491a-4669-8de0-246340bccd35,mk1312,691569129,active,rafeeq_product_id,rafeeq,,,2026-08-15T22:24:42Z,2026-08-15T22:24:42Z
52e9f038-69db-47f5-998d-ff1d0a2237f6,1167204f-279d-4925-a375-356f8e26882a,mk1313,mk1313,active,rafeeq_product_id,rafeeq,,,2026-08-15T22:24:42Z,2026-08-15T22:24:42Z
584c360c-c5fc-4a84-9eda-219803fa7f57,015b4886-0760-49c8-9623-d20051e086d5,mk1314,691442010,active,rafeeq_product_id,rafeeq,,,2026-08-15T22:24:42Z,2026-08-15T22:24:42Z
0c6b789d-f95a-4fde-a2fc-e9ec69acfa1b,79f90721-4ce9-48f6-ae23-6e38c9244307,mk1315,mk1315,active,rafeeq_product_id,rafeeq,,,2026-08-15T22:24:42Z,2026-08-15T22:24:42Z
c962e3f2-d2c0-4c64-a32d-fdbc7de915a7,b98f4c70-121e-4cb6-ac62-c8c5be0b42b3,mk1316,mk1316,active,rafeeq_product_id,rafeeq,,,2026-08-15T22:24:42Z,2026-08-15T22:24:42Z
f993b47b-27b5-4047-8ebd-afde8842188b,e9cb72d5-5173-4694-8507-e54ff7ed29f0,mk1317,mk1317,active,rafeeq_product_id,rafeeq,,,2026-08-15T22:24:42Z,2026-08-15T22:24:42Z
9f0c8f27-b1ba-4804-87b5-8b01aba6d3a9,2dfe7474-9354-4f77-9794-412f9dfe70f2,mk1318,mk1318,active,rafeeq_product_id,rafeeq,,,2026-08-15T22:24:42Z,2026-08-15T22:24:42Z
b97a5473-4106-484a-9b9d-7b1897283205,24438e1b-e0b6-414d-a01c-d29e6a577dd5,mk1319,mk1319,active,rafeeq_product_id,rafeeq,,,2026-08-15T22:24:42Z,2026-08-15T22:24:42Z
897136b3-83c1-45a8-981c-06e2f033c7f4,6e221465-3106-41b4-8d6f-8ca7495b5894,mk1320,mk1320,active,rafeeq_product_id,rafeeq,,,2026-08-15T22:24:42Z,2026-08-15T22:24:42Z
235390ee-390e-476d-b127-6c4f23d24678,fa02c5f0-0f58-4ed1-9498-ff5eb395f31a,mk1321,691441886,active,rafeeq_product_id,rafeeq,,,2026-08-15T22:24:42Z,2026-08-15T22:24:42Z
185c3fb1-e105-41a7-a31a-5108bc8da20b,4745403f-8a8d-43d6-915f-5bf4c77f857c,mk1322,691441885,active,rafeeq_product_id,rafeeq,,,2026-08-15T22:24:42Z,2026-08-15T22:24:42Z
cd25f272-ccd9-4dd7-879e-78c4d1168eed,58b92270-917f-46d9-9137-f849ed6f4f9c,mk1323,691441883,active,rafeeq_product_id,rafeeq,,,2026-08-15T22:24:42Z,2026-08-15T22:24:42Z
c1c1edbd-a17b-48d3-8ee4-a515a0069dcf,1fbfa80b-83db-48bc-bb2d-df6cc299112d,mk1324,691443208,active,rafeeq_product_id,rafeeq,,,2026-08-15T22:24:42Z,2026-08-15T22:24:42Z
f661b4e9-4938-4b3a-b4b6-32e5db1aa2b0,3c4fdbf8-936e-4e45-bc7b-99c837ff310d,mk1325,691441884,active,rafeeq_product_id,rafeeq,,,2026-08-15T22:24:42Z,2026-08-15T22:24:42Z
8966cbb2-11bc-43c8-9d44-a0ec9399f365,f52360bd-9436-40a9-b1b5-fc47f80e128e,mk1326,mk1326,active,rafeeq_product_id,rafeeq,,,2026-08-15T22:24:42Z,2026-08-15T22:24:42Z
e64a4dab-b282-43f0-a4d2-90b963c60f5d,b3c8bd96-305f-4dcc-90de-8564b84af80a,mk1327,691441905,active,rafeeq_product_id,rafeeq,,,2026-08-15T22:24:42Z,2026-08-15T22:24:42Z
214913ee-eb1a-47c0-9b9d-1ad47af0e9c6,71ad0d30-54de-4f3e-9662-2f1ee95ca6ae,mk1328,691442965,active,rafeeq_product_id,rafeeq,,,2026-08-15T22:24:42Z,2026-08-15T22:24:42Z
e8203b5a-3fc2-4195-9aca-78c0750dc8a2,51422385-55c1-4172-a4ac-6a0881426080,mk1329,691441904,active,rafeeq_product_id,rafeeq,,,2026-08-15T22:24:42Z,2026-08-15T22:24:42Z
623eb491-2ab2-42c4-9062-4bb4f5d84092,7a58d8a8-04a0-45a7-b731-9c6783919c52,mk1330,691441902,active,rafeeq_product_id,rafeeq,,,2026-08-15T22:24:42Z,2026-08-15T22:24:42Z
145e8407-30b6-44c9-b871-be62c5f9cb07,afafb6e6-6fb1-4bba-8c0e-ae2f24e5625d,mk1331,691441901,active,rafeeq_product_id,rafeeq,,,2026-08-15T22:24:42Z,2026-08-15T22:24:42Z
fb977325-6b8c-4888-860c-f76f74e9c7d8,c30d1000-eecc-438f-8f0c-f85345864f0b,mk1332,691441896,active,rafeeq_product_id,rafeeq,,,2026-08-15T22:24:42Z,2026-08-15T22:24:42Z
4e48d81f-f9d1-4736-a47e-fbc83b43fefb,85e35725-b9de-42ad-b017-2993ccdc2604,mk1333,691441895,active,rafeeq_product_id,rafeeq,,,2026-08-15T22:24:42Z,2026-08-15T22:24:42Z
5753a098-62fe-4601-862e-393459b76d08,cb276048-0829-4d90-97d2-1e13b5eb0839,mk1334,691441894,active,rafeeq_product_id,rafeeq,,,2026-08-15T22:24:42Z,2026-08-15T22:24:42Z
a68ed1cf-ccde-4d2a-a6c9-4ab51810e6a1,18748cc8-9f91-4ac5-915f-abb2bfe2163f,mk1335,mk1335,active,rafeeq_product_id,rafeeq,,,2026-08-15T22:24:42Z,2026-08-15T22:24:42Z
f426108d-664a-4165-8f88-4f54392ccf79,0695db48-6bb0-4289-bbd0-f34eb825ecc5,mk1336,mk1336,active,rafeeq_product_id,rafeeq,,,2026-08-15T22:24:42Z,2026-08-15T22:24:42Z
ab1959d7-ef9b-46f3-b66d-47629e782737,0a17ff83-98c6-4c43-8aa7-f2e45fe68dab,mk1337,691441892,active,rafeeq_product_id,rafeeq,,,2026-08-15T22:24:42Z,2026-08-15T22:24:42Z
0775ff22-f08f-4bda-8abe-48589cf8b781,895d7a93-ad07-4c62-8adf-c74127d8afab,mk1338,691441891,active,rafeeq_product_id,rafeeq,,,2026-08-15T22:24:42Z,2026-08-15T22:24:42Z
7c29f360-d41f-490b-95a4-2771ec51036f,0f34ca14-461a-4e6c-9f38-aaa993696cc6,mk1339,691441943,active,rafeeq_product_id,rafeeq,,,2026-08-15T22:24:42Z,2026-08-15T22:24:42Z
86008f01-829d-43da-b5b7-b1965fff9d38,36449323-37f1-429d-b4a6-639b63c19428,mk1340,691301138,active,rafeeq_product_id,rafeeq,,,2026-08-15T22:24:42Z,2026-08-15T22:24:42Z
da8b61d6-f05d-47a3-b07c-c8e68309c45d,31ca1a33-0472-4a4f-bc0d-8ba3c2cfdf33,mk1341,mk1341,active,rafeeq_product_id,rafeeq,,,2026-08-15T22:24:42Z,2026-08-15T22:24:42Z
bcd82805-fe8f-4282-8a2e-39554260a0cc,2f61665c-7006-4b20-9fa9-63b8e15339ac,mk1342,691300618,active,rafeeq_product_id,rafeeq,,,2026-08-15T22:24:42Z,2026-08-15T22:24:42Z
df651831-6c1e-4dda-bd89-b409a151f806,75de1daf-aff8-42ac-9b83-143135494ea6,mk1343,691300772,active,rafeeq_product_id,rafeeq,,,2026-08-15T22:24:42Z,2026-08-15T22:24:42Z
8c0db101-9629-4cb4-adba-343e2ff361d1,4b2d7f41-85ca-472d-ac2c-60a75757a602,mk1344,mk1344,active,rafeeq_product_id,rafeeq,,,2026-08-15T22:24:42Z,2026-08-15T22:24:42Z
95e300e9-c8ab-4e2d-a3ae-f6e7ac3d3a24,ab155e81-e5fd-4a3a-befa-75c1f074aaa2,mk1345,691300940,active,rafeeq_product_id,rafeeq,,,2026-08-15T22:24:42Z,2026-08-15T22:24:42Z
f5cd5ed0-90f3-47cc-9041-c7663011027e,fd4d748c-4728-47cc-94ee-f81b1eb2eec7,mk1346,691300770,active,rafeeq_product_id,rafeeq,,,2026-08-15T22:24:42Z,2026-08-15T22:24:42Z
52b376ff-96b7-4f54-9af2-8e335bbacdcb,4a21bd2f-dcca-41c6-b418-8d61bc908766,mk1347,691300776,active,rafeeq_product_id,rafeeq,,,2026-08-15T22:24:42Z,2026-08-15T22:24:42Z
e460e604-797e-4b27-bef6-d7d1da2ffa43,3a00a54d-1a0e-4cd7-bcbf-428d80774e72,mk1348,691300667,active,rafeeq_product_id,rafeeq,,,2026-08-15T22:24:42Z,2026-08-15T22:24:42Z
969177a7-8a83-4a59-902e-fa0f51107dd1,88c72f72-da7d-4a32-855b-409df96ea782,mk1349,mk1349,active,rafeeq_product_id,rafeeq,,,2026-08-15T22:24:42Z,2026-08-15T22:24:42Z
71461217-5547-466e-befc-aeca77a94e1b,7c671a17-a16b-48f0-a310-d2bfaee502c3,mk1350,691300665,active,rafeeq_product_id,rafeeq,,,2026-08-15T22:24:42Z,2026-08-15T22:24:42Z
fd765070-c00a-46de-9181-035e4f729e3b,0823b892-541a-4220-80f4-981a67b345ab,mk1351,691300938,active,rafeeq_product_id,rafeeq,,,2026-08-15T22:24:42Z,2026-08-15T22:24:42Z
e52af8cc-ceee-4525-97ce-5cdc3c90d8e4,8ce26199-dde6-4524-a46d-4d10ea4a0fe0,mk1352,mk1352,active,rafeeq_product_id,rafeeq,,,2026-08-15T22:24:42Z,2026-08-15T22:24:42Z
c27ed333-1496-4bab-a2f5-2ff34e326bfa,b3478771-b40a-4477-98a1-7bc13988e77d,mk1353,691300617,active,rafeeq_product_id,rafeeq,,,2026-08-15T22:24:42Z,2026-08-15T22:24:42Z
3c4f564a-501e-4d86-83a9-b12f1545c35c,1526c496-04ae-4702-a9bd-1a7b5366830a,mk1354,691441887,active,rafeeq_product_id,rafeeq,,,2026-08-15T22:24:42Z,2026-08-15T22:24:42Z
5934fd74-cc47-4867-ad9d-586d30f9248b,f02cee09-a3a1-43de-b674-6f51d83b23e4,mk1355,691300769,active,rafeeq_product_id,rafeeq,,,2026-08-15T22:24:42Z,2026-08-15T22:24:42Z
fb5890f8-af79-427e-9812-b7ed90900435,78d398a7-23b4-47d0-b3e1-db3d6a618237,mk1356,mk1356,active,rafeeq_product_id,rafeeq,,,2026-08-15T22:24:42Z,2026-08-15T22:24:42Z
53ef1be5-0563-4956-a643-1ef8e2894bd5,dfadc06d-eeba-41e1-b8bc-243621995db3,mk1357,691300890,active,rafeeq_product_id,rafeeq,,,2026-08-15T22:24:42Z,2026-08-15T22:24:42Z
10d5c7c5-6b90-4d4f-8992-a446740d044d,53f63b48-9125-4a7d-b0b5-3323e6614c67,mk1358,mk1358,active,rafeeq_product_id,rafeeq,,,2026-08-15T22:24:42Z,2026-08-15T22:24:42Z
0bd2a42c-a34c-4e0a-aff0-be03aeca9e02,a75d1b1e-621c-4269-ad00-782f91141926,mk1359,mk1359,active,rafeeq_product_id,rafeeq,,,2026-08-15T22:24:42Z,2026-08-15T22:24:42Z
9680553c-56fb-4329-809f-71650096b0c6,84d06d00-0fc5-4a7f-90e4-f5463e518aa4,mk1360,691300578,active,rafeeq_product_id,rafeeq,,,2026-08-15T22:24:42Z,2026-08-15T22:24:42Z
411fc178-2349-421c-b1d5-3eb1c8635c1c,7817c245-9e0e-44d1-ad6a-5812d3c39a36,mk1361,mk1361,active,rafeeq_product_id,rafeeq,,,2026-08-15T22:24:42Z,2026-08-15T22:24:42Z
47718f2a-5f30-475f-b7c6-7bbdd29ffb2e,ec271b03-122a-49d9-9fc1-a3dafd7cf2eb,mk1362,mk1362,active,rafeeq_product_id,rafeeq,,,2026-08-15T22:24:42Z,2026-08-15T22:24:42Z
a61820ac-2087-4842-a73a-20088caa1511,cfdb6a65-7f21-4ae7-a6b5-a6e1293a6199,mk1363,691300723,active,rafeeq_product_id,rafeeq,,,2026-08-15T22:24:42Z,2026-08-15T22:24:42Z
760bbb1c-6496-4f40-88d3-4a948c5538b7,8592aac1-0bcb-4fdc-a349-9ad142eb3558,mk1364,691300412,active,rafeeq_product_id,rafeeq,,,2026-08-15T22:24:42Z,2026-08-15T22:24:42Z
684ead26-5717-4ed9-8524-2293248abb29,d4acccf0-a0b2-4f52-8670-adb0e94ab177,mk1365,691300724,active,rafeeq_product_id,rafeeq,,,2026-08-15T22:24:42Z,2026-08-15T22:24:42Z
f9e9c277-1bf8-43cb-92a9-68aa8e15d0f4,ade3c0bc-89de-439a-aaf5-449591c9e694,mk1366,691300725,active,rafeeq_product_id,rafeeq,,,2026-08-15T22:24:42Z,2026-08-15T22:24:42Z
7c9fa8ca-f809-44a7-9aa7-dd9153ee82f4,361f7263-15ab-42aa-94f9-1cc2fea61a4b,mk1367,691300892,active,rafeeq_product_id,rafeeq,,,2026-08-15T22:24:42Z,2026-08-15T22:24:42Z
5ef9a719-2a6d-460b-88b4-26389a09cf24,a16b72d6-afca-493d-a9b5-fcd806127157,mk1368,691300726,active,rafeeq_product_id,rafeeq,,,2026-08-15T22:24:42Z,2026-08-15T22:24:42Z
fffae67a-dab4-4244-bc64-bdcebd42105c,f3dd9d49-3983-4c2c-98fc-a12fc826c8f5,mk1369,691300893,active,rafeeq_product_id,rafeeq,,,2026-08-15T22:24:42Z,2026-08-15T22:24:42Z
e414e648-fc1a-44aa-9211-1831efe54f0b,578ee228-4fa6-4a36-908b-f1bd7f23c6fc,mk1370,691300982,active,rafeeq_product_id,rafeeq,,,2026-08-15T22:24:42Z,2026-08-15T22:24:42Z
2291da23-d60c-4d50-bc63-d5294f072079,6fd7738c-37af-42ae-a4e2-232443fd5b9e,mk1371,691300580,active,rafeeq_product_id,rafeeq,,,2026-08-15T22:24:42Z,2026-08-15T22:24:42Z
3053e6ca-3da0-48a7-b238-cdfeea8fc9f0,8d754d11-1d9c-4f0c-86eb-94883c661569,mk1372,691300894,active,rafeeq_product_id,rafeeq,,,2026-08-15T22:24:42Z,2026-08-15T22:24:42Z
b5004f53-5b88-4ae9-b0f7-dd6dc5e99370,a40fbe24-3aee-4daa-a500-6d1a8ddb76bd,mk1373,691300983,active,rafeeq_product_id,rafeeq,,,2026-08-15T22:24:42Z,2026-08-15T22:24:42Z
2a0b5f8c-5717-4257-b177-c44042b7708d,7c8ad130-f12b-4a73-a8f6-b2671a6118e3,mk1374,691300984,active,rafeeq_product_id,rafeeq,,,2026-08-15T22:24:42Z,2026-08-15T22:24:42Z
8224f0e1-2f1b-4db9-be7d-ece9b0a900a2,739e7388-9e18-4706-bcae-c0cbcf223bb9,mk1375,691300728,active,rafeeq_product_id,rafeeq,,,2026-08-15T22:24:42Z,2026-08-15T22:24:42Z
f573555f-c079-4826-8d63-fd57e6fe78eb,499d26ec-2323-4756-aa8d-6753369987c1,mk1376,691300729,active,rafeeq_product_id,rafeeq,,,2026-08-15T22:24:42Z,2026-08-15T22:24:42Z
d6a449b9-2317-466d-9c37-c16bebe9b12a,456e9e8d-ab78-406b-be3f-81ed62a0d0dd,mk1377,691300730,active,rafeeq_product_id,rafeeq,,,2026-08-15T22:24:42Z,2026-08-15T22:24:42Z
6fc79157-fcc4-44a1-9155-31259f912dda,be4557d5-c6bc-4320-9d05-3044cc00fc60,mk1378,691300731,active,rafeeq_product_id,rafeeq,,,2026-08-15T22:24:42Z,2026-08-15T22:24:42Z
9768d3aa-0861-41da-a291-e4b7e7004709,402da1fb-f102-4d48-84a3-e33aed4eae04,mk1379,691300732,active,rafeeq_product_id,rafeeq,,,2026-08-15T22:24:42Z,2026-08-15T22:24:42Z
4cb82be5-6610-48fc-a9bf-ed29170eca0c,49d5a06a-67c7-497a-85ec-576dc44b3fec,mk1380,691300733,active,rafeeq_product_id,rafeeq,,,2026-08-15T22:24:42Z,2026-08-15T22:24:42Z
b71a2d5d-0109-4947-87c6-263346abe6d8,a48ae4c5-a483-4238-b151-e9b2aad12bc0,mk1381,691300734,active,rafeeq_product_id,rafeeq,,,2026-08-15T22:24:42Z,2026-08-15T22:24:42Z
b8ba2f00-7a77-4aed-a86d-1979a531768a,3681bb8c-c521-4efe-a0c6-5c178f0b714a,mk1382,691301094,active,rafeeq_product_id,rafeeq,,,2026-08-15T22:24:42Z,2026-08-15T22:24:42Z
290e0540-e38e-44b1-9399-e6b64cc070a1,316bc8b9-18b3-487b-a7cc-b0505acaf979,mk1383,691301095,active,rafeeq_product_id,rafeeq,,,2026-08-15T22:24:42Z,2026-08-15T22:24:42Z
32c82f10-a98c-4054-a7b9-62ca36609bb0,8433433a-862e-4fe2-a2df-b675f03bca52,mk1384,691300895,active,rafeeq_product_id,rafeeq,,,2026-08-15T22:24:42Z,2026-08-15T22:24:42Z
ce4aeb45-e6fe-4935-9ab1-872b6572e761,98e6e9cc-0eb6-48a3-8197-6e73a3980ac5,mk1385,691300735,active,rafeeq_product_id,rafeeq,,,2026-08-15T22:24:42Z,2026-08-15T22:24:42Z
138f7118-fa9b-4068-b66c-dc224f91c864,e64599f6-a174-4551-8a17-f7be93013630,mk1386,691300736,active,rafeeq_product_id,rafeeq,,,2026-08-15T22:24:42Z,2026-08-15T22:24:42Z
1a20ca63-3869-4bc0-ad2f-5dc6b0d67495,f7740817-65d8-4875-9add-8c3d67c9936a,mk1387,691300737,active,rafeeq_product_id,rafeeq,,,2026-08-15T22:24:42Z,2026-08-15T22:24:42Z
538d184d-6f0d-4666-915a-b921a6f5ee4c,d9881257-75a1-49d8-9294-5b34858ef659,mk1388,mk1388,active,rafeeq_product_id,rafeeq,,,2026-08-15T22:24:42Z,2026-08-15T22:24:42Z
a4e7ee52-5c92-45d9-9a23-5cbd0d22e800,7f6d584d-fc93-4673-9339-ab211927f6b8,mk1389,691300739,active,rafeeq_product_id,rafeeq,,,2026-08-15T22:24:42Z,2026-08-15T22:24:42Z
b3e36b5d-24cd-4cd1-8e33-b0e17a4e327f,091db983-493b-4140-9936-b3eacfd15ce1,mk1390,691300740,active,rafeeq_product_id,rafeeq,,,2026-08-15T22:24:42Z,2026-08-15T22:24:42Z
aea6102c-5aa4-4113-8d3e-eafad48943b1,4efb19e4-4fef-4396-a9c0-f0cc16292461,mk1391,691300741,active,rafeeq_product_id,rafeeq,,,2026-08-15T22:24:42Z,2026-08-15T22:24:42Z
aed56b23-55ab-4cf7-a76c-e5e59c153d44,36a85168-e404-4a77-9a90-3a1a974394e4,mk1392,691300742,active,rafeeq_product_id,rafeeq,,,2026-08-15T22:24:42Z,2026-08-15T22:24:42Z
e9bc7b41-5411-46b4-bb7d-5116141585f8,68059f62-d9d8-46c1-a170-40bd3c12aad9,mk1393,691300743,active,rafeeq_product_id,rafeeq,,,2026-08-15T22:24:42Z,2026-08-15T22:24:42Z
07bb7fdf-3a38-4790-802a-30124e6a2b29,f70bdf68-b99e-4c97-96a9-233f10c4274e,mk1394,691300744,active,rafeeq_product_id,rafeeq,,,2026-08-15T22:24:42Z,2026-08-15T22:24:42Z
4d5708d3-8a8a-4b6a-b529-a6504bf9b582,2b853260-7e57-43af-882d-ddd18516180d,mk1395,691300655,active,rafeeq_product_id,rafeeq,,,2026-08-15T22:24:42Z,2026-08-15T22:24:42Z
3ea1ce63-c596-4a59-aeae-b3a1997ff657,4434ef52-e46f-4170-bc44-30dd1ee8803e,mk1396,mk1396,active,rafeeq_product_id,rafeeq,,,2026-08-15T22:24:42Z,2026-08-15T22:24:42Z
502c069a-4279-41df-a383-c79835c711f2,d5c8182c-b8b2-42ba-aa75-87ad75a9d94f,mk1397,691300897,active,rafeeq_product_id,rafeeq,,,2026-08-15T22:24:42Z,2026-08-15T22:24:42Z
6c1044ac-63ac-4598-a825-b4106bfde460,62548f33-de94-4260-b8c6-c2099e7a20df,mk1398,691300898,active,rafeeq_product_id,rafeeq,,,2026-08-15T22:24:42Z,2026-08-15T22:24:42Z
4debf690-e45c-4e7c-ad15-da84e062c7ba,fed6c876-b3de-45ae-ba9f-abe757cfd47a,mk1399,mk1399,active,rafeeq_product_id,rafeeq,,,2026-08-15T22:24:42Z,2026-08-15T22:24:42Z
c74c7b9a-e565-4ace-82a2-73fd70173241,8ddd2a3e-8c6c-489e-b9af-029efa9f4d7e,mk1400,691300900,active,rafeeq_product_id,rafeeq,,,2026-08-15T22:24:42Z,2026-08-15T22:24:42Z
78544828-98bb-4a43-9732-0eb00999fc25,2ac7b90c-343c-4afc-a175-0b95ccb1a2ef,mk1401,691301096,active,rafeeq_product_id,rafeeq,,,2026-08-15T22:24:42Z,2026-08-15T22:24:42Z
165d7e7c-416f-4f55-8622-a4508c9f3b8f,a72fef10-6098-4831-9016-b74da92a1459,mk1402,691300901,active,rafeeq_product_id,rafeeq,,,2026-08-15T22:24:42Z,2026-08-15T22:24:42Z
1c7e0e2e-6057-4ed1-aed5-9f248b14561c,9dbac51c-3e4c-4e59-973d-107d9592a646,mk1403,691301097,active,rafeeq_product_id,rafeeq,,,2026-08-15T22:24:42Z,2026-08-15T22:24:42Z
1f85a7be-04c5-4e0d-ab31-01050884dbbc,86c6de60-d64d-44ff-8b4e-1f4074e21649,mk1404,mk1404,active,rafeeq_product_id,rafeeq,,,2026-08-15T22:24:42Z,2026-08-15T22:24:42Z
36e54e76-b49d-4733-9256-c9d7b8a57f1a,d64a386e-4913-448e-bf25-86306b68b1b3,mk1405,691301098,active,rafeeq_product_id,rafeeq,,,2026-08-15T22:24:42Z,2026-08-15T22:24:42Z
83a4e61d-3762-4476-9921-416b6719e6ea,4805fab2-e1b2-4854-88c0-6da46ea9e39d,mk1406,691300986,active,rafeeq_product_id,rafeeq,,,2026-08-15T22:24:42Z,2026-08-15T22:24:42Z
d63dd082-2db3-49d0-8a3b-39b67984469e,3a9653f0-b8dc-44c3-8944-e180ad64ef72,mk1407,691300585,active,rafeeq_product_id,rafeeq,,,2026-08-15T22:24:42Z,2026-08-15T22:24:42Z
93b49c59-523e-42e2-99bd-2bea8693ffb5,0d936b31-f0e9-4779-9b02-e77017e2bbe9,mk1408,mk1408,active,rafeeq_product_id,rafeeq,,,2026-08-15T22:24:42Z,2026-08-15T22:24:42Z
e941cae2-c1c8-4c88-92e4-3872cb193376,c169bd8b-2367-420c-b7a7-f070504a8193,mk1409,691300902,active,rafeeq_product_id,rafeeq,,,2026-08-15T22:24:42Z,2026-08-15T22:24:42Z
6849944d-e7b5-42e4-8040-0d51d40111c0,11f08b8d-601c-40c5-ad20-cb2087049d4a,mk1410,691300745,active,rafeeq_product_id,rafeeq,,,2026-08-15T22:24:42Z,2026-08-15T22:24:42Z
5fed6240-4b52-4161-b150-c2c5c2fc68ca,b4b63f71-cbef-47dc-9fdc-5ce9d9f121f7,mk1411,691300746,active,rafeeq_product_id,rafeeq,,,2026-08-15T22:24:42Z,2026-08-15T22:24:42Z
16ca1998-00ad-44f3-943a-d8fbde12acc6,306fd9c5-bc28-46eb-866d-425c263c46ef,mk1412,691300657,active,rafeeq_product_id,rafeeq,,,2026-08-15T22:24:42Z,2026-08-15T22:24:42Z
2246257d-7f01-4e01-9f90-fe045d5f32da,d382aeb8-2f78-4fa4-b05d-d199dc61fc89,mk1413,691300586,active,rafeeq_product_id,rafeeq,,,2026-08-15T22:24:42Z,2026-08-15T22:24:42Z
3e7cce30-62e2-4c98-a703-65368731a3d1,8dfaabc8-63bf-4bf2-b989-cc842dc5c324,mk1414,691300748,active,rafeeq_product_id,rafeeq,,,2026-08-15T22:24:42Z,2026-08-15T22:24:42Z
13cf52ea-5581-4f8f-8956-321e83be839e,25395195-df11-4616-b9b3-f2d87cb4456b,mk1415,mk1415,archived,rafeeq_product_id,rafeeq,,,2026-08-15T22:24:42Z,2026-08-28T10:52:04Z
4b125c7d-e9c5-4f2b-809b-f590dc7520d9,640c6203-f9c1-4a14-b4b2-32851ce6fd6a,mk1416,691300750,active,rafeeq_product_id,rafeeq,,,2026-08-15T22:24:42Z,2026-08-15T22:24:42Z
6b4f5391-ee47-4b52-848b-5dbdddfca200,05c94778-8b14-4c82-a068-d4ac5f5ecb1f,mk1417,mk1417,active,rafeeq_product_id,rafeeq,,,2026-08-15T22:24:42Z,2026-08-15T22:24:42Z
9b9fbea6-554b-403c-a920-f6eaf4f7ddb0,72b431b0-190c-45ac-8ffe-90d48d0781a3,mk1418,691300751,active,rafeeq_product_id,rafeeq,,,2026-08-15T22:24:42Z,2026-08-15T22:24:42Z
9e7c8257-677c-4a03-ad75-cee7fc0a0936,3d08ae14-67ea-4f94-9abc-b19bd6b3dc23,mk1419,691300903,active,rafeeq_product_id,rafeeq,,,2026-08-15T22:24:42Z,2026-08-15T22:24:42Z
63db912f-bb32-4940-a4a5-bc1fd79f3f29,e28b33f1-2f5f-4182-9076-ff9c1016ec6c,mk1420,691300752,active,rafeeq_product_id,rafeeq,,,2026-08-15T22:24:42Z,2026-08-15T22:24:42Z
586d9017-91ca-4482-91e8-384271fc3aee,2cee541e-4165-44d3-ab36-184f4286d5c2,mk1421,691301003,active,rafeeq_product_id,rafeeq,,,2026-08-15T22:24:42Z,2026-08-15T22:24:42Z
bf9bd212-0f77-4f2d-a7da-78bd4de5d1c1,7e7f1d73-4625-4679-822c-27d43e393166,mk1422,691300904,active,rafeeq_product_id,rafeeq,,,2026-08-15T22:24:42Z,2026-08-15T22:24:42Z
74684f3b-7ea5-40c7-a882-b1fe85c5df93,5ef6f34b-3825-4bae-b0d1-c9a4a104ce8b,mk1423,691300905,active,rafeeq_product_id,rafeeq,,,2026-08-15T22:24:42Z,2026-08-15T22:24:42Z
d10c4f1c-da5b-47d1-8cc4-44ac2f385f58,7cdf6e4a-57c2-4359-8e4a-21e9a5af40e5,mk1424,691300588,active,rafeeq_product_id,rafeeq,,,2026-08-15T22:24:42Z,2026-08-15T22:24:42Z
7e66c274-7aeb-49be-89f9-0cbf402af787,15d77911-3971-479a-bd31-9dadcf1d70b0,mk1425,mk1425,active,rafeeq_product_id,rafeeq,,,2026-08-15T22:24:42Z,2026-08-15T22:24:42Z
d6144d26-5c23-4b4a-98ea-5a0f9f40fe73,494c4e25-482f-4019-9230-a709820a3062,mk1426,691300413,active,rafeeq_product_id,rafeeq,,,2026-08-15T22:24:42Z,2026-08-15T22:24:42Z
1c605e08-8da5-4f72-8c37-d3e4cfeb85ea,b52330ea-6998-417d-a9f1-843731dd001c,mk1427,mk1427,active,rafeeq_product_id,rafeeq,,,2026-08-15T22:24:42Z,2026-08-15T22:24:42Z
1e0f77ab-f7e8-4b2b-b655-6eb02e3b2cf2,bb536c26-d45f-4454-9b58-9a21bbbd35d2,mk1428,691300658,active,rafeeq_product_id,rafeeq,,,2026-08-15T22:24:42Z,2026-08-15T22:24:42Z
7f39f70d-4488-4b5a-b368-054f7e7a80b0,7b5f4134-0f45-478d-80e6-afba9ac5bf1a,mk1429,691300754,active,rafeeq_product_id,rafeeq,,,2026-08-15T22:24:42Z,2026-08-15T22:24:42Z
3acfdf5c-c2f1-4423-9613-827c5efe1f73,998eb83d-0cc7-448a-a775-f206aa6b8fd9,mk1430,691301100,active,rafeeq_product_id,rafeeq,,,2026-08-15T22:24:42Z,2026-08-15T22:24:42Z
0a2c3cc6-110d-4bd3-b164-39570b13b70f,29fc0e58-ec53-4d8c-af07-afda9839e493,mk1431,691301101,active,rafeeq_product_id,rafeeq,,,2026-08-15T22:24:42Z,2026-08-15T22:24:42Z
242d3ec3-32fd-4658-af62-c62626ccd3f3,2a790a3e-2155-4ac2-95e1-a46647aca61a,mk1432,691300755,active,rafeeq_product_id,rafeeq,,,2026-08-15T22:24:42Z,2026-08-15T22:24:42Z
b2e9d767-84b8-4990-9b56-f1c59f55bedf,d6174010-1f03-401d-9b88-8752eed2381b,mk1433,691300906,active,rafeeq_product_id,rafeeq,,,2026-08-15T22:24:42Z,2026-08-15T22:24:42Z
5122bb0e-b230-4679-adc9-744ad833e7d2,6ca2f612-e64f-48b4-a74a-1cbc76585585,mk1434,691300756,active,rafeeq_product_id,rafeeq,,,2026-08-15T22:24:42Z,2026-08-15T22:24:42Z
5c9aafb6-8883-475d-9dc2-5a8cdc25ab9e,f1b6f91d-3c09-480e-a906-da429ca1dbb9,mk1435,691300757,active,rafeeq_product_id,rafeeq,,,2026-08-15T22:24:42Z,2026-08-15T22:24:42Z
b14ad619-e4ff-4722-a4ab-8643074d9ce4,8a2cd005-fe4f-473c-8ddd-e8563a49b2c2,mk1436,691300989,active,rafeeq_product_id,rafeeq,,,2026-08-15T22:24:42Z,2026-08-15T22:24:42Z
435002bb-5932-428e-bd17-967d47c86c55,0f3d8e59-ea39-4481-999e-26ba61d61a08,mk1437,691300659,active,rafeeq_product_id,rafeeq,,,2026-08-15T22:24:42Z,2026-08-15T22:24:42Z
f525589b-a2d3-4e8a-a6d8-9ec0b67aca12,5641d600-5036-4958-a08a-386db5314e87,mk1438,mk1438,active,rafeeq_product_id,rafeeq,,,2026-08-15T22:24:42Z,2026-08-15T22:24:42Z
0d357a94-14a4-4a62-bec2-2f4d4de605ce,0826259d-f761-45c8-a8d1-8c26abb180c7,mk1439,mk1439,active,rafeeq_product_id,rafeeq,,,2026-08-15T22:24:42Z,2026-08-15T22:24:42Z
80fa5692-5cf0-49c5-8213-237c5b934ddf,fb6f71b0-2010-4266-9269-27e0278bf646,mk1440,691301102,active,rafeeq_product_id,rafeeq,,,2026-08-15T22:24:42Z,2026-08-15T22:24:42Z
f895eef9-3d4a-4f30-ad6b-2f6c94214aa2,0bdd6981-a43b-4657-89da-0e961f8f9a1e,mk1441,mk1441,active,rafeeq_product_id,rafeeq,,,2026-08-15T22:24:42Z,2026-08-15T22:24:42Z
d0016c2d-6647-4fe2-9e6d-18f6596c6244,1c906d07-7bd1-4983-8ac7-e918cfa110f0,mk1442,691300758,active,rafeeq_product_id,rafeeq,,,2026-08-15T22:24:42Z,2026-08-15T22:24:42Z
fcb74697-1b4f-496a-b97f-768c4db2f7ab,7dca0ff3-a807-4acf-b7ff-3f3b06ffcdc3,mk1443,691300908,active,rafeeq_product_id,rafeeq,,,2026-08-15T22:24:42Z,2026-08-15T22:24:42Z
6541e027-359e-469a-9d68-3001b00cfd9c,b99d2a6f-147a-41a5-bb95-9f336c010ebe,mk1444,mk1444,active,rafeeq_product_id,rafeeq,,,2026-08-15T22:24:42Z,2026-08-15T22:24:42Z
cd2c2f29-7b32-4a81-a785-4061fc0881f1,0b8f9e24-7027-4df5-a315-efab1d7b4e2a,mk1445,691300910,active,rafeeq_product_id,rafeeq,,,2026-08-15T22:24:42Z,2026-08-15T22:24:42Z
c17cf075-208e-4996-807d-b97090e33740,f9c6b210-3102-459c-8d37-d98d4e87d6bd,mk1446,691300911,active,rafeeq_product_id,rafeeq,,,2026-08-15T22:24:42Z,2026-08-15T22:24:42Z
6e9d24cb-9701-434d-9c2d-74675a4427bd,47104a3c-a8bf-42b4-8ad1-ffac0978e389,mk1447,691300759,active,rafeeq_product_id,rafeeq,,,2026-08-15T22:24:42Z,2026-08-15T22:24:42Z
13a46ad8-f602-4826-b6bc-12c156dcc040,292641ed-5daf-4de3-ad11-b8b30fd80afc,mk1448,691300760,active,rafeeq_product_id,rafeeq,,,2026-08-15T22:24:42Z,2026-08-15T22:24:42Z
3a7201c3-3447-4e96-b8a6-8c7651a5cbd5,3450dcc1-3404-4c39-8899-ba77a355f3c9,mk1449,691300761,active,rafeeq_product_id,rafeeq,,,2026-08-15T22:24:42Z,2026-08-15T22:24:42Z
6839dccf-c9b7-4e3c-9180-a8296c9c5f0c,a3a882ea-d717-4219-b9f2-9f98b513b8d9,mk1450,691301004,active,rafeeq_product_id,rafeeq,,,2026-08-15T22:24:42Z,2026-08-15T22:24:42Z
b82dad71-cf99-4cf7-b55f-dcb9abe24dae,fe5060b5-3ca8-468f-9d8a-a59fb52075f7,mk1451,691300912,active,rafeeq_product_id,rafeeq,,,2026-08-15T22:24:42Z,2026-08-15T22:24:42Z
b18ac1c7-918c-4f3a-9ea5-c2ec0782fdb1,044edd4e-4d93-4c17-b3c3-5b54f888b286,mk1452,mk1452,active,rafeeq_product_id,rafeeq,,,2026-08-15T22:24:42Z,2026-08-15T22:24:42Z
c1093255-d6fc-4d88-b422-f44ef96a90d7,91e8ea4d-27b4-4d15-b6eb-1260825c37ca,mk1453,691300695,active,rafeeq_product_id,rafeeq,,,2026-08-15T22:24:42Z,2026-08-15T22:24:42Z
4148b55d-71e7-4ab9-8ecf-9189c74eb618,64064914-ff5b-444e-8787-14cfbe2de299,mk1454,691301044,active,rafeeq_product_id,rafeeq,,,2026-08-15T22:24:42Z,2026-08-15T22:24:42Z
1615ab97-abed-4fde-98ae-768fac9ac2f8,0cef41c0-60c9-4c75-9b36-b2368eacfaca,mk1455,mk1455,active,rafeeq_product_id,rafeeq,,,2026-08-15T22:24:42Z,2026-08-15T22:24:42Z
df3c748a-4709-4db7-b536-b6a1155945e1,fe6fa562-bfd6-45b6-a568-4d0a8af409fb,mk1456,691301063,active,rafeeq_product_id,rafeeq,,,2026-08-15T22:24:42Z,2026-08-15T22:24:42Z
ccdfecef-79b2-43bd-8d09-d0df5695f234,63d3e231-7323-479c-bce1-4a2aa70c4543,mk1457,mk1457,active,rafeeq_product_id,rafeeq,,,2026-08-15T22:24:42Z,2026-08-15T22:24:42Z
51b62e69-2f20-4484-af06-805c732d68ab,fc59ff36-f9d3-4eb2-bc48-c30cd9b42ec4,mk1458,mk1458,active,rafeeq_product_id,rafeeq,,,2026-08-15T22:24:42Z,2026-08-15T22:24:42Z
8505a284-04e1-402c-82a6-2d02b36d0509,3298bfb9-d70a-4352-b375-a63f056ac5d1,mk1459,691301035,active,rafeeq_product_id,rafeeq,,,2026-08-15T22:24:42Z,2026-08-15T22:24:42Z
2e9cd18a-1f26-4fb1-89c8-297887702133,52a4271a-47b6-4124-b718-63a24aecb69b,mk1460,mk1460,active,rafeeq_product_id,rafeeq,,,2026-08-15T22:24:42Z,2026-08-15T22:24:42Z
489c1480-6e84-44a8-8ad3-e0d90f59506a,f4cdc757-1c6c-4e06-bc0e-adf0842ec50a,mk1461,691301104,active,rafeeq_product_id,rafeeq,,,2026-08-15T22:24:42Z,2026-08-15T22:24:42Z
ba4c2eb7-e327-48a6-9bcc-569283526eb0,8e81e9a6-dc67-48b3-810c-3fd5265a6679,mk1462,691300914,active,rafeeq_product_id,rafeeq,,,2026-08-15T22:24:42Z,2026-08-15T22:24:42Z
83022ffb-f73c-4ed2-a726-a2c12f1b2195,c917248a-50b8-4c1f-9175-af6200d9a049,mk1463,691300915,active,rafeeq_product_id,rafeeq,,,2026-08-15T22:24:42Z,2026-08-15T22:24:42Z
f158e8d3-7cc6-4c6b-bf0c-02b574a693d1,f4b69a31-63bd-4e19-b031-e285c55da1a8,mk1464,691300762,active,rafeeq_product_id,rafeeq,,,2026-08-15T22:24:42Z,2026-08-15T22:24:42Z
23cd641c-b427-4d01-b89e-826700a096f7,e89b2d9d-8e85-4d25-b15e-043679ff890f,mk1465,691300763,active,rafeeq_product_id,rafeeq,,,2026-08-15T22:24:42Z,2026-08-15T22:24:42Z
239185a9-e4f9-4e57-bbec-c545e49c37a5,a9030d01-4a1a-48c4-9b5d-a8a2656193e8,mk1466,691300721,active,rafeeq_product_id,rafeeq,,,2026-08-15T22:24:42Z,2026-08-15T22:24:42Z
a149355f-811a-469d-bc00-ccba4df2bb20,20816e87-14b5-4de6-bcd0-2fc9ebde8c00,mk1467,mk1467,active,rafeeq_product_id,rafeeq,,,2026-08-15T22:24:42Z,2026-08-15T22:24:42Z
2328c2a1-cd59-484d-9afa-a1255973d438,a980072a-8c5f-45ed-aecf-00a182ec8029,mk1468,691300720,active,rafeeq_product_id,rafeeq,,,2026-08-15T22:24:42Z,2026-08-15T22:24:42Z
331ffe38-333c-4288-ab53-0c50c7cf5553,e7c5e6cb-7440-4770-87cf-618cd6719bf7,mk1469,691301090,active,rafeeq_product_id,rafeeq,,,2026-08-15T22:24:42Z,2026-08-15T22:24:42Z
a0a6de52-0e96-4e2d-ab9f-a1795403562c,cbaef1f4-928a-43f8-9e65-f3d5ca76d25c,mk1470,691301091,active,rafeeq_product_id,rafeeq,,,2026-08-15T22:24:42Z,2026-08-15T22:24:42Z
eadfba38-87ae-40e0-b5f0-e08fd4f3d478,f97f0164-c3e3-44dd-81fb-7df4847e9d35,mk1471,691301089,active,rafeeq_product_id,rafeeq,,,2026-08-15T22:24:42Z,2026-08-15T22:24:42Z
1f224b2a-faf2-4b35-8e7e-6ac202a48c1b,d72e3812-19ec-496f-97eb-f42b48db410b,mk1472,mk1472,active,rafeeq_product_id,rafeeq,,,2026-08-15T22:24:42Z,2026-08-15T22:24:42Z
cbb179e2-2098-4f04-b79a-c4b728740433,262f4b06-03d9-4d9f-9de8-7eb78c49703a,mk1473,691300653,active,rafeeq_product_id,rafeeq,,,2026-08-15T22:24:42Z,2026-08-15T22:24:42Z
5282f36e-1a5f-4e89-829c-76a93369abef,9000e43f-e34d-46c5-9280-3266e7be8e34,mk1474,691300652,active,rafeeq_product_id,rafeeq,,,2026-08-15T22:24:42Z,2026-08-15T22:24:42Z
3966d3e5-88b3-4715-923e-ba58906202e7,094c6491-1ff3-405d-ad16-c82aed398c37,mk1475,mk1475,active,rafeeq_product_id,rafeeq,,,2026-08-15T22:24:42Z,2026-08-15T22:24:42Z
f791da5b-0683-4ba3-aef3-0396f4c9ec9a,a030674f-3780-48f6-b644-b1ce5d4ed774,mk1476,691300917,active,rafeeq_product_id,rafeeq,,,2026-08-15T22:24:42Z,2026-08-15T22:24:42Z
8667f975-9656-491f-9ad2-572207348101,a91c55d4-6745-4fd7-aba3-95c927c790e7,mk1477,691300918,active,rafeeq_product_id,rafeeq,,,2026-08-15T22:24:42Z,2026-08-15T22:24:42Z
af2388ee-cb3b-404a-a210-bae843f53c02,9177868e-aa32-4e14-b72f-d7eefe16e18c,mk1478,mk1478,active,rafeeq_product_id,rafeeq,,,2026-08-15T22:24:42Z,2026-08-15T22:24:42Z
e24e104b-6eb4-41aa-a2d7-5a3d06c6dbb7,014a50c0-3176-4634-9bf5-ac5e8f563d39,mk1479,691300919,active,rafeeq_product_id,rafeeq,,,2026-08-15T22:24:42Z,2026-08-15T22:24:42Z
6b3d955d-61a4-4832-806f-81c22d086c98,8314eb68-eb9b-45ee-a0ea-aa7042b9f980,mk1480,691300920,active,rafeeq_product_id,rafeeq,,,2026-08-15T22:24:42Z,2026-08-15T22:24:42Z
c5ed3018-39e9-49da-a3c4-71a8e4bbe891,890443d5-55df-4576-8b37-bdefdf0f8306,mk1481,691300921,active,rafeeq_product_id,rafeeq,,,2026-08-15T22:24:42Z,2026-08-15T22:24:42Z
ad004edc-4a9d-492c-91af-fcf2ad6c1a82,7c0fe5a8-defa-40ab-992c-a376398c802e,mk1482,691300764,active,rafeeq_product_id,rafeeq,,,2026-08-15T22:24:42Z,2026-08-15T22:24:42Z
4d12a541-bb83-42b1-89ee-6c81bd76e2aa,ee9d6f16-0abc-4523-91f4-a61fddc1494f,mk1483,691300922,active,rafeeq_product_id,rafeeq,,,2026-08-15T22:24:42Z,2026-08-15T22:24:42Z
39e6b218-6d82-4771-8dc2-477dedfa8b36,2f433cca-4e31-4cb5-b342-79ecac437088,mk1484,691300923,active,rafeeq_product_id,rafeeq,,,2026-08-15T22:24:42Z,2026-08-15T22:24:42Z
63c51bae-04a8-4641-b044-0c87208bf6f2,51a28b91-c9d6-4fbe-8633-1589b8856af7,mk1485,691301108,active,rafeeq_product_id,rafeeq,,,2026-08-15T22:24:42Z,2026-08-15T22:24:42Z
d0e34c15-cab1-48c4-b79a-829b64a52a6a,638e0201-239c-4ef0-b03f-09bc2628b7a5,mk1486,691300660,active,rafeeq_product_id,rafeeq,,,2026-08-15T22:24:42Z,2026-08-15T22:24:42Z
9bb11d09-74da-4633-8d05-658d1a7591cd,111a44c1-fb21-4d03-a4cd-1b0570523ecc,mk1487,691300925,active,rafeeq_product_id,rafeeq,,,2026-08-15T22:24:42Z,2026-08-15T22:24:42Z
edb5ade2-76cf-4686-85f2-da4912cf17d5,bd0ddb54-c714-4802-9187-5ff767cda836,mk1488,691300926,active,rafeeq_product_id,rafeeq,,,2026-08-15T22:24:42Z,2026-08-15T22:24:42Z
0e6e4660-3534-4413-9067-9114965a6fa7,1d3d2067-f70c-4249-aeba-4205d0459db5,mk1489,691300885,active,rafeeq_product_id,rafeeq,,,2026-08-15T22:24:42Z,2026-08-15T22:24:42Z
cb6fa8a1-88d0-4447-916b-42370b4109f4,bf3723ed-bbff-467f-b938-5440647c5e49,mk1490,691300980,active,rafeeq_product_id,rafeeq,,,2026-08-15T22:24:42Z,2026-08-15T22:24:42Z
81ba71d8-0567-48e0-b426-6319fd21ee4d,4aabaac0-22be-4302-85b4-656ed05387d7,mk1491,691301088,active,rafeeq_product_id,rafeeq,,,2026-08-15T22:24:42Z,2026-08-15T22:24:42Z
47ce3aad-9b72-4c03-9d56-d513136480e0,77da51aa-7f30-445c-b7de-54b98334d0da,mk1492,691301001,active,rafeeq_product_id,rafeeq,,,2026-08-15T22:24:42Z,2026-08-15T22:24:42Z
a2ba72ad-b759-430d-88aa-01785da85227,aad23b23-46d4-4af5-97b3-50406ca1c67f,mk1493,mk1493,active,rafeeq_product_id,rafeeq,,,2026-08-15T22:24:42Z,2026-08-15T22:24:42Z
bd966de4-139c-4e3b-b177-ee3db4ab7e3a,3e189422-509f-4a94-88de-7d2e71c955f0,mk1494,691300651,active,rafeeq_product_id,rafeeq,,,2026-08-15T22:24:42Z,2026-08-15T22:24:42Z
dd5780cf-680b-46d1-b71f-422530d2ab57,8f149898-fa3c-4b5d-9eb7-af341acf1976,mk1495,691300650,active,rafeeq_product_id,rafeeq,,,2026-08-15T22:24:42Z,2026-08-15T22:24:42Z
771a9993-b11c-497d-872e-f16418a303f6,4aca26e4-c7cc-4e33-83ae-f01f9efbc10a,mk1496,691301087,active,rafeeq_product_id,rafeeq,,,2026-08-15T22:24:42Z,2026-08-15T22:24:42Z
5a3d23ef-5ecd-4fee-90c8-4ec3606405fd,cb73b3b0-2363-42e3-87dd-003d577f74e3,mk1497,691300884,active,rafeeq_product_id,rafeeq,,,2026-08-15T22:24:42Z,2026-08-15T22:24:42Z
c7771669-c418-4e64-833d-4a0bb056305d,028cace8-9702-4e08-aadc-cfccdfaefae6,mk1498,691300883,active,rafeeq_product_id,rafeeq,,,2026-08-15T22:24:42Z,2026-08-15T22:24:42Z
9dcdd668-6b18-46c6-9e40-eb679333c661,304a9036-4146-408f-b934-5e5e17617e9e,mk1499,691300719,active,rafeeq_product_id,rafeeq,,,2026-08-15T22:24:42Z,2026-08-15T22:24:42Z
7478ae26-06d0-4bf7-9d92-c50760c9e9aa,9d51f665-f53d-4006-9efe-3b4b37e28d3f,mk1500,691300718,active,rafeeq_product_id,rafeeq,,,2026-08-15T22:24:42Z,2026-08-15T22:24:42Z
b0573099-2092-4fb6-8993-9bb3c6337816,253545dc-7600-4b34-a570-1d262066e2ee,mk1501,691300717,active,rafeeq_product_id,rafeeq,,,2026-08-15T22:24:42Z,2026-08-15T22:24:42Z
2e1c6daf-d51a-4d74-b551-2c0e60b16359,beada770-1979-400a-baa2-8186dfafbc05,mk1502,691301086,active,rafeeq_product_id,rafeeq,,,2026-08-15T22:24:42Z,2026-08-15T22:24:42Z
67c134d6-8e74-48be-b811-2acee50ca2fa,0e6988c1-ab21-4c39-9cb6-ab9d719867af,mk1503,691300882,active,rafeeq_product_id,rafeeq,,,2026-08-15T22:24:42Z,2026-08-15T22:24:42Z
71261e41-9758-4be9-9fbf-7b2c4b432df0,5af4bb5c-9bde-4cc2-928e-07b65cc73a59,mk1504,691300567,active,rafeeq_product_id,rafeeq,,,2026-08-15T22:24:42Z,2026-08-15T22:24:42Z
dcd02f79-f10d-4b1d-b3ad-02bc6b279379,00fd0043-5445-4bad-8d8a-84a6000dddea,mk1505,691300566,active,rafeeq_product_id,rafeeq,,,2026-08-15T22:24:42Z,2026-08-15T22:24:42Z
9751736e-ca28-42e4-8c1f-cfd78aa742f2,ebc6f7ba-fdbc-4936-9f12-67cb9a968c07,mk1506,691300564,active,rafeeq_product_id,rafeeq,,,2026-08-15T22:24:42Z,2026-08-15T22:24:42Z
e714f90b-a652-4c26-a2b6-b91d80014438,c67d9cca-e09b-4c10-8680-4f076550402b,mk1507,691300565,active,rafeeq_product_id,rafeeq,,,2026-08-15T22:24:42Z,2026-08-15T22:24:42Z
0fb9990e-4ae5-4ed3-bffb-19fe7bb4e186,c1d7c419-b456-4965-8467-f70b38f12e2f,mk1508,691300563,active,rafeeq_product_id,rafeeq,,,2026-08-15T22:24:42Z,2026-08-15T22:24:42Z
77235310-3f34-4fb8-bc7c-3d0f341b6265,fe81739e-8462-4595-88d8-b28b34b4ce6c,mk1509,691300562,active,rafeeq_product_id,rafeeq,,,2026-08-15T22:24:42Z,2026-08-15T22:24:42Z
ffc2bed0-2655-4613-8d52-e8d058a585e9,279d9a57-cddf-4b97-b2cd-1fbb233973a4,mk1510,691301085,active,rafeeq_product_id,rafeeq,,,2026-08-15T22:24:42Z,2026-08-15T22:24:42Z
0d52571f-8185-4817-8cc1-08553a28f180,8b866664-91d0-4b64-8ba0-f1400c2e6b50,mk1511,691301084,active,rafeeq_product_id,rafeeq,,,2026-08-15T22:24:42Z,2026-08-15T22:24:42Z
95856fcd-95a1-4bd7-9b0f-efd66793c25c,58322563-9090-4135-8d5a-b1ea8c5986c0,mk1512,691300716,active,rafeeq_product_id,rafeeq,,,2026-08-15T22:24:42Z,2026-08-15T22:24:42Z
9247fa90-ce81-4f81-8500-ff9a6332fc8e,89b10c77-b328-4d02-9f6f-6761b644624f,mk1513,691300715,active,rafeeq_product_id,rafeeq,,,2026-08-15T22:24:42Z,2026-08-15T22:24:42Z
5c129f87-08d7-48a5-8536-e97a87b704eb,e04241ed-44dc-431c-8295-b1727eca3ec7,mk1514,691300714,active,rafeeq_product_id,rafeeq,,,2026-08-15T22:24:42Z,2026-08-15T22:24:42Z
e406398e-4ecb-47a6-99a3-4d6276fd750b,71f234ff-4c8d-4637-ac26-69fafbbc8b6b,mk1515,mk1515,active,rafeeq_product_id,rafeeq,,,2026-08-15T22:24:42Z,2026-08-15T22:24:42Z
2fb4947a-fab5-4410-a098-1618882acc59,d9e3a8fa-be3c-4218-b0a9-b51ff9f7599e,mk1516,mk1516,active,rafeeq_product_id,rafeeq,,,2026-08-15T22:24:42Z,2026-08-15T22:24:42Z
3465a953-2df6-40b0-8321-8a2743fe0bf7,9a76325c-58ff-4a11-98cd-a20834a4153f,mk1517,691300649,active,rafeeq_product_id,rafeeq,,,2026-08-15T22:24:42Z,2026-08-15T22:24:42Z
cbca47da-9e69-4662-a889-204a753eb600,cf22c19e-9a03-4f70-b978-f339400759f7,mk1518,691300881,active,rafeeq_product_id,rafeeq,,,2026-08-15T22:24:42Z,2026-08-15T22:24:42Z
d2d5c0ce-cd40-4abf-ab8c-37afa283b502,4ecf7bb7-c0c7-4e73-9974-954a9276469d,mk1519,mk1519,active,rafeeq_product_id,rafeeq,,,2026-08-15T22:24:42Z,2026-08-15T22:24:42Z
9db0277d-a1f6-4681-8cfc-da41829f1b0d,e7215c35-146d-4d13-9c3f-f0a57e2755aa,mk1520,691301083,active,rafeeq_product_id,rafeeq,,,2026-08-15T22:24:42Z,2026-08-15T22:24:42Z
cc13fa8a-40f8-4d79-a117-f293c43ed991,a26955b9-3fea-463f-9313-30a96f1ea8cd,mk1521,691301082,active,rafeeq_product_id,rafeeq,,,2026-08-15T22:24:42Z,2026-08-15T22:24:42Z
460c9e38-b3e4-47c8-9a26-6665ef34e787,e649c06e-d21f-42d6-a532-428f2ac62025,mk1522,691301081,active,rafeeq_product_id,rafeeq,,,2026-08-15T22:24:42Z,2026-08-15T22:24:42Z
6567d1cc-ad61-4e58-aa77-799f861e6384,7aa09bda-0e47-46f5-a8d4-8f0a7dc573d2,mk1523,mk1523,active,rafeeq_product_id,rafeeq,,,2026-08-15T22:24:42Z,2026-08-15T22:24:42Z
f5d6e06e-23a5-4cde-9c61-26bbb567afba,d74d3216-dae7-425e-9474-cbd794720fd2,mk1524,691300979,active,rafeeq_product_id,rafeeq,,,2026-08-15T22:24:42Z,2026-08-15T22:24:42Z
c714ab74-84a2-4db6-a28b-313c2cd846e7,9b4c1a17-0b44-42d6-b854-ab3de0f2e76e,mk1525,691301006,active,rafeeq_product_id,rafeeq,,,2026-08-15T22:24:42Z,2026-08-15T22:24:42Z
b8db6432-c831-4cab-8757-1b2f2b094260,581f4015-d7e7-4a17-bf35-3c685e76eaa2,mk1526,691301007,active,rafeeq_product_id,rafeeq,,,2026-08-15T22:24:42Z,2026-08-15T22:24:42Z
92927b59-c2df-41ba-8a4f-9d46778478a9,029da619-7c04-40a9-bac3-4ff2700a59a3,mk1527,691301008,active,rafeeq_product_id,rafeeq,,,2026-08-15T22:24:42Z,2026-08-15T22:24:42Z
1231772f-89ab-4f8b-bbc1-ae1de358faeb,1fb78cc0-7414-4325-804f-88d407e20cd9,mk1528,691301077,active,rafeeq_product_id,rafeeq,,,2026-08-15T22:24:42Z,2026-08-15T22:24:42Z
d5365d6d-8464-44c6-b342-3a941463543d,3ef8cf2f-e0e6-4a90-98eb-bf309fc0d71c,mk1529,691301076,active,rafeeq_product_id,rafeeq,,,2026-08-15T22:24:42Z,2026-08-15T22:24:42Z
7560b57a-931a-410d-a559-93fcde62642a,9c769fd4-868b-43cb-a50b-c6b15adccc34,mk1530,691301075,active,rafeeq_product_id,rafeeq,,,2026-08-15T22:24:42Z,2026-08-15T22:24:42Z
362ddb96-e58c-49ba-80b6-c418045086a0,689f4451-c3f3-420c-b879-23151843a1ad,mk1531,691300713,active,rafeeq_product_id,rafeeq,,,2026-08-15T22:24:42Z,2026-08-15T22:24:42Z
14115db2-69fa-4392-a170-6a20c582276e,4865917b-09c7-477a-9633-2d6479799018,mk1532,691300712,active,rafeeq_product_id,rafeeq,,,2026-08-15T22:24:42Z,2026-08-15T22:24:42Z
958ac149-8b1d-4378-a4ea-04965e6ce8ab,939f31c0-a9e4-4c66-abc8-4e3a061f7fcf,mk1533,mk1533,active,rafeeq_product_id,rafeeq,,,2026-08-15T22:24:42Z,2026-08-15T22:24:42Z
f18a5069-f6ce-4632-af65-e23dff852d5c,f5670897-0c4f-4ac2-a5e5-d323da6f78f7,mk1534,691300709,active,rafeeq_product_id,rafeeq,,,2026-08-15T22:24:42Z,2026-08-15T22:24:42Z
82b5a499-fb7a-486d-b0d9-f34d8e947322,0e1eff56-4638-4081-8ffd-284bd4dd125d,mk1535,691300708,active,rafeeq_product_id,rafeeq,,,2026-08-15T22:24:42Z,2026-08-15T22:24:42Z
1ff43b2d-b4f8-443c-8cdd-de608af74873,c9b44e41-0af3-41f5-a61d-063628f4f4b4,mk1537,691300880,active,rafeeq_product_id,rafeeq,,,2026-08-15T22:24:42Z,2026-08-15T22:24:42Z
a225c738-dac2-419e-a824-340825659e42,0a295323-964f-4a12-861f-7f5f68879a60,mk1538,691300963,active,rafeeq_product_id,rafeeq,,,2026-08-15T22:24:42Z,2026-08-15T22:24:42Z
e32538dc-31e6-4cf3-9154-52fc56ec725d,e45e370c-546f-4b73-9561-8138e109825c,mk1539,691300706,active,rafeeq_product_id,rafeeq,,,2026-08-15T22:24:42Z,2026-08-15T22:24:42Z
7010007d-210f-462d-a125-59604a292b75,3926212d-941d-4c06-b8a3-ab5acf29a693,mk1540,691300964,active,rafeeq_product_id,rafeeq,,,2026-08-15T22:24:42Z,2026-08-15T22:24:42Z
5f8c8ecd-7629-4d05-a606-b8c74cf5840f,eae5ff19-470b-4071-a008-7d65876d3972,mk1541,691300619,active,rafeeq_product_id,rafeeq,,,2026-08-15T22:24:42Z,2026-08-15T22:24:42Z
95f538b5-aba3-4aed-9cd0-6471978b0c15,78c092b4-c85c-4d89-b9c1-2c55b029fd07,mk1542,mk1542,active,rafeeq_product_id,rafeeq,,,2026-08-15T22:24:42Z,2026-08-15T22:24:42Z
54c9265c-3a80-4233-9ced-0c0f20af6e12,e0e5833d-827e-4dd2-8c6d-4975e9d6d656,mk1543,mk1543,active,rafeeq_product_id,rafeeq,,,2026-08-15T22:24:42Z,2026-08-15T22:24:42Z
1e09db4b-597c-4b86-8f09-915172726639,3077510c-9558-480a-8b25-38eda8901b10,mk1544,mk1544,active,rafeeq_product_id,rafeeq,,,2026-08-15T22:24:42Z,2026-08-15T22:24:42Z
17495cfb-9b50-4d0a-9227-fe2dfeccb574,3db05bdc-1b50-4d83-a75e-f3015edc7bf2,mk1545,mk1545,active,rafeeq_product_id,rafeeq,,,2026-08-15T22:24:42Z,2026-08-15T22:24:42Z
67840af5-eaa1-4a04-ad81-78a2dea774f7,f3c619f4-ed6b-45e2-9973-4c8ed5913b5d,mk1546,mk1546,active,rafeeq_product_id,rafeeq,,,2026-08-15T22:24:42Z,2026-08-15T22:24:42Z
c228b493-6b29-4cdf-9150-c9f43ddadde1,1a715ba8-ddab-4f57-ab82-282688689f70,mk1547,691300962,active,rafeeq_product_id,rafeeq,,,2026-08-15T22:24:42Z,2026-08-15T22:24:42Z
bf1de44c-906b-4a45-a242-4e0a17c30550,985756a3-fb6b-428b-9103-ea38a0fa515a,mk1548,691300524,active,rafeeq_product_id,rafeeq,,,2026-08-15T22:24:42Z,2026-08-15T22:24:42Z
96e9988f-1322-4eb0-9225-76f86c898d56,1d4c001a-6e01-46ca-9fac-1ac6000caaf5,mk1549,691300942,active,rafeeq_product_id,rafeeq,,,2026-08-15T22:24:42Z,2026-08-15T22:24:42Z
1c350de4-9f68-491e-844e-27e0625272ec,ce9f4962-716a-4acc-af90-62b8506ef298,mk1550,691301152,active,rafeeq_product_id,rafeeq,,,2026-08-15T22:24:42Z,2026-08-15T22:24:42Z
8a2cf47e-04aa-4ede-85e5-eab5da9b7c68,c4ec18bd-50e2-45d8-a03e-b68addb7e9ff,mk1551,691301141,active,rafeeq_product_id,rafeeq,,,2026-08-15T22:24:42Z,2026-08-15T22:24:42Z
5bb70fe3-61ea-4f3f-a485-10660de05663,81a4d9c1-3fb1-4ff4-9b73-15fb52b07a03,mk1552,mk1552,active,rafeeq_product_id,rafeeq,,,2026-08-15T22:24:42Z,2026-08-15T22:24:42Z
bf0064dd-648a-49de-8d46-bcc4f1608d18,0062864c-98b0-4a3e-ad67-aea40b24cf9c,mk1553,691301054,active,rafeeq_product_id,rafeeq,,,2026-08-15T22:24:42Z,2026-08-15T22:24:42Z
c9c947c0-5c5a-4c7a-a83c-527fa6e6d6cb,6c25ea28-cae1-4077-a645-506bb8085ad2,mk1554,691300811,active,rafeeq_product_id,rafeeq,,,2026-08-15T22:24:42Z,2026-08-15T22:24:42Z
efdc1979-aeb1-4f14-a5c7-d442f01b80ce,24d7ddf0-9bb0-45c3-a92e-9082b4c9d7a5,mk1555,mk1555,active,rafeeq_product_id,rafeeq,,,2026-08-15T22:24:42Z,2026-08-15T22:24:42Z
0e0bf24d-deb9-4105-b54b-543ce95f4df0,30e81001-7530-42f9-82db-ed1fabadfa8e,mk1556,mk1556,active,rafeeq_product_id,rafeeq,,,2026-08-15T22:24:42Z,2026-08-15T22:24:42Z
4168cf5e-a998-451d-b250-83d8b2aa7962,455e47cf-1923-4e84-b356-96d766284a3f,mk1557,mk1557,active,rafeeq_product_id,rafeeq,,,2026-08-15T22:24:42Z,2026-08-15T22:24:42Z
94e9494e-1150-491d-a5c8-95a27a9d21cf,91069ea0-e465-4f77-a44e-7e85107d2ab6,mk1558,691300705,active,rafeeq_product_id,rafeeq,,,2026-08-15T22:24:42Z,2026-08-15T22:24:42Z
5b04baa5-7328-492d-b3b9-6507a66af9a3,87bf00a3-d594-4f31-8013-e2f586166000,mk1559,691300704,active,rafeeq_product_id,rafeeq,,,2026-08-15T22:24:42Z,2026-08-15T22:24:42Z
552df5cb-d99e-4715-8fe1-9f8b507114ac,8a70f69e-81ff-43fc-b706-a0e120494f66,mk1560,691300703,active,rafeeq_product_id,rafeeq,,,2026-08-15T22:24:42Z,2026-08-15T22:24:42Z
53e53213-7bd1-472e-bd11-cf2f4eb6e64c,e1bd95ee-4675-456f-bf42-0d7a584970b4,mk1561,691300702,active,rafeeq_product_id,rafeeq,,,2026-08-15T22:24:42Z,2026-08-15T22:24:42Z
38757063-8560-4cee-a96f-d02238b479d6,c4638eed-2cb1-4f71-bdad-bf7330b2c91f,mk1562,691300701,active,rafeeq_product_id,rafeeq,,,2026-08-15T22:24:42Z,2026-08-15T22:24:42Z
98eb39dc-047f-44f1-a396-69cebfcfb0b9,6e718f31-d879-417b-a689-68528498ccf9,mk1563,691300878,active,rafeeq_product_id,rafeeq,,,2026-08-15T22:24:42Z,2026-08-15T22:24:42Z
ade2c1da-8d28-45d2-a7b9-925328faa966,c00ac31a-5ea5-46a3-92da-4dcd23417174,mk1564,691300647,active,rafeeq_product_id,rafeeq,,,2026-08-15T22:24:42Z,2026-08-15T22:24:42Z
2e77a248-2535-4252-a2ff-024f3e21297f,75e6f63f-636c-40f2-99c7-c56264aec8de,mk1565,691300646,active,rafeeq_product_id,rafeeq,,,2026-08-15T22:24:42Z,2026-08-15T22:24:42Z
37340fc4-d287-4588-b16e-83975aff11d3,78cae109-86a1-4973-b25b-895a8a808f0f,mk1566,691300648,active,rafeeq_product_id,rafeeq,,,2026-08-15T22:24:42Z,2026-08-15T22:24:42Z
45b4ae91-7f7a-4614-b49d-6e02a49541e1,703fc496-8852-4e9d-9315-9a376a7f6928,mk1567,691300557,active,rafeeq_product_id,rafeeq,,,2026-08-15T22:24:42Z,2026-08-15T22:24:42Z
a848991d-40b9-4fe7-928b-58edc543ef24,9ee533a7-1c61-4e55-a7e6-299352e03ecf,mk1568,mk1568,active,rafeeq_product_id,rafeeq,,,2026-08-15T22:24:42Z,2026-08-15T22:24:42Z
895dfb26-ef9c-4ef2-8569-bd369bd27737,bd0b4b04-aec1-4770-a97d-58cba62cf795,mk1569,mk1569,active,rafeeq_product_id,rafeeq,,,2026-08-15T22:24:42Z,2026-08-15T22:24:42Z
ebcfddc6-6f64-4a59-9f6b-0e5f48f427cb,8e2c0a5d-1e65-451d-b1b2-8d66cf552212,mk1570,mk1570,active,rafeeq_product_id,rafeeq,,,2026-08-15T22:24:42Z,2026-08-15T22:24:42Z
c4447912-ef01-4556-a426-18c76dc4ea55,21ddac97-8c21-4c24-85c7-acaf721287ad,mk1571,mk1571,active,rafeeq_product_id,rafeeq,,,2026-08-15T22:24:42Z,2026-08-15T22:24:42Z
38bbb0c4-c98b-4767-a97d-df387563fea7,94a42a0b-af60-4282-9cf3-4c47445bb543,mk1572,mk1572,active,rafeeq_product_id,rafeeq,,,2026-08-15T22:24:42Z,2026-08-15T22:24:42Z
1bb92471-7f2a-4c27-83e9-a228647084ef,94423af5-0a8d-487f-9bc2-2df8a34d4b73,mk1573,691300877,active,rafeeq_product_id,rafeeq,,,2026-08-15T22:24:42Z,2026-08-15T22:24:42Z
775881e5-bb86-49ec-83f8-5b19da962f39,512c7d16-dd28-4aee-bd03-1e5552db96fd,mk1574,mk1574,active,rafeeq_product_id,rafeeq,,,2026-08-15T22:24:42Z,2026-08-15T22:24:42Z
d580ae75-363a-4d81-9335-4e1a024c83b5,d6395ef0-d3c2-47f9-8ca3-2442bdeca50b,mk1575,mk1575,active,rafeeq_product_id,rafeeq,,,2026-08-15T22:24:42Z,2026-08-15T22:24:42Z
b5ddf5d0-9a93-41c6-a784-75abe58a4638,b1972c7d-f8f1-40b6-8977-9858c760e64c,mk1576,691301073,active,rafeeq_product_id,rafeeq,,,2026-08-15T22:24:42Z,2026-08-15T22:24:42Z
fdcde3d1-260e-4bf9-bb06-6725c42b9fd5,bcf90d62-3c6d-441b-a8b3-33fdc04f1691,mk1577,691301072,active,rafeeq_product_id,rafeeq,,,2026-08-15T22:24:42Z,2026-08-15T22:24:42Z
0fec06ce-3582-445b-bb54-a29ef865c644,9cbfd705-1e31-4328-a005-5e5b6e26c392,mk1578,mk1578,active,rafeeq_product_id,rafeeq,,,2026-08-15T22:24:42Z,2026-08-15T22:24:42Z
3cf7057f-b19c-4990-aac3-71aca594be46,ea7965e6-c56e-40e5-a181-0e384510a1c6,mk1579,mk1579,active,rafeeq_product_id,rafeeq,,,2026-08-15T22:24:42Z,2026-08-15T22:24:42Z
573ecd25-3f10-40ce-9ef2-d99aa696b6f4,3205b6f9-ef75-4559-a025-69c87ceb8adf,mk1580,mk1580,active,rafeeq_product_id,rafeeq,,,2026-08-15T22:24:42Z,2026-08-15T22:24:42Z
549ac3cf-884b-407f-a9b4-a435c9acdbf8,f68a3e45-7c31-4f5a-9d8f-54cd5747df9c,mk1581,mk1581,active,rafeeq_product_id,rafeeq,,,2026-08-15T22:24:42Z,2026-08-15T22:24:42Z
a1c4c433-eca7-4f48-be43-5a59d32f2f68,c3ace1a7-90af-41b8-bd89-4ff7aa64d33b,mk1582,691301000,active,rafeeq_product_id,rafeeq,,,2026-08-15T22:24:42Z,2026-08-15T22:24:42Z
70c94571-1822-42dd-956c-7c5043036c40,3df61a18-38f7-4ca4-90b1-8a42b1a68ed1,mk1583,mk1583,active,rafeeq_product_id,rafeeq,,,2026-08-15T22:24:42Z,2026-08-15T22:24:42Z
5e457ed7-2501-45bd-97e8-2e5341bf4770,f6a24765-7023-46be-a1c7-11ca67ea4689,mk1584,mk1584,active,rafeeq_product_id,rafeeq,,,2026-08-15T22:24:42Z,2026-08-15T22:24:42Z
70407ae7-fe9c-4bae-b227-2a5b53f0e9fc,396151c7-2388-4a88-b372-e01335599cbb,mk1585,mk1585,active,rafeeq_product_id,rafeeq,,,2026-08-15T22:24:42Z,2026-08-15T22:24:42Z
5d402e8a-b350-489d-bea6-52980b9a73fc,b6b9304d-110d-4ab7-a1df-a828b732d7dc,mk1586,691300874,active,rafeeq_product_id,rafeeq,,,2026-08-15T22:24:42Z,2026-08-15T22:24:42Z
55118e11-233d-4fa6-ba1c-6ea7aed14151,7ce52fb1-19bd-4cae-8b41-2bccfcb8f0ad,mk1587,mk1587,active,rafeeq_product_id,rafeeq,,,2026-08-15T22:24:42Z,2026-08-15T22:24:42Z
07e5fa53-5d0c-4d2f-b29a-d2d2f920ddc7,a3333cfd-6f73-4c84-974a-ebec6d326130,mk1588,mk1588,active,rafeeq_product_id,rafeeq,,,2026-08-15T22:24:42Z,2026-08-15T22:24:42Z
166672e4-54a6-4e37-88c6-6fd5191ae149,97e355e4-2f7c-4444-9786-41f0ad0df3bd,mk1589,691300929,active,rafeeq_product_id,rafeeq,,,2026-08-15T22:24:42Z,2026-08-15T22:24:42Z
e00eb239-c4c8-4236-bc21-32500ef9c533,b1864e1a-e620-44e7-8f97-6f9841b6180a,mk1590,mk1590,active,rafeeq_product_id,rafeeq,,,2026-08-15T22:24:42Z,2026-08-15T22:24:42Z
c6dcbfd2-3bdf-454e-acbe-26100f086113,5e22a446-2dd1-44c3-96b2-fe820e52c2c4,mk1591,691300930,active,rafeeq_product_id,rafeeq,,,2026-08-15T22:24:42Z,2026-08-15T22:24:42Z
5889f30b-4fe7-4508-a135-4c695ce6d046,8c8d8c9d-8ecc-499b-bc3e-e81fff7515ac,mk1592,691300873,active,rafeeq_product_id,rafeeq,,,2026-08-15T22:24:42Z,2026-08-15T22:24:42Z
3e06cb0f-aff6-457e-8081-7593c79408aa,7bafb854-dcc3-4327-8971-ca8d2640bd9e,mk1593,691300410,active,rafeeq_product_id,rafeeq,,,2026-08-15T22:24:42Z,2026-08-15T22:24:42Z
cd62dbc0-a17d-4b6c-b75e-5990031bef3e,5a684e2f-0e6f-4674-a46a-2d3ec0a4345b,mk1594,mk1594,active,rafeeq_product_id,rafeeq,,,2026-08-15T22:24:42Z,2026-08-15T22:24:42Z
b0b2ae62-3845-4e06-a9b7-5e5d1ed77ecb,dfeec76f-ebb2-4765-ba5a-bf96010a7ba1,mk1595,691300871,active,rafeeq_product_id,rafeeq,,,2026-08-15T22:24:42Z,2026-08-15T22:24:42Z
ba15bf3f-9348-4ea6-9414-6ac03280f816,ed635bcf-0974-4bc5-b265-925ead62ead2,mk1596,691300870,active,rafeeq_product_id,rafeeq,,,2026-08-15T22:24:42Z,2026-08-15T22:24:42Z
14aa81f7-0b4a-4466-8fe0-de899aef0e8e,f6af4bd4-95bd-46e2-ad4f-5ace230c24a4,mk1597,mk1597,active,rafeeq_product_id,rafeeq,,,2026-08-15T22:24:42Z,2026-08-15T22:24:42Z
da8bfa8a-16d9-4076-80f1-b42dfe390fce,8fcda5cf-df35-471b-a846-c4514fa014f9,mk1598,691300999,active,rafeeq_product_id,rafeeq,,,2026-08-15T22:24:42Z,2026-08-15T22:24:42Z
f8e95a1d-d031-4bf0-b068-0b0280b15b7b,043ab30b-719d-4a8c-8a73-30bfb495a7d9,mk1599,691300868,active,rafeeq_product_id,rafeeq,,,2026-08-15T22:24:42Z,2026-08-15T22:24:42Z
c129b271-f38c-4a14-a5a5-821fc035bfce,96795c3d-0295-44bf-9fba-6454d693a743,mk1600,mk1600,active,rafeeq_product_id,rafeeq,,,2026-08-15T22:24:42Z,2026-08-15T22:24:42Z
1ed9d0a1-a05e-4175-a995-ee43e02f2d04,72168cce-6326-40f5-a595-878190dd1aaa,mk1601,mk1601,active,rafeeq_product_id,rafeeq,,,2026-08-15T22:24:42Z,2026-08-15T22:24:42Z
a7c56db7-f994-4a28-ba72-236d2749313b,e0a4231d-8f89-45ab-9c1d-fbbc2fe753ee,mk1602,mk1602,active,rafeeq_product_id,rafeeq,,,2026-08-15T22:24:42Z,2026-08-15T22:24:42Z
22ca4997-1d33-41b9-9bb0-705772955988,6f408b29-4b60-4067-a4f8-37949fb968a2,mk1603,mk1603,active,rafeeq_product_id,rafeeq,,,2026-08-15T22:24:42Z,2026-08-15T22:24:42Z
680ad2c3-f386-48f8-93b1-ee3ebaf992dc,bf5a91aa-b2f8-44af-b33a-61a248d31680,mk1604,mk1604,active,rafeeq_product_id,rafeeq,,,2026-08-15T22:24:42Z,2026-08-15T22:24:42Z
04b63226-f415-488d-9c13-45fb1a598937,b9dbc499-467d-44de-ac6b-1ca87dfe25a0,mk1605,mk1605,active,rafeeq_product_id,rafeeq,,,2026-08-15T22:24:42Z,2026-08-15T22:24:42Z
fcf891b9-7ac7-4463-b533-05635cd42cbb,305d3225-90ba-4cf2-b32f-38b8ca9c071d,mk1606,691301014,active,rafeeq_product_id,rafeeq,,,2026-08-15T22:24:42Z,2026-08-15T22:24:42Z
d6f18e16-4d60-4e7e-8070-d9963d58a6f7,fb5ebd3f-98ea-4755-846b-d4944137d4dd,mk1607,mk1607,active,rafeeq_product_id,rafeeq,,,2026-08-15T22:24:42Z,2026-08-15T22:24:42Z
27733f94-3418-4aa7-b41f-dafa4dec057c,d42d6c16-db83-4882-9a35-a5b668a9510e,mk1608,691301016,active,rafeeq_product_id,rafeeq,,,2026-08-15T22:24:42Z,2026-08-15T22:24:42Z
90e155b9-94a3-49af-b49c-89565a247106,f55fdf87-4ee6-4022-b4e2-ecff2ccae921,mk1609,691300952,active,rafeeq_product_id,rafeeq,,,2026-08-15T22:24:42Z,2026-08-15T22:24:42Z
6e65afca-4188-434b-98c5-74f2ce591d25,e566b167-9c34-4038-9402-a2c96459a7fb,mk1610,691300407,active,rafeeq_product_id,rafeeq,,,2026-08-15T22:24:42Z,2026-08-15T22:24:42Z
6e4a67df-ba65-4a15-854b-3812782f2616,714b5de2-7ee0-4ee7-877e-dfdb4630475d,mk1611,691301066,active,rafeeq_product_id,rafeeq,,,2026-08-15T22:24:42Z,2026-08-15T22:24:42Z
1bc80b89-1edb-455b-8cb5-643f4f0e1b70,71baa88a-eaa5-462c-ac40-1188855ac89e,mk1612,691301067,active,rafeeq_product_id,rafeeq,,,2026-08-15T22:24:42Z,2026-08-15T22:24:42Z
710716b5-8df0-4655-b4e6-84e114443ed4,dd013b9d-d5d6-49b6-90f6-a5a14d8fdeaa,mk1613,691300408,active,rafeeq_product_id,rafeeq,,,2026-08-15T22:24:42Z,2026-08-15T22:24:42Z
74af34c4-7f02-485b-841c-f57ce48d0d86,2fbd7602-f69e-4a81-ade5-e23a0240f6d3,mk1614,691301068,active,rafeeq_product_id,rafeeq,,,2026-08-15T22:24:42Z,2026-08-15T22:24:42Z
cdee63e9-5bcb-4d96-a9c3-cc6baf49d23b,1e573936-7a5b-49bd-97ee-1786fb9f84f4,mk1615,691300998,active,rafeeq_product_id,rafeeq,,,2026-08-15T22:24:42Z,2026-08-15T22:24:42Z
629256c3-438c-4480-95d3-83212aa8501f,d678338a-657f-402d-bd58-b3bb586a47a6,mk1616,691301065,active,rafeeq_product_id,rafeeq,,,2026-08-15T22:24:42Z,2026-08-15T22:24:42Z
41e55d96-4265-43f0-ba44-b522b624b479,9f1010f6-ef24-4b2d-b70e-da4747265c85,mk1617,mk1617,active,rafeeq_product_id,rafeeq,,,2026-08-15T22:24:42Z,2026-08-15T22:24:42Z
95e3711a-1722-4aec-aa49-be0745714020,5ad05c89-f280-49be-a372-5f7f5d7b5739,mk1618,mk1618,active,rafeeq_product_id,rafeeq,,,2026-08-15T22:24:42Z,2026-08-15T22:24:42Z
eb530570-caca-478a-9997-50ea3632564e,31ba0256-b26b-4dea-9729-01ef48736bab,mk1619,691300645,active,rafeeq_product_id,rafeeq,,,2026-08-15T22:24:42Z,2026-08-15T22:24:42Z
00cccd54-da72-48b8-9cd2-07241680a4f8,a98e7b90-a3ca-447b-810b-262b70530391,mk1620,691300550,active,rafeeq_product_id,rafeeq,,,2026-08-15T22:24:42Z,2026-08-15T22:24:42Z
a2cdf128-7f65-4b3f-888a-dc85f80b68fd,1095fa56-b312-4618-99b8-970d4618a071,mk1621,691300700,active,rafeeq_product_id,rafeeq,,,2026-08-15T22:24:42Z,2026-08-15T22:24:42Z
5c2d8114-c74a-4467-bf43-d6a008f362d2,4edfa8f5-e533-46e0-8f86-d0e33db54c62,mk1622,691300547,active,rafeeq_product_id,rafeeq,,,2026-08-15T22:24:42Z,2026-08-15T22:24:42Z
41a81bb7-d13e-4dee-838b-899766dd452a,d6f96ce9-c0de-47cd-9ece-9ad9502767c7,mk1623,691300546,active,rafeeq_product_id,rafeeq,,,2026-08-15T22:24:42Z,2026-08-15T22:24:42Z
44c2989f-c044-45f5-bf33-e3d577ddc848,761993e8-dff8-4544-832b-47001761ebcf,mk1624,691300867,active,rafeeq_product_id,rafeeq,,,2026-08-15T22:24:42Z,2026-08-15T22:24:42Z
c7d8dafc-e14d-4631-a722-bc58711ae3a0,e4346ae0-da02-4bd6-9630-caeac541cc87,mk1625,691300545,active,rafeeq_product_id,rafeeq,,,2026-08-15T22:24:42Z,2026-08-15T22:24:42Z
adadeef3-3b11-488f-92c5-f4d4c0b4d279,faa0021e-82ca-49cc-84b4-78e3b55118f4,mk1626,691300997,active,rafeeq_product_id,rafeeq,,,2026-08-15T22:24:42Z,2026-08-15T22:24:42Z
d062e8dc-c2f9-4199-a344-ea54f77e9fbf,459d7bd9-864e-4d1d-bd36-b140bb647ce0,mk1627,mk1627,active,rafeeq_product_id,rafeeq,,,2026-08-15T22:24:42Z,2026-08-15T22:24:42Z
4c6199ad-7b51-411f-b4e7-d4acfa0f2c05,a45dc966-66e4-4aca-9106-1b85aca2b9b2,mk1628,691300950,active,rafeeq_product_id,rafeeq,,,2026-08-15T22:24:42Z,2026-08-15T22:24:42Z
2c926815-23f6-40d0-87ef-2ffc67a97219,91d9affb-78b4-4d41-aac3-c463af752d20,mk1629,mk1629,active,rafeeq_product_id,rafeeq,,,2026-08-15T22:24:42Z,2026-08-15T22:24:42Z
42277280-5044-483d-9304-1e2fb8dbc01b,70ac09a8-d4c3-42cd-ab2b-df3612535435,mk1630,691300949,active,rafeeq_product_id,rafeeq,,,2026-08-15T22:24:42Z,2026-08-15T22:24:42Z
28a4c6b5-a3d8-4634-a99c-028324dd41ae,7b6d9c9f-6927-4185-ad6e-27df3ea8443c,mk1631,691300544,active,rafeeq_product_id,rafeeq,,,2026-08-15T22:24:42Z,2026-08-15T22:24:42Z
6e428956-0eef-4c36-98c5-56d79c86e8c0,16a84f79-cd69-4e4d-9042-8d0212b81e76,mk1632,691301017,active,rafeeq_product_id,rafeeq,,,2026-08-15T22:24:42Z,2026-08-15T22:24:42Z
11291465-6994-4816-8b20-6e7d4ff52139,62b631bb-c1d3-4800-bdc5-215038113674,mk1633,691301018,active,rafeeq_product_id,rafeeq,,,2026-08-15T22:24:42Z,2026-08-15T22:24:42Z
813b4c3b-0ac3-4c3d-8d4e-4beb807da7dc,875c9896-f98a-4034-9299-49a021802ae2,mk1634,691301019,active,rafeeq_product_id,rafeeq,,,2026-08-15T22:24:42Z,2026-08-15T22:24:42Z
da8addf6-7315-4f61-ae8a-77099e219dd5,5e52c990-1140-4e1a-a52b-543226aee46f,mk1635,691301020,active,rafeeq_product_id,rafeeq,,,2026-08-15T22:24:42Z,2026-08-15T22:24:42Z
87f7b26b-17cf-4f28-b3ae-a47e4e6a0b2a,94e47bd4-8b3f-43e7-a24c-66128ec54ad5,mk1636,mk1636,active,rafeeq_product_id,rafeeq,,,2026-08-15T22:24:42Z,2026-08-15T22:24:42Z
11de9ba5-89be-48b0-9010-681b24ef4417,6f8fdcb3-5205-466a-b4cc-2089ba09e740,mk1637,mk1637,active,rafeeq_product_id,rafeeq,,,2026-08-15T22:24:42Z,2026-08-15T22:24:42Z
51434463-1685-4153-b300-2732979b506e,7b7faae2-2399-44d3-8f22-922ce7c9986d,mk1638,691301023,active,rafeeq_product_id,rafeeq,,,2026-08-15T22:24:42Z,2026-08-15T22:24:42Z
0f3574db-7729-482a-a390-db88269a872d,f9674202-3072-4774-9b4f-e0954dba9d59,mk1639,691301024,active,rafeeq_product_id,rafeeq,,,2026-08-15T22:24:42Z,2026-08-15T22:24:42Z
c44d38c4-8034-4632-8427-5a1943a0f401,fb1eb05c-d57d-47cc-a6a6-c22364361f95,mk1640,mk1640,active,rafeeq_product_id,rafeeq,,,2026-08-15T22:24:42Z,2026-08-15T22:24:42Z
a4fedb2a-2ca4-4981-8ccd-cafb6fc49acd,80b8e4d8-3e9f-452d-baf7-67e9ebb0887e,mk1641,691301026,active,rafeeq_product_id,rafeeq,,,2026-08-15T22:24:42Z,2026-08-15T22:24:42Z
b078369c-9b2e-43f7-b097-0b05d2eaca53,90bb6d77-d8e6-4955-9b49-9e7a54172fd3,mk1642,691301027,active,rafeeq_product_id,rafeeq,,,2026-08-15T22:24:42Z,2026-08-15T22:24:42Z
82551900-4be0-4839-914f-2e36a88ddc9c,61983596-7a6f-4769-851d-5f181f85b3b5,mk1643,691301028,active,rafeeq_product_id,rafeeq,,,2026-08-15T22:24:42Z,2026-08-15T22:24:42Z
cfe4a14a-24f6-4cde-9b74-901f87508a71,f8c3d4ff-009a-444c-af48-23c66ecf839a,mk1644,691301029,active,rafeeq_product_id,rafeeq,,,2026-08-15T22:24:42Z,2026-08-15T22:24:42Z
4be76184-6474-4c4b-a797-10d64b0863e3,247d5081-f292-42b7-a271-b8347eaf7cac,mk1645,mk1645,active,rafeeq_product_id,rafeeq,,,2026-08-15T22:24:42Z,2026-08-15T22:24:42Z
92c1aa8c-8b2d-4cb3-bbad-8de491bd029f,b729e2e1-1d87-49d4-b631-b6d290fb3668,mk1646,691301031,active,rafeeq_product_id,rafeeq,,,2026-08-15T22:24:42Z,2026-08-15T22:24:42Z
38d9d046-3bc2-4e18-80d9-5892891c8ec0,849b82fc-a3ca-4cd8-b126-5cfb0fd90619,mk1647,691301032,active,rafeeq_product_id,rafeeq,,,2026-08-15T22:24:42Z,2026-08-15T22:24:42Z
3f064d16-246d-4dee-b307-62395a689ba5,8b6041b0-1938-427c-9f18-71f77238a34f,mk1648,691300543,active,rafeeq_product_id,rafeeq,,,2026-08-15T22:24:42Z,2026-08-15T22:24:42Z
aa4253ef-1a93-415e-9612-829449d1fc25,eef88bba-d951-4012-9cd3-d9c4fb924871,mk1649,mk1649,active,rafeeq_product_id,rafeeq,,,2026-08-15T22:24:42Z,2026-08-15T22:24:42Z
4244dee1-9466-4497-806a-53de670e933d,c4b0b6bf-ea31-4fa1-843a-70d973de8d93,mk1650,mk1650,active,rafeeq_product_id,rafeeq,,,2026-08-15T22:24:42Z,2026-08-15T22:24:42Z
be7c4304-e192-4479-b752-4d29dae0b9cb,a5dcae10-442e-43dc-b451-c846cf46e4d1,mk1651,mk1651,active,rafeeq_product_id,rafeeq,,,2026-08-15T22:24:42Z,2026-08-15T22:24:42Z
c48d5df2-2cc4-49e4-b789-a69b03413417,7aa9e99f-352f-41c8-8483-67e7025f2c7e,mk1652,691300539,active,rafeeq_product_id,rafeeq,,,2026-08-15T22:24:42Z,2026-08-15T22:24:42Z
61131c40-7f87-46eb-8ad0-dc4f67bb2210,87870c98-45da-46d4-a675-fa359576e929,mk1653,mk1653,active,rafeeq_product_id,rafeeq,,,2026-08-15T22:24:42Z,2026-08-15T22:24:42Z
b06edb4b-ea61-499b-910d-d1db327a0412,d5842a95-2de3-4cbc-8d1d-eb9e8504bd8a,mk1654,mk1654,active,rafeeq_product_id,rafeeq,,,2026-08-15T22:24:42Z,2026-08-15T22:24:42Z
c76decd0-f848-4053-bd2e-c30be8b5293d,dc84774e-9391-4729-b0cc-01005077d844,mk1655,mk1655,active,rafeeq_product_id,rafeeq,,,2026-08-15T22:24:42Z,2026-08-15T22:24:42Z
543c16ef-4f43-448c-bde3-5e820c2969b6,d2d9da72-18db-4728-a431-3bcd7bd34a80,mk1656,mk1656,active,rafeeq_product_id,rafeeq,,,2026-08-15T22:24:42Z,2026-08-15T22:24:42Z
7a425f4f-d631-47fa-a16b-f0ee9e89d4e5,85843f73-d495-4bf1-a33e-dec28ea93aa6,mk1657,mk1657,active,rafeeq_product_id,rafeeq,,,2026-08-15T22:24:42Z,2026-08-15T22:24:42Z
445a1918-b423-44c8-a40b-e638e587c9ff,206a6b52-b07f-4549-8b28-e6a26eccd12b,mk1658,mk1658,active,rafeeq_product_id,rafeeq,,,2026-08-15T22:24:42Z,2026-08-15T22:24:42Z
2575524e-6c36-4eb7-944c-01dad17a3623,8c6102d6-cf34-4201-95e0-547e7a1ea81b,mk1659,mk1659,active,rafeeq_product_id,rafeeq,,,2026-08-15T22:24:42Z,2026-08-15T22:24:42Z
dbf0ecf2-d3da-427f-bdc0-e0919e9bc731,f9422368-0f99-44e1-9b71-3ceb26095d74,mk1660,mk1660,active,rafeeq_product_id,rafeeq,,,2026-08-15T22:24:42Z,2026-08-15T22:24:42Z
62dc8c22-4157-40dc-947f-ccd4b7832e16,767c35cb-5444-4fe9-8e6a-751d7915a2a7,mk1661,691300976,active,rafeeq_product_id,rafeeq,,,2026-08-15T22:24:42Z,2026-08-15T22:24:42Z
733b0986-28b1-4e11-a5c4-259c8a0da0dd,bf736173-3db7-4a3c-ab8c-8514f54ffb4b,mk1662,691300599,active,rafeeq_product_id,rafeeq,,,2026-08-15T22:24:42Z,2026-08-15T22:24:42Z
0ac831a9-59ed-4afb-ba01-3abd3d95f818,afd9abd1-7d11-4230-bfd1-b89dfb738f0a,mk1663,691300600,active,rafeeq_product_id,rafeeq,,,2026-08-15T22:24:42Z,2026-08-15T22:24:42Z
4375a7f9-3a4f-45c8-8ff9-26c837089b84,5e66e873-dd24-4943-be5b-8f2ca6cd8c99,mk1664,691300601,active,rafeeq_product_id,rafeeq,,,2026-08-15T22:24:42Z,2026-08-15T22:24:42Z
78397442-7f59-496a-b2fc-bb6bb27f0e87,7cd45aa4-7f70-4b24-b174-d9332a332c53,mk1665,691300661,active,rafeeq_product_id,rafeeq,,,2026-08-15T22:24:42Z,2026-08-15T22:24:42Z
aea3810f-ba72-4b14-9470-f164360b482c,37ce2c87-a7f8-4162-86be-166d6663812d,mk1666,691301119,active,rafeeq_product_id,rafeeq,,,2026-08-15T22:24:42Z,2026-08-15T22:24:42Z
3f43a830-4f8b-4568-bf43-2c128949b3e1,c4d14fec-53c5-4f92-b1e0-e716db857fb6,mk1667,691301120,active,rafeeq_product_id,rafeeq,,,2026-08-15T22:24:42Z,2026-08-15T22:24:42Z
c016449d-8831-42d3-b7e4-0b2793ce8a9c,37a1156b-45c4-45a3-8232-a1558119b9a7,mk1668,691300765,active,rafeeq_product_id,rafeeq,,,2026-08-15T22:24:42Z,2026-08-15T22:24:42Z
ee81a567-e716-4a8e-a6d1-58a77d45b166,69ce02c6-dbe5-43e6-9acb-6b81371796b4,mk1669,691300766,active,rafeeq_product_id,rafeeq,,,2026-08-15T22:24:42Z,2026-08-15T22:24:42Z
505893ba-326e-43ae-87c5-f597f18a47dc,f189d64c-effa-4150-bfdb-c96bad98e1c5,mk1670,691301123,active,rafeeq_product_id,rafeeq,,,2026-08-15T22:24:42Z,2026-08-15T22:24:42Z
163c8f8c-581d-4a40-907c-f7cc0dfd6025,afc0becb-477c-44b2-84ec-3a5cd9b5b688,mk1671,691300767,active,rafeeq_product_id,rafeeq,,,2026-08-15T22:24:42Z,2026-08-15T22:24:42Z
d3e00979-10f2-4413-8aec-dc7a3f7196d2,c1a1d62e-f60a-494f-8ca5-81d03ae44e7e,mk1672,691301156,active,rafeeq_product_id,rafeeq,,,2026-08-15T22:24:42Z,2026-08-15T22:24:42Z
321bd84b-6961-420e-9705-045cf7e67c3a,6903b7ff-63a3-431d-a93c-59731bab5b4b,mk1673,691301157,active,rafeeq_product_id,rafeeq,,,2026-08-15T22:24:42Z,2026-08-15T22:24:42Z
5b368787-5fdd-4520-93ce-46542fc09473,398acc16-b73f-4ee5-9d69-16f2d638b43e,mk1674,691301158,active,rafeeq_product_id,rafeeq,,,2026-08-15T22:24:42Z,2026-08-15T22:24:42Z
763c9b56-c6aa-4780-a28f-d74510ee1c24,83f73915-1cde-4101-8857-4479101a3da8,mk1675,691300699,active,rafeeq_product_id,rafeeq,,,2026-08-15T22:24:42Z,2026-08-15T22:24:42Z
915f0011-ba06-40b7-a878-ef89cb283652,f32355f5-2ca9-4399-9dcc-1115dc94a803,mk1676,mk1676,active,rafeeq_product_id,rafeeq,,,2026-08-15T22:24:42Z,2026-08-15T22:24:42Z
6759c229-9f0d-43e5-b43e-badbd425ee44,d3d488e2-ad4d-469b-b2e5-1506b23a0a11,mk1677,mk1677,active,rafeeq_product_id,rafeeq,,,2026-08-15T22:24:42Z,2026-08-15T22:24:42Z
8e525289-3d39-4a31-8081-d36e37926622,ae34eb35-2b54-48f2-997f-31245441d3a1,mk1678,mk1678,active,rafeeq_product_id,rafeeq,,,2026-08-15T22:24:42Z,2026-08-15T22:24:42Z
2fe17c8c-d710-4c16-9aed-2e8609aebd55,b9c99b50-df26-4ec9-9de4-f9ff1a27cebb,mk1679,691301125,active,rafeeq_product_id,rafeeq,,,2026-08-15T22:24:42Z,2026-08-15T22:24:42Z
0d3315b0-931d-45e7-8972-6b388873fd00,c905174f-0c99-4e81-9928-99f8f308e091,mk1680,mk1680,active,rafeeq_product_id,rafeeq,,,2026-08-15T22:24:42Z,2026-08-15T22:24:42Z
3e83bb07-c3a3-4cb4-9b83-7f61cb32eac9,a5b12b29-ebe7-4c5d-9cfb-cda5116d9a9f,mk1681,691300604,active,rafeeq_product_id,rafeeq,,,2026-08-15T22:24:42Z,2026-08-15T22:24:42Z
ff36e9fd-201d-4728-903a-e5311fb89f74,a6a3b86d-13c1-44b1-b2da-c9047f0b7859,mk1682,mk1682,active,rafeeq_product_id,rafeeq,,,2026-08-15T22:24:42Z,2026-08-15T22:24:42Z
b55d6ccc-8138-4b70-8588-b11b4a96fe91,a33206da-7b90-4066-9136-db79047bab6f,mk1683,691300931,active,rafeeq_product_id,rafeeq,,,2026-08-15T22:24:42Z,2026-08-15T22:24:42Z
687b5a2c-fa61-4067-8e03-0ca68e59c18b,2dcb6d71-c1ee-496d-b788-bbdf95ec49e2,mk1684,691300932,active,rafeeq_product_id,rafeeq,,,2026-08-15T22:24:42Z,2026-08-15T22:24:42Z
4449be42-6e08-40dd-826f-8ddbefca2d9c,08fc0da7-2bbf-4072-b683-12cf4f17c852,mk1685,691300663,active,rafeeq_product_id,rafeeq,,,2026-08-15T22:24:42Z,2026-08-15T22:24:42Z
ca31c997-73f2-402c-9652-b549b6039000,17c47cb4-26f4-4380-850f-5678a65fa542,mk1686,691300664,active,rafeeq_product_id,rafeeq,,,2026-08-15T22:24:42Z,2026-08-15T22:24:42Z
2a2be10a-3919-47cc-b6f0-c102914f1f9c,d65c6ff2-979d-4fce-998d-03caebc60fad,mk1687,mk1687,active,rafeeq_product_id,rafeeq,,,2026-08-15T22:24:42Z,2026-08-15T22:24:42Z
5bc63db8-f537-4866-ba37-15f54736910e,97ffeb0c-a8db-4b32-8389-7926d9217776,mk1688,691300607,active,rafeeq_product_id,rafeeq,,,2026-08-15T22:24:42Z,2026-08-15T22:24:42Z
6000f517-c437-4d52-aad4-0ec2ee429e6e,4dcba1f7-1c94-4901-a367-13db71c8de86,mk1689,691301137,active,rafeeq_product_id,rafeeq,,,2026-08-15T22:24:42Z,2026-08-15T22:24:42Z
f11414ef-8f12-43ef-95ef-114e963189eb,48694f13-70b4-4fe5-9dc7-f01ce99cc325,mk1690,691300933,active,rafeeq_product_id,rafeeq,,,2026-08-15T22:24:42Z,2026-08-15T22:24:42Z
6e2f4ca1-9d6d-4109-b5f4-720f0de87944,12439651-cf8c-4163-93c8-4644f3294a16,mk1691,691300934,active,rafeeq_product_id,rafeeq,,,2026-08-15T22:24:42Z,2026-08-15T22:24:42Z
b6b56c27-726d-460e-8f10-b95b0a49d5f7,aa29cdc3-ffc3-4f6b-85bc-54f01efd34c1,mk1692,691300414,active,rafeeq_product_id,rafeeq,,,2026-08-15T22:24:42Z,2026-08-15T22:24:42Z
fcff6a47-fe6b-444b-9939-221ea057dcd2,9f5dc0f5-0ce8-4220-bc4b-f5e9d0e69249,mk1693,mk1693,active,rafeeq_product_id,rafeeq,,,2026-08-15T22:24:42Z,2026-08-15T22:24:42Z
1fd4b98f-3c85-40fe-8cd1-09a45050d7ff,44395da9-84d7-403e-8a68-68457d19d34d,mk1694,mk1694,active,rafeeq_product_id,rafeeq,,,2026-08-15T22:24:42Z,2026-08-15T22:24:42Z
787eb234-7590-46aa-8e70-73b7ca7c28f7,60047f9c-092e-4dc2-9817-44bcd9ddec0c,mk1695,691300531,active,rafeeq_product_id,rafeeq,,,2026-08-15T22:24:42Z,2026-08-15T22:24:42Z
b7803a71-aa40-4828-a035-06cb65b20511,9248b94c-ce48-4fa8-8a70-3632b9421e82,mk1696,691300865,active,rafeeq_product_id,rafeeq,,,2026-08-15T22:24:42Z,2026-08-15T22:24:42Z
e99c5484-6c51-44b2-9c4a-dd1cbbf03689,26272888-e5a4-4de1-9111-256c090ad64d,mk1697,691300698,active,rafeeq_product_id,rafeeq,,,2026-08-15T22:24:42Z,2026-08-15T22:24:42Z
a9d1b408-d0ed-4d14-8ef3-8d01a72a1515,2d02ae7b-d46d-481c-895d-d020b928d012,mk1698,mk1698,active,rafeeq_product_id,rafeeq,,,2026-08-15T22:24:42Z,2026-08-15T22:24:42Z
8ae474fe-03cc-40aa-aaa1-dc14ccc9bba2,63fe4513-539a-4e36-b6a8-dbd17f70dbc7,mk1699,691300863,active,rafeeq_product_id,rafeeq,,,2026-08-15T22:24:42Z,2026-08-15T22:24:42Z
f42e53b0-4fb6-4db9-9d7f-319a74cb7a67,10e3d2f4-a72b-44c1-a65f-739c5deecc20,mk1700,691300405,active,rafeeq_product_id,rafeeq,,,2026-08-15T22:24:42Z,2026-08-15T22:24:42Z
403f9f00-efb8-419d-b748-9b53e3b4795e,231f3ca3-6121-4363-bc8f-c5e0cd1f4b62,mk1701,mk1701,active,rafeeq_product_id,rafeeq,,,2026-08-15T22:24:42Z,2026-08-15T22:24:42Z
50acf8c6-013a-4613-8d04-1bd442b293f6,cb38c76a-aaff-40d7-965a-594d7fcc5463,mk1702,mk1702,active,rafeeq_product_id,rafeeq,,,2026-08-15T22:24:42Z,2026-08-15T22:24:42Z
7de5416f-08e5-4559-9844-c67e77043748,7c41e164-d719-476d-88f6-2b4a914c3d2f,mk1703,mk1703,active,rafeeq_product_id,rafeeq,,,2026-08-15T22:24:42Z,2026-08-15T22:24:42Z
8d8f985e-49f1-4a26-91f4-3ed230a317b1,f1f6308f-d168-42be-9302-01e9b8b336e3,mk1704,mk1704,active,rafeeq_product_id,rafeeq,,,2026-08-15T22:24:42Z,2026-08-15T22:24:42Z
058c3631-1d32-440c-86a9-ac353a56c6a0,928eee3c-c33c-4a3f-b081-b6e0b727c67a,mk1705,691300862,active,rafeeq_product_id,rafeeq,,,2026-08-15T22:24:42Z,2026-08-15T22:24:42Z
4bd33617-2c4e-4d24-b96b-0708ccb71e74,b865571d-2db7-4aca-97f8-de58673b3f0f,mk1706,691300861,active,rafeeq_product_id,rafeeq,,,2026-08-15T22:24:42Z,2026-08-15T22:24:42Z
7ac55219-7f01-4008-9e1a-915b02991b51,64787f1a-b676-4c5a-b994-97d339c771c8,mk1707,mk1707,active,rafeeq_product_id,rafeeq,,,2026-08-15T22:24:42Z,2026-08-15T22:24:42Z
3406b596-d7d1-4314-a88f-026489b22dae,f837e60e-fc17-4fa9-851b-3fa2c6a4742e,mk1708,mk1708,active,rafeeq_product_id,rafeeq,,,2026-08-15T22:24:42Z,2026-08-15T22:24:42Z
f65a5128-cdd1-4758-988d-4660979a49af,970e87cf-81be-4303-9baf-df26c6ef06a5,mk1709,mk1709,active,rafeeq_product_id,rafeeq,,,2026-08-15T22:24:42Z,2026-08-15T22:24:42Z
8b356c21-660b-4381-97cf-ec839f0626ba,d247de31-0009-4f44-ac38-d7743f91dd81,mk1710,691300858,active,rafeeq_product_id,rafeeq,,,2026-08-15T22:24:42Z,2026-08-15T22:24:42Z
c749e6bd-4404-4792-9bba-976b0d93b274,6521e64d-a5be-4f08-9b88-0e042755d2ef,mk1711,691300857,active,rafeeq_product_id,rafeeq,,,2026-08-15T22:24:42Z,2026-08-15T22:24:42Z
c5b285a9-6aae-41d4-9fa7-f5363cb94712,17a92f6e-830f-49b0-8761-7a71f2758ff6,mk1712,691300644,active,rafeeq_product_id,rafeeq,,,2026-08-15T22:24:42Z,2026-08-15T22:24:42Z
d2da0012-0be4-4f3a-a3b1-7af47c9ad91c,311be5c0-f8bd-482e-8bc2-8b06afef3fb6,mk1713,691300856,active,rafeeq_product_id,rafeeq,,,2026-08-15T22:24:42Z,2026-08-15T22:24:42Z
f149fa4a-7c8e-4fa7-9a9a-f81f56498f64,32aec838-0ebf-4ccc-b580-1c228f211582,mk1714,691300855,active,rafeeq_product_id,rafeeq,,,2026-08-15T22:24:42Z,2026-08-15T22:24:42Z
6f2c0e8f-3d6c-4fad-9add-34a120fcbeeb,0313c0b3-e952-4bb8-bf96-9cf853210e83,mk1715,691300854,active,rafeeq_product_id,rafeeq,,,2026-08-15T22:24:42Z,2026-08-15T22:24:42Z
8474468b-6ad2-4a3f-918e-265f3ca00441,253b08f8-8ba4-44aa-bb34-29323a33afc3,mk1716,691300975,active,rafeeq_product_id,rafeeq,,,2026-08-15T22:24:42Z,2026-08-15T22:24:42Z
60677918-413d-4b60-94d4-66b07ad051a7,fc3e1eea-3748-4fa7-899a-99ec191fd720,mk1717,mk1717,active,rafeeq_product_id,rafeeq,,,2026-08-15T22:24:42Z,2026-08-15T22:24:42Z
624b325b-e189-4f1a-b485-05f665a796e9,b44490f5-0939-48c0-97b3-8f9720f939eb,mk1718,mk1718,active,rafeeq_product_id,rafeeq,,,2026-08-15T22:24:42Z,2026-08-15T22:24:42Z
26435815-cb75-4aad-9739-5480abee15d4,3a2631e9-69d0-4a88-8e87-4ce0fa47d2e8,mk1719,691300697,active,rafeeq_product_id,rafeeq,,,2026-08-15T22:24:42Z,2026-08-15T22:24:42Z
55611c77-a7e1-444c-a9c2-7b4bc4b0ac89,cd03b8ba-6e13-4bbb-bd58-cf07d6c86ada,mk1720,mk1720,active,rafeeq_product_id,rafeeq,,,2026-08-15T22:24:42Z,2026-08-15T22:24:42Z
913fe516-ade2-4b29-9e7a-3ee1de627d9b,a639dd56-21b3-4f3d-89c5-fcfd377f9345,mk1721,mk1721,active,rafeeq_product_id,rafeeq,,,2026-08-15T22:24:42Z,2026-08-15T22:24:42Z
1f123da8-771d-44f0-8291-39cdd45e6760,62407d5e-a826-4973-aea2-727529812c1b,mk1722,mk1722,active,rafeeq_product_id,rafeeq,,,2026-08-15T22:24:42Z,2026-08-15T22:24:42Z
6ce8718d-3b9b-4bb5-ab2b-7dd6799a6b9e,dfefa119-3f56-4ca6-8d9a-2164c11e5716,mk1723,691300643,active,rafeeq_product_id,rafeeq,,,2026-08-15T22:24:42Z,2026-08-15T22:24:42Z
d2c915dc-e1b2-4f2a-83ab-20488edecaf8,88eb9fd7-8ff3-41a5-b712-37ca534e20b4,mk1724,691300642,active,rafeeq_product_id,rafeeq,,,2026-08-15T22:24:42Z,2026-08-15T22:24:42Z
9a6a20f0-190f-4a0d-8370-a7e330d644d4,69c82b3c-fe12-481c-b0d2-c0f89485dfb9,mk1725,691300404,active,rafeeq_product_id,rafeeq,,,2026-08-15T22:24:42Z,2026-08-15T22:24:42Z
e435a3f3-04d7-441a-a294-c9e7ac00fb7a,d47558b8-8abf-46ab-aff2-00da7c6288c8,mk1726,691300403,active,rafeeq_product_id,rafeeq,,,2026-08-15T22:24:42Z,2026-08-15T22:24:42Z
572ae971-ddd7-4c54-9e6c-48466c74d101,c1043b4a-99bc-4850-a5e1-39e0bc08638d,mk1727,691300641,active,rafeeq_product_id,rafeeq,,,2026-08-15T22:24:42Z,2026-08-15T22:24:42Z
6df7e7b7-bd48-4df1-a82a-34beb8fabc4e,d56e4a7a-bd54-44f9-b806-bfb98df714c0,mk1728,691300852,active,rafeeq_product_id,rafeeq,,,2026-08-15T22:24:42Z,2026-08-15T22:24:42Z
56c48eb3-5545-4e6a-8a7a-52159b75525a,780668b7-f7f4-4b02-9d88-8acd306197c9,mk1729,691300996,active,rafeeq_product_id,rafeeq,,,2026-08-15T22:24:42Z,2026-08-15T22:24:42Z
78a6b260-fe99-45fd-a866-c9ebc40bbe22,afb6120e-b18e-452c-bf7b-4cdba7dcaff8,mk1730,mk1730,archived,rafeeq_product_id,rafeeq,,,2026-08-15T22:24:42Z,2026-08-28T10:52:31Z
dee901d4-e277-4840-9d08-95d0e7401194,c9de77a6-8079-44d7-9c10-93d245aca6d6,mk1731,691300850,active,rafeeq_product_id,rafeeq,,,2026-08-15T22:24:42Z,2026-08-15T22:24:42Z
fc6e1e69-c3d4-4c4d-9f0c-fd9c4e5a5656,49eac637-008d-44d7-9ee5-e9ded1ea1ba7,mk1732,691300640,active,rafeeq_product_id,rafeeq,,,2026-08-15T22:24:42Z,2026-08-15T22:24:42Z
e4a4a2a8-b5d0-407a-b3d5-c789fbb59cfe,0f238477-7fdb-4114-b870-415f7e653647,mk1733,691300849,active,rafeeq_product_id,rafeeq,,,2026-08-15T22:24:42Z,2026-08-15T22:24:42Z
40fca36a-dac5-4606-959b-af9fad521665,b4a89a7e-cfdc-44eb-bdb4-42a5135570ff,mk1734,691300519,active,rafeeq_product_id,rafeeq,,,2026-08-15T22:24:42Z,2026-08-15T22:24:42Z
879a74a6-8cfd-4e3e-b174-bc6df85b6327,598d8941-9033-49dd-b118-6cf60ad1d3cc,mk1735,691300518,active,rafeeq_product_id,rafeeq,,,2026-08-15T22:24:42Z,2026-08-15T22:24:42Z
25479998-d5d5-4132-829d-f34be1bf8fbd,7588a09e-1ae9-4e2b-bb87-67495d17569c,mk1736,691300517,active,rafeeq_product_id,rafeeq,,,2026-08-15T22:24:42Z,2026-08-15T22:24:42Z
8b882347-d704-4297-8cd4-d1ad3222b9c4,926bdba3-542d-4857-a6bc-6b13833718ad,mk1737,691300639,active,rafeeq_product_id,rafeeq,,,2026-08-15T22:24:42Z,2026-08-15T22:24:42Z
12c436d4-00eb-493c-a71d-05280b019a42,82b376c5-f21d-4f3b-a7e7-c16c84e8359c,mk1738,691300973,active,rafeeq_product_id,rafeeq,,,2026-08-15T22:24:42Z,2026-08-15T22:24:42Z
7647a56b-8475-4362-985f-269d0a28d017,d2f0527f-13e5-4c9a-ab1f-b0a3cdb212d1,mk1739,691300974,active,rafeeq_product_id,rafeeq,,,2026-08-15T22:24:42Z,2026-08-15T22:24:42Z
e38f6b62-d40f-4228-a8e6-ef8d24c0168d,34d299e1-0a15-473a-a3ca-e12b4bf0e561,mk1740,mk1740,active,rafeeq_product_id,rafeeq,,,2026-08-15T22:24:42Z,2026-08-15T22:24:42Z
38b79faa-3902-436d-9664-2de9957be533,b7611048-dbde-44b8-93c0-f7977cceccc9,mk1741,691300847,active,rafeeq_product_id,rafeeq,,,2026-08-15T22:24:42Z,2026-08-15T22:24:42Z
ef851c89-6ffc-435f-9b9c-f58ce3b18ac5,a16378d3-4302-4cf1-8c32-6c5e645574f0,mk1742,mk1742,active,rafeeq_product_id,rafeeq,,,2026-08-15T22:24:42Z,2026-08-15T22:24:42Z
e281c773-8919-4fd8-b8d1-99036b154e08,1c182b24-b50c-419b-a3d9-39a021f05acd,mk1743,691300516,active,rafeeq_product_id,rafeeq,,,2026-08-15T22:24:42Z,2026-08-15T22:24:42Z
104b18ab-281b-4f95-926b-d089a26e9fa9,27b62626-1c97-496e-8320-14c7cfb827e3,mk1744,mk1744,active,rafeeq_product_id,rafeeq,,,2026-08-15T22:24:42Z,2026-08-15T22:24:42Z
bde9d5c3-fbff-4e2c-81d8-1a3248e47ebc,de28dcf6-0ead-4825-b0f8-6df40050adba,mk1745,mk1745,active,rafeeq_product_id,rafeeq,,,2026-08-15T22:24:42Z,2026-08-15T22:24:42Z
55df2105-7060-4aab-a9be-96106a56fe26,469c203a-8ce7-4e1f-8f75-26060affcde3,mk1746,691300991,active,rafeeq_product_id,rafeeq,,,2026-08-15T22:24:42Z,2026-08-15T22:24:42Z
0faadff1-c73c-4ca4-b8b1-980d025e8cb0,730cb351-d269-4829-8dac-d10a06a2a987,mk1747,691300935,active,rafeeq_product_id,rafeeq,,,2026-08-15T22:24:42Z,2026-08-15T22:24:42Z
1ba7a88c-446d-4339-8042-860a6b6c8bbe,3c99c374-71c6-467f-b226-95b7cfbb1ea3,mk1748,691300846,active,rafeeq_product_id,rafeeq,,,2026-08-15T22:24:42Z,2026-08-15T22:24:42Z
5727ef48-e7d5-4525-b65c-e6681436b454,0b178357-3d2d-4673-b67a-aef185c564ef,mk1749,691300845,active,rafeeq_product_id,rafeeq,,,2026-08-15T22:24:42Z,2026-08-15T22:24:42Z
0c7d5aa8-9c13-4c5a-bd72-5f1b7e0bfa48,7567a4e1-ec44-4dbd-b987-23a2cadf59cc,mk1750,691300638,active,rafeeq_product_id,rafeeq,,,2026-08-15T22:24:42Z,2026-08-15T22:24:42Z
93dc617a-5623-4e10-a60d-f01def2c90bc,6fb72a9b-b982-4a6f-a99d-e08f07cc6f1d,mk1751,691300513,active,rafeeq_product_id,rafeeq,,,2026-08-15T22:24:42Z,2026-08-15T22:24:42Z
026414a3-c2b0-42fe-b1eb-b4fff625d754,888f3c98-cbdb-407c-a68c-d256b0fab8ed,mk1752,mk1752,active,rafeeq_product_id,rafeeq,,,2026-08-15T22:24:42Z,2026-08-15T22:24:42Z
20fdee7a-875d-40f1-a5e9-409d84e7fbf3,f7ba8888-bf78-41f0-b481-0ec804f9b985,mk1753,mk1753,active,rafeeq_product_id,rafeeq,,,2026-08-15T22:24:42Z,2026-08-15T22:24:42Z
397fc904-10e2-4284-975a-bcb452eff78b,dbd68c72-0f83-4e01-a08b-5934d2aea400,mk1754,691300511,active,rafeeq_product_id,rafeeq,,,2026-08-15T22:24:42Z,2026-08-15T22:24:42Z
f4e49a2b-6ef5-4c9a-9f01-ac1f415c7d43,f05b199f-162c-4260-b739-1848dedd8fd7,mk1755,691300844,active,rafeeq_product_id,rafeeq,,,2026-08-15T22:24:42Z,2026-08-15T22:24:42Z
ff7b538d-37ff-4312-bc06-788d8b463667,6a3b004b-a835-4555-928a-ff33bfae644d,mk1756,691300415,active,rafeeq_product_id,rafeeq,,,2026-08-15T22:24:42Z,2026-08-15T22:24:42Z
8d1c4a3a-038e-4002-b4ac-0b97b217788c,e3871f16-0d19-4020-89da-964620796348,mk1757,691300611,active,rafeeq_product_id,rafeeq,,,2026-08-15T22:24:42Z,2026-08-15T22:24:42Z
5fd2af9d-f632-4169-8d64-f0ada50b7cf9,bb9f72cb-cd68-4806-a70c-b8c37fbc93f2,mk1758,691300509,active,rafeeq_product_id,rafeeq,,,2026-08-15T22:24:42Z,2026-08-15T22:24:42Z
14a63231-c907-4ae8-af7b-d9fb41f045de,c3ba1db6-e5da-42f0-8789-b2e04f576f0a,mk1759,691300508,active,rafeeq_product_id,rafeeq,,,2026-08-15T22:24:42Z,2026-08-15T22:24:42Z
7ec91ec2-3327-4e1a-81d7-add85b4254d2,132d8bc0-59e1-43c1-ba39-0713bf8dde87,mk1760,691300612,active,rafeeq_product_id,rafeeq,,,2026-08-15T22:24:42Z,2026-08-15T22:24:42Z
8eae4804-265a-4be5-8638-42f55115b5ff,d6591f44-4b32-4d59-8e99-da7e1aa3195d,mk1761,691300613,active,rafeeq_product_id,rafeeq,,,2026-08-15T22:24:42Z,2026-08-15T22:24:42Z
0eae7427-c0fe-440d-a59d-f3b3715f9797,eb0efa0d-a6c3-4f00-87ce-bda70b9b2381,mk1762,mk1762,active,rafeeq_product_id,rafeeq,,,2026-08-15T22:24:42Z,2026-08-15T22:24:42Z
da930fff-f1d9-483c-a2d0-29b879099796,4686a674-7ae5-46b7-9127-cd15673a9859,mk1763,mk1763,active,rafeeq_product_id,rafeeq,,,2026-08-15T22:24:42Z,2026-08-15T22:24:42Z
92958373-db40-4714-ac67-9afa9b07298f,033cc242-bc2e-410f-a046-00621c14fb3f,mk1764,mk1764,active,rafeeq_product_id,rafeeq,,,2026-08-15T22:24:42Z,2026-08-15T22:24:42Z
8a9a3dc3-b05c-49ca-bae4-2c26e6d9269d,3f413f42-2982-495e-acfa-4556903277d8,mk1765,691300505,active,rafeeq_product_id,rafeeq,,,2026-08-15T22:24:42Z,2026-08-15T22:24:42Z
5be21719-3542-4a0f-a2d9-828813002c25,99a240d1-d273-4d6a-af16-aaa7d0f1db66,mk1766,691300637,active,rafeeq_product_id,rafeeq,,,2026-08-15T22:24:42Z,2026-08-15T22:24:42Z
d51b30f8-6618-497e-8552-37dbd0ab48dd,d8dd0063-1daa-40d1-92c7-1a0d8f52e6d1,mk1767,691300614,active,rafeeq_product_id,rafeeq,,,2026-08-15T22:24:42Z,2026-08-15T22:24:42Z
82100fb4-1ad8-4fe1-8e3e-e36dc19e9058,d8c549c6-7c25-4c54-b997-195196a577b0,mk1768,mk1768,active,rafeeq_product_id,rafeeq,,,2026-08-15T22:24:42Z,2026-08-15T22:24:42Z
9839427e-e415-40b0-8e70-2e093a8c893f,cbfaad37-0966-4d81-b0e3-df06ed1e9b96,mk1769,mk1769,active,rafeeq_product_id,rafeeq,,,2026-08-15T22:24:42Z,2026-08-15T22:24:42Z
6879f216-dd49-40dd-a86a-b6780f1b7664,792536b6-0c35-45ee-a1fc-23d1c64fb199,mk1770,mk1770,archived,rafeeq_product_id,rafeeq,,,2026-08-15T22:24:42Z,2026-08-28T10:45:13Z
a011a2a2-d5dc-44e1-b81b-141c39bc0eea,b6b09fdb-200c-470a-ba20-0afccbf724d7,mk1771,mk1771,active,rafeeq_product_id,rafeeq,,,2026-08-15T22:24:42Z,2026-08-15T22:24:42Z
b2f55edf-204d-4476-acfe-61569f6a76d1,c0868b3b-9423-4670-8ac1-4da73187a84e,mk1772,mk1772,active,rafeeq_product_id,rafeeq,,,2026-08-15T22:24:42Z,2026-08-15T22:24:42Z
33c49d47-83b0-4f7c-a767-143115ab6d9c,371beedf-4f26-43cd-801a-bd5b86819c2c,mk1773,mk1773,active,rafeeq_product_id,rafeeq,,,2026-08-15T22:24:42Z,2026-08-15T22:24:42Z
2e5dbf9a-597a-4a05-891f-27b004e5735a,c4397de6-4bc9-4031-81e7-bd0d5f56ca85,mk1774,691300696,active,rafeeq_product_id,rafeeq,,,2026-08-15T22:24:42Z,2026-08-15T22:24:42Z
89f466f6-a6c9-436e-9ddc-279b88a7e9df,9aa4f8fd-0470-473f-8452-6fbbe46f586b,mk1775,mk1775,active,rafeeq_product_id,rafeeq,,,2026-08-15T22:24:42Z,2026-08-15T22:24:42Z
743fc4e8-e714-4dfc-867d-886de314cdfa,563a88ff-c01e-4836-9c23-36c24b8cee1c,mk1776,691300842,active,rafeeq_product_id,rafeeq,,,2026-08-15T22:24:42Z,2026-08-15T22:24:42Z
04bbb24b-8b35-4343-a3b6-52e60a16ee04,1cbb8229-b148-409c-a83f-18a485a8e5d1,mk1777,691300841,active,rafeeq_product_id,rafeeq,,,2026-08-15T22:24:42Z,2026-08-15T22:24:42Z
24004cf1-6d3e-4619-9aad-6327e81786ce,fa627656-e50c-4ecd-bb8b-aa48ec16c792,mk1778,691300840,active,rafeeq_product_id,rafeeq,,,2026-08-15T22:24:42Z,2026-08-15T22:24:42Z
31e6852f-be17-4b4f-9c8d-5c041fd32955,03a21a27-578f-4d85-953a-d0c98e20f170,mk1779,691300839,active,rafeeq_product_id,rafeeq,,,2026-08-15T22:24:42Z,2026-08-15T22:24:42Z
0a5c144b-aebe-4841-8aae-a5c87814ad22,8eb46132-5f84-4614-9dea-958d40985e3a,mk1780,691300971,active,rafeeq_product_id,rafeeq,,,2026-08-15T22:24:42Z,2026-08-15T22:24:42Z
9b4735cd-c9a6-4ba5-94d5-bd48f9419a1d,a16485ea-ed47-4488-bf3b-2fdc553ac6f0,mk1781,691301062,active,rafeeq_product_id,rafeeq,,,2026-08-15T22:24:42Z,2026-08-15T22:24:42Z
873e15e6-be0c-4949-a136-3768dbea7e09,4b80279e-8d6c-4222-b32c-e70e0cf69635,mk1782,691300401,active,rafeeq_product_id,rafeeq,,,2026-08-15T22:24:42Z,2026-08-15T22:24:42Z
f1417357-37e3-4e89-a9f5-c7e4459ed5c8,b7bd05a4-e75a-4544-8618-8a75d9b6502a,mk1783,mk1783,active,rafeeq_product_id,rafeeq,,,2026-08-15T22:24:42Z,2026-08-15T22:24:42Z
98796b4c-d949-4ede-a219-720a49c86e4a,04de800a-63cb-43f6-8741-3759d783b1c1,mk1785,mk1785,active,rafeeq_product_id,rafeeq,,,2026-08-15T22:24:42Z,2026-08-15T22:24:42Z
8bcc5280-0414-478c-803f-2c0c8cffb513,235b18a4-fd56-449c-a4e7-1bbe4e0140cc,mk1786,691300636,active,rafeeq_product_id,rafeeq,,,2026-08-15T22:24:42Z,2026-08-15T22:24:42Z
ad76a84c-e921-438f-a856-e3815014de23,0f6b1947-6a72-4ace-ab38-a545c95c0328,mk1787,mk1787,active,rafeeq_product_id,rafeeq,,,2026-08-15T22:24:42Z,2026-08-15T22:24:42Z
c99178ef-ca04-4482-bbac-9376c04be70b,042c0cc9-6939-454b-93a8-0403db306fea,mk1788,691300835,active,rafeeq_product_id,rafeeq,,,2026-08-15T22:24:42Z,2026-08-15T22:24:42Z
13857919-ddea-4805-ab11-692daf7c7848,71d9e697-8573-4701-9524-3e5922b49eb6,mk1789,mk1789,active,rafeeq_product_id,rafeeq,,,2026-08-15T22:24:42Z,2026-08-15T22:24:42Z
58dbde90-500e-4c21-9e21-1bdc9badfc4c,1dfde7cd-9070-467f-9ef4-d88a0400fc3d,mk1790,691300501,active,rafeeq_product_id,rafeeq,,,2026-08-15T22:24:42Z,2026-08-15T22:24:42Z
064ae640-077c-4cce-bafa-726e1e8b1971,83342fc0-518a-4fd3-90f3-a3b702669b53,mk1791,mk1791,active,rafeeq_product_id,rafeeq,,,2026-08-15T22:24:42Z,2026-08-15T22:24:42Z
eb20b2cf-4758-4bd5-82b1-61b4af2193d3,5b98140d-99e5-42eb-92ff-f0ea5d437861,mk1792,mk1792,active,rafeeq_product_id,rafeeq,,,2026-08-15T22:24:42Z,2026-08-15T22:24:42Z
bf94e65d-9fad-438f-b4a4-e5856003851f,8fb6054e-7e9f-465d-b177-c0c926da34bf,mk1793,mk1793,active,rafeeq_product_id,rafeeq,,,2026-08-15T22:24:42Z,2026-08-15T22:24:42Z
4129bf90-cd51-403c-b9a7-77006641b33f,55b0fcce-3c54-4e24-ad84-db76b9645071,mk1794,mk1794,active,rafeeq_product_id,rafeeq,,,2026-08-15T22:24:42Z,2026-08-15T22:24:42Z
18ea8409-4ed1-48a3-8b84-ed1bc8a0adb6,830705a2-9bb8-4c2c-9eb3-340e0435f0e5,mk1795,mk1795,active,rafeeq_product_id,rafeeq,,,2026-08-15T22:24:42Z,2026-08-15T22:24:42Z
c92f68b1-6b98-4525-90a8-da0cce09117b,09621273-5fba-42f1-a29e-b07eb332ccd7,mk1796,mk1796,active,rafeeq_product_id,rafeeq,,,2026-08-15T22:24:42Z,2026-08-15T22:24:42Z
7979432c-6e99-4d20-a571-2d5527619f9d,a0e6ffcd-9590-4605-8f97-615c4ad5777f,mk1797,691300491,active,rafeeq_product_id,rafeeq,,,2026-08-15T22:24:42Z,2026-08-15T22:24:42Z
1a6c6f4b-47f4-4f3b-b027-d2d57c944e34,48e8a86a-cff3-4dfc-a0c1-2bb2c4a9a6a6,mk1798,mk1798,active,rafeeq_product_id,rafeeq,,,2026-08-15T22:24:42Z,2026-08-15T22:24:42Z
103e9053-ca1a-40a8-b059-e36d5e459357,03c13b4e-ed67-42c0-8162-2d25787a8f0d,mk1799,691300692,active,rafeeq_product_id,rafeeq,,,2026-08-15T22:24:42Z,2026-08-15T22:24:42Z
e3e0cb5f-ddf5-4ca4-8818-698399e3c5f4,6545cd69-f5e3-44c6-a660-b592874531a2,mk1800,mk1800,active,rafeeq_product_id,rafeeq,,,2026-08-15T22:24:42Z,2026-08-15T22:24:42Z
627ea539-869c-4532-82f0-57db580766ac,536b2538-1ce8-4f99-b450-cfbd3d0408ad,mk1801,691300489,active,rafeeq_product_id,rafeeq,,,2026-08-15T22:24:42Z,2026-08-15T22:24:42Z
3a2803e5-5b57-44d9-bf7e-ae600f83305b,e0886726-fd54-44a0-9c4c-4710c74ba678,mk1802,mk1802,active,rafeeq_product_id,rafeeq,,,2026-08-15T22:24:42Z,2026-08-15T22:24:42Z
87872498-725b-4af0-9db2-128058698440,5f735d5b-93da-45e6-aaa1-7dfd7cc61083,mk1803,mk1803,active,rafeeq_product_id,rafeeq,,,2026-08-15T22:24:42Z,2026-08-15T22:24:42Z
21d082f2-95ff-4a49-860e-401e75145ca7,7eb6ac7e-6397-4167-a38e-b084c18cbc20,mk1804,mk1804,active,rafeeq_product_id,rafeeq,,,2026-08-15T22:24:42Z,2026-08-15T22:24:42Z
4f86b3d4-4716-4c31-a9ce-7f0cd59b4e02,bd3d3d85-3234-4e1e-8052-0c700fe0dc43,mk1805,691300827,active,rafeeq_product_id,rafeeq,,,2026-08-15T22:24:42Z,2026-08-15T22:24:42Z
a0bd2a4c-4adf-4a14-8346-7c7184df0996,530ed82c-ffb7-4efb-8b2a-20b3aa565b49,mk1806,mk1806,active,rafeeq_product_id,rafeeq,,,2026-08-15T22:24:42Z,2026-08-15T22:24:42Z
4de91396-4717-4983-bf09-d91fbdceb1c0,71642dff-7161-48aa-a9d3-18488ab63ad2,mk1807,691301061,active,rafeeq_product_id,rafeeq,,,2026-08-15T22:24:42Z,2026-08-15T22:24:42Z
d1d8b724-df2a-4893-acdf-fd7c2fa6a594,f69fbbef-ae07-4df0-a5b7-72f8c563429a,mk1808,691301060,active,rafeeq_product_id,rafeeq,,,2026-08-15T22:24:42Z,2026-08-15T22:24:42Z
05fa8352-a708-4dc5-baca-f232f3e3bad0,87f05429-a8cc-4da9-aff6-5d6edfaa9c4b,mk1809,691301092,active,rafeeq_product_id,rafeeq,,,2026-08-15T22:24:42Z,2026-08-15T22:24:42Z
093b6e43-165e-4ad6-b123-b603c070b1b3,98f9729a-d662-4b66-b716-46f9145b7b8c,mk1810,mk1810,active,rafeeq_product_id,rafeeq,,,2026-08-15T22:24:42Z,2026-08-15T22:24:42Z
c4029cfe-de49-432b-85b3-f3fabf1d3bfc,ef155087-5e85-47bc-9077-ca8ecb6944f7,mk1811,691300496,active,rafeeq_product_id,rafeeq,,,2026-08-15T22:24:42Z,2026-08-15T22:24:42Z
6471639b-b4c7-47bc-8a1e-30df312046de,b3e6e060-7a88-404f-8b8a-8883b3aed3c3,mk1812,691300833,active,rafeeq_product_id,rafeeq,,,2026-08-15T22:24:42Z,2026-08-15T22:24:42Z
236a64cd-decd-43e8-ae5c-b59a638ad191,441d8b77-8452-48a0-8870-924d1863889d,mk1813,691300832,active,rafeeq_product_id,rafeeq,,,2026-08-15T22:24:42Z,2026-08-15T22:24:42Z
0f6135ff-cc21-49a1-8858-921f699c9e48,93f93eb9-0c34-4c8d-ba7d-a6e75f26d4b4,mk1814,691300831,active,rafeeq_product_id,rafeeq,,,2026-08-15T22:24:42Z,2026-08-15T22:24:42Z
2e1d00e1-b80d-4dcf-9180-027d0eba42b4,dc95729a-f05d-48c0-b770-461e15dfa76b,mk1815,691300495,active,rafeeq_product_id,rafeeq,,,2026-08-15T22:24:42Z,2026-08-15T22:24:42Z
a325f84d-cdb2-43c2-9174-c5e020060ff8,4d70edff-d2b3-4ae4-b0cc-d444cca44abf,mk1816,691300694,active,rafeeq_product_id,rafeeq,,,2026-08-15T22:24:42Z,2026-08-15T22:24:42Z
168c2d54-dc4e-41e9-ab56-7156a4004655,34475067-33fb-48a2-ac04-f342bf383249,mk1817,mk1817,active,rafeeq_product_id,rafeeq,,,2026-08-15T22:24:42Z,2026-08-15T22:24:42Z
183b7c71-8e62-4781-925d-09152ae53853,2308960c-88da-4ec2-984a-fe427bcb8370,mk1818,691300830,active,rafeeq_product_id,rafeeq,,,2026-08-15T22:24:42Z,2026-08-15T22:24:42Z
350ff358-d1ad-4772-9ad3-0a3b757be1a9,7d00e4ca-e38b-47f6-a979-aaeaac746cc0,mk1819,mk1819,active,rafeeq_product_id,rafeeq,,,2026-08-15T22:24:42Z,2026-08-15T22:24:42Z
f25aa6c0-a25a-438c-949a-7ca1d217c788,f946b698-7b77-4da0-98a6-25830544f394,mk1820,mk1820,archived,rafeeq_product_id,rafeeq,,,2026-08-15T22:24:42Z,2026-08-28T10:52:58Z
8eee07ab-bb9e-4c2c-88d9-fb0dc1de7811,7063c0af-7b3b-4b5d-8104-8891a466bf74,mk1821,mk1821,active,rafeeq_product_id,rafeeq,,,2026-08-15T22:24:42Z,2026-08-15T22:24:42Z
3c8d2d28-5d25-4124-9493-0a76b540ab25,85c076b3-0063-48e7-abf4-8b462c7035b1,mk1822,691301151,active,rafeeq_product_id,rafeeq,,,2026-08-15T22:24:42Z,2026-08-15T22:24:42Z
312d241f-346f-4fdd-8fda-d106bbe47092,662ba1bd-9ad0-4181-8cd5-2268b9eadaf2,mk1823,mk1823,active,rafeeq_product_id,rafeeq,,,2026-08-15T22:24:42Z,2026-08-15T22:24:42Z
3c9b1f47-f8b7-43b0-94da-715b96cb2918,311db90f-2c0f-4cea-9d3f-bae47a145194,mk1824,mk1824,active,rafeeq_product_id,rafeeq,,,2026-08-15T22:24:42Z,2026-08-15T22:24:42Z
50781e84-a2aa-453f-908d-33a696511bbf,048df482-0ba1-4dca-97a6-b90ed1da2267,mk1825,mk1825,active,rafeeq_product_id,rafeeq,,,2026-08-15T22:24:42Z,2026-08-15T22:24:42Z
426bdffc-ee8f-45fd-8a1a-834843a2e62b,cf7d32a6-78c6-4773-b097-33f6135d6ace,mk1826,691301055,active,rafeeq_product_id,rafeeq,,,2026-08-15T22:24:42Z,2026-08-15T22:24:42Z
28bff600-2f5d-4ef7-8fdf-94db8d0ba0a5,470c4cf0-76ad-43fb-8197-a9cb9bb84c0e,mk1827,691300691,active,rafeeq_product_id,rafeeq,,,2026-08-15T22:24:42Z,2026-08-15T22:24:42Z
a7213c37-7de6-4d4b-abc6-63069fe2ad56,82c2d6bf-a5cb-405b-87bf-50562b716178,mk1828,mk1828,active,rafeeq_product_id,rafeeq,,,2026-08-15T22:24:42Z,2026-08-15T22:24:42Z
7882f4b9-531c-40db-a12a-837cd66f2bc7,d6baa115-ac36-4d7b-bad2-2e095af9618e,mk1829,691300396,active,rafeeq_product_id,rafeeq,,,2026-08-15T22:24:42Z,2026-08-15T22:24:42Z
540fbc88-7a6a-439c-98a2-f15aab0b72c4,cdaf8e51-1c75-439c-ac83-5e6ac55abef5,mk1830,691301161,active,rafeeq_product_id,rafeeq,,,2026-08-15T22:24:42Z,2026-08-15T22:24:42Z
dfcccd49-5324-4efb-b2ae-af0663660625,6e3a8394-ae6c-42e4-90da-d52edd2ed6d1,mk1831,691300787,active,rafeeq_product_id,rafeeq,,,2026-08-15T22:24:42Z,2026-08-15T22:24:42Z
42e86442-2aed-4772-b7e2-d5d8f470280b,f3f2cfce-c1f4-4290-9197-6a04ffdebbf0,mk1832,691300788,active,rafeeq_product_id,rafeeq,,,2026-08-15T22:24:42Z,2026-08-15T22:24:42Z
1f876c2d-5d49-452f-816f-d85bb7ea47b0,400a5096-3f33-4910-9946-766e58eb9c18,mk1833,mk1833,active,rafeeq_product_id,rafeeq,,,2026-08-15T22:24:42Z,2026-08-15T22:24:42Z
000df294-7f54-48a9-b7ca-a997fd917a5b,57b3b2b4-3297-43fb-9668-6728ba10eaae,mk1834,mk1834,active,rafeeq_product_id,rafeeq,,,2026-08-15T22:24:42Z,2026-08-15T22:24:42Z
21a2214a-1d53-45f7-bec2-d2981d6e6a6d,ea969145-19ee-46cb-97e4-136cb84583c0,mk1835,mk1835,active,rafeeq_product_id,rafeeq,,,2026-08-15T22:24:42Z,2026-08-15T22:24:42Z
f7137c2d-63ff-4c35-a825-256a7b3885b7,88e9a594-2d23-46c3-9654-d0aa3761e81e,mk1836,mk1836,active,rafeeq_product_id,rafeeq,,,2026-08-15T22:24:42Z,2026-08-15T22:24:42Z
76ed9d8e-2850-4b59-b04b-552ecfa97e17,744a5ea8-9cf4-416d-b865-5321d4331673,mk1837,691300690,active,rafeeq_product_id,rafeeq,,,2026-08-15T22:24:42Z,2026-08-15T22:24:42Z
e281401b-2c64-4377-9a44-a11b6abf8a77,0dd5694d-ed11-4736-a523-4ebc42a3b3c2,mk1838,mk1838,active,rafeeq_product_id,rafeeq,,,2026-08-15T22:24:42Z,2026-08-15T22:24:42Z
9aaa5d55-600b-4004-9b58-8f38c111565c,7fbd5d18-2e5a-4d12-ad0d-14393b8a07af,mk1839,mk1839,active,rafeeq_product_id,rafeeq,,,2026-08-15T22:24:42Z,2026-08-15T22:24:42Z
a51c7524-813a-4975-a918-277c2500ffc4,fcd6ed98-9ebb-4586-8dc4-2eb4c771aab9,mk1840,691300689,active,rafeeq_product_id,rafeeq,,,2026-08-15T22:24:42Z,2026-08-15T22:24:42Z
12be787b-0346-4f9a-9c7d-9c3808364d3f,e49bfd5e-2f8b-4011-8090-ea1f5cbda907,mk1841,mk1841,active,rafeeq_product_id,rafeeq,,,2026-08-15T22:24:42Z,2026-08-15T22:24:42Z
da89093a-3b76-4db1-ae9e-98949089374b,2bb1f443-8aa7-47d8-80b7-9b28bc0572f9,mk1842,691300687,active,rafeeq_product_id,rafeeq,,,2026-08-15T22:24:42Z,2026-08-15T22:24:42Z
c3971276-d96c-489e-974f-c11afc6c50b8,76860ff1-195d-4f91-beee-2d68a050bd73,mk1843,mk1843,active,rafeeq_product_id,rafeeq,,,2026-08-15T22:24:42Z,2026-08-15T22:24:42Z
dda32153-319b-44df-83d0-669f2450a26b,ab2b6087-f7fe-4f71-a04d-eae92274ba30,mk1844,691300786,active,rafeeq_product_id,rafeeq,,,2026-08-15T22:24:42Z,2026-08-15T22:24:42Z
cbb55c06-6dee-4902-a748-169cec10ad47,9b3302da-3154-45b7-8198-fc3d572e823d,mk1845,691300685,active,rafeeq_product_id,rafeeq,,,2026-08-15T22:24:42Z,2026-08-15T22:24:42Z
a7731c23-5527-4beb-8322-82fd27090021,79c1acb0-c4f8-470b-bb50-5e94c4b0cfe1,mk1846,mk1846,active,rafeeq_product_id,rafeeq,,,2026-08-15T22:24:42Z,2026-08-15T22:24:42Z
8aba04cf-83ff-48fa-8699-3dec3b05fddc,7867a854-fa59-48ae-a3e5-70836f12374f,mk1847,691301053,active,rafeeq_product_id,rafeeq,,,2026-08-15T22:24:42Z,2026-08-15T22:24:42Z
2c9bc62f-dde9-4a04-a835-67c3a2f48e03,05a8fed2-8196-49e1-b5dd-e29cf0a55af0,mk1848,691301052,active,rafeeq_product_id,rafeeq,,,2026-08-15T22:24:42Z,2026-08-15T22:24:42Z
efcbbe6f-5b28-4291-b284-650b06521984,2f658e4d-c3af-4932-8f62-e9eb14aeb82c,mk1849,mk1849,active,rafeeq_product_id,rafeeq,,,2026-08-15T22:24:42Z,2026-08-15T22:24:42Z
232b45fb-2627-4373-9da9-85507a629531,363cabe3-f0e0-4462-8a56-b4992cd15c06,mk1850,691300825,active,rafeeq_product_id,rafeeq,,,2026-08-15T22:24:42Z,2026-08-15T22:24:42Z
22fbaede-ff12-4fe2-b257-a0c30d25acc6,7967dc6d-8d0a-4bf5-88d6-3bd86beedf44,mk1851,mk1851,active,rafeeq_product_id,rafeeq,,,2026-08-15T22:24:42Z,2026-08-15T22:24:42Z
083fe561-352f-42c9-b91d-97662bbf961e,3466f17b-08eb-4fbc-a51e-d68b2f18ee51,mk1852,mk1852,active,rafeeq_product_id,rafeeq,,,2026-08-15T22:24:42Z,2026-08-15T22:24:42Z
c5e13316-9563-4158-bb4d-68a4893fd9bc,9bcc12ed-bea7-4395-8606-a53bc284e71c,mk1853,mk1853,active,rafeeq_product_id,rafeeq,,,2026-08-15T22:24:42Z,2026-08-15T22:24:42Z
f712f66d-04d3-45e7-a776-aa2e64f61ca0,fbe0c912-5cc2-4e1f-b4f0-fea896fdd124,mk1854,mk1854,active,rafeeq_product_id,rafeeq,,,2026-08-15T22:24:42Z,2026-08-15T22:24:42Z
5c805b9f-2357-41dc-a5a6-af6945920568,f85e15d3-e584-4a1a-8543-7d5ad552fb97,mk1855,691300824,active,rafeeq_product_id,rafeeq,,,2026-08-15T22:24:42Z,2026-08-15T22:24:42Z
e65c220e-09c0-4c92-a65c-5d84e4bda61a,f8409af0-fb87-4c91-b946-0d1178c8654f,mk1856,691300823,active,rafeeq_product_id,rafeeq,,,2026-08-15T22:24:42Z,2026-08-15T22:24:42Z
a1de1d4d-7467-4b4f-a164-41784921d189,9f0b2f3b-77b1-469a-894c-ee8059c4afbe,mk1857,691300968,active,rafeeq_product_id,rafeeq,,,2026-08-15T22:24:42Z,2026-08-15T22:24:42Z
026b6b43-897d-43cb-81fd-fb2a125177af,921d4279-2f7b-4b50-aff6-45e2f9d3ec73,mk1858,691300822,active,rafeeq_product_id,rafeeq,,,2026-08-15T22:24:42Z,2026-08-15T22:24:42Z
d4566f42-1d81-4f75-9a88-b86b95806b40,7276ee39-33ab-45d3-a806-19c9ab24850a,mk1859,mk1859,active,rafeeq_product_id,rafeeq,,,2026-08-15T22:24:42Z,2026-08-15T22:24:42Z
4da9f840-6d7f-4c75-8e9c-95ec4d081340,0fd65ce4-6da9-4b9e-ab82-4b0238dcb86a,mk1860,691300684,active,rafeeq_product_id,rafeeq,,,2026-08-15T22:24:42Z,2026-08-15T22:24:42Z
9e09cee5-b104-4676-9626-59c73e5079d1,b3f38714-56d0-496b-b349-065a98c9bfd1,mk1862,691300821,active,rafeeq_product_id,rafeeq,,,2026-08-15T22:24:42Z,2026-08-15T22:24:42Z
349cf2f5-2780-4d66-8057-83e3fe6d5086,982b4b04-3074-4525-9d25-91a0a7650f21,mk1863,mk1863,active,rafeeq_product_id,rafeeq,,,2026-08-15T22:24:42Z,2026-08-15T22:24:42Z
0808b615-fe3f-4a0b-97c5-8e2041e24311,0eb2fa8f-3bff-465e-a8d6-abb430920530,mk1864,mk1864,active,rafeeq_product_id,rafeeq,,,2026-08-15T22:24:42Z,2026-08-15T22:24:42Z
513b5d51-9dae-4c24-a5d4-a781ef71d37d,6fdf6df1-e31d-47f8-bcf2-681833a14016,mk1865,691300475,active,rafeeq_product_id,rafeeq,,,2026-08-15T22:24:42Z,2026-08-15T22:24:42Z
610011c8-c8e1-4e97-b60b-17f01c1dcba2,c77f7767-9cdb-42b4-81cc-35f9bac0a5f6,mk1866,mk1866,active,rafeeq_product_id,rafeeq,,,2026-08-15T22:24:42Z,2026-08-15T22:24:42Z
8d523b85-9749-4f74-aa15-11f44fe57d27,46f36240-02bf-4728-aab1-947d9f4cd385,mk1867,mk1867,active,rafeeq_product_id,rafeeq,,,2026-08-15T22:24:42Z,2026-08-15T22:24:42Z
c5f7a6bc-d345-4e0c-ba24-19773e91707d,b7fa18c0-9739-4456-b7c2-6e7edcb88526,mk1868,691300789,active,rafeeq_product_id,rafeeq,,,2026-08-15T22:24:42Z,2026-08-15T22:24:42Z
5f84d7a9-6b01-4805-98ec-d09b2dea1567,ebde58e8-0726-439a-94ba-612ee2a082c7,mk1869,691300790,active,rafeeq_product_id,rafeeq,,,2026-08-15T22:24:42Z,2026-08-15T22:24:42Z
13ebef75-b394-4c4f-b9c5-76a3d2772f4d,8efcfd84-87d9-42a7-9afc-6c94b6e0b88a,mk1870,mk1870,active,rafeeq_product_id,rafeeq,,,2026-08-15T22:24:42Z,2026-08-15T22:24:42Z
b043d1d9-bd36-4136-acd9-2a11dae54306,1430938a-b034-44d4-9140-08ac0289db08,mk1871,691300792,active,rafeeq_product_id,rafeeq,,,2026-08-15T22:24:42Z,2026-08-15T22:24:42Z
4cde78d2-714a-4c7b-b550-81f1957772a1,95b4b702-3c0c-4e58-9c86-aa329c9da3d5,mk1872,691300793,active,rafeeq_product_id,rafeeq,,,2026-08-15T22:24:42Z,2026-08-15T22:24:42Z
61005050-7d2e-4ef1-bd75-82f2924dc608,b187370d-6067-4a85-ba94-73279749edf6,mk1873,mk1873,active,rafeeq_product_id,rafeeq,,,2026-08-15T22:24:42Z,2026-08-15T22:24:42Z
de1192c4-f553-4f08-8741-2a2dde4d7bc4,fd56bfb4-86bf-48d6-8c23-00590ce2b968,mk1874,mk1874,active,rafeeq_product_id,rafeeq,,,2026-08-15T22:24:42Z,2026-08-15T22:24:42Z
0aac949f-df37-4c35-88a3-c1453ca62b0f,e8a600d4-f418-4f6d-8395-c8d1d6716b58,mk1875,691300683,active,rafeeq_product_id,rafeeq,,,2026-08-15T22:24:42Z,2026-08-15T22:24:42Z
4df489ed-428e-4038-8793-b9acdaad7b6e,4900e7fd-8816-40d9-95a7-b1f656edcdb2,mk1876,mk1876,active,rafeeq_product_id,rafeeq,,,2026-08-15T22:24:42Z,2026-08-15T22:24:42Z
b9442cdc-73ca-444e-b838-47c351673978,518e754a-7149-48ea-abfb-26037abbea83,mk1877,691300682,active,rafeeq_product_id,rafeeq,,,2026-08-15T22:24:42Z,2026-08-15T22:24:42Z
de9e533c-b6ff-4ba3-9b4a-13b20ca8ac04,a9eada4c-f6b3-48f0-aa3c-0f2fcf565f2e,mk1878,691300473,active,rafeeq_product_id,rafeeq,,,2026-08-15T22:24:42Z,2026-08-15T22:24:42Z
f6e15ac4-df92-4b00-8ea0-a934272c1822,5dd7448e-ba29-423a-82c8-3c238fc81402,mk1879,691300795,active,rafeeq_product_id,rafeeq,,,2026-08-15T22:24:42Z,2026-08-15T22:24:42Z
e4e38cde-8f37-41ce-a3a2-0171b236d91c,d1a4ea7e-30f1-46e0-8b08-a9cddbf5d8b5,mk1880,691300796,active,rafeeq_product_id,rafeeq,,,2026-08-15T22:24:42Z,2026-08-15T22:24:42Z
fc27f1d2-5856-43f5-87e8-ac04b7eab655,0cedd430-08fe-41fe-8427-ac5e7f4bce0e,mk1881,mk1881,active,rafeeq_product_id,rafeeq,,,2026-08-15T22:24:42Z,2026-08-15T22:24:42Z
bcdd7f60-b33a-4cd8-9c87-03df0309c1a1,3913056d-5f6e-4cd8-8e76-634413f503da,mk1882,691301154,active,rafeeq_product_id,rafeeq,,,2026-08-15T22:24:42Z,2026-08-15T22:24:42Z
b5ddaba4-21b7-4348-827f-af67247e4e21,fac77284-fc86-4205-bdfe-36fc57daaacd,mk1883,691300784,active,rafeeq_product_id,rafeeq,,,2026-08-15T22:24:42Z,2026-08-15T22:24:42Z
5430ead0-4127-4391-846d-d5e676c6f6d3,6cac6d3e-ec67-4839-98f0-25984f97ae0c,mk1884,691300669,active,rafeeq_product_id,rafeeq,,,2026-08-15T22:24:42Z,2026-08-15T22:24:42Z
70e85845-f4da-4efd-992a-280493e2227e,f44a5d48-962b-44bd-937e-27ff16cb10e2,mk1885,691301164,active,rafeeq_product_id,rafeeq,,,2026-08-15T22:24:42Z,2026-08-15T22:24:42Z
c192aa92-a257-40b8-9532-ecabf463ed06,e558ff5e-9c8d-4da2-bfd6-f595f41cb8a5,mk1886,691300981,active,rafeeq_product_id,rafeeq,,,2026-08-15T22:24:42Z,2026-08-15T22:24:42Z
8f932d7a-f4b4-4897-a7de-ecc9b45f30ca,26cd6a4f-e144-4295-ad1e-5ec7a269acd0,mk1887,691301165,active,rafeeq_product_id,rafeeq,,,2026-08-15T22:24:42Z,2026-08-15T22:24:42Z
c46f0829-a4d3-4cc1-824a-43bd78c13b54,9c509f03-28f6-43a6-99bf-f791d5c8b85b,mk1888,mk1888,active,rafeeq_product_id,rafeeq,,,2026-08-15T22:24:42Z,2026-08-15T22:24:42Z
8f7aa951-d9bf-42a5-84ce-35ee730c991d,a1f27306-5b1b-40f0-abe5-40ce77048abe,mk1889,mk1889,active,rafeeq_product_id,rafeeq,,,2026-08-15T22:24:42Z,2026-08-15T22:24:42Z
fc800bae-ffb7-4c9a-829f-10ca783e86f1,872c8506-e206-4907-85b8-f1f44f33cf80,mk1890,mk1890,active,rafeeq_product_id,rafeeq,,,2026-08-15T22:24:42Z,2026-08-15T22:24:42Z
7399854d-e784-4d9f-a6ed-7ac89b68a783,ea90b312-583e-43b9-bf5c-ec57da9f9cef,mk1891,mk1891,active,rafeeq_product_id,rafeeq,,,2026-08-15T22:24:42Z,2026-08-15T22:24:42Z
ca9d02c0-1b8e-4f52-8654-e55cdf5bf79b,d7c4045e-9df4-4937-b0c8-ae36a5eb7c18,mk1892,mk1892,active,rafeeq_product_id,rafeeq,,,2026-08-15T22:24:42Z,2026-08-15T22:24:42Z
f787d58a-3339-4559-b349-e591a9765714,a55781d3-2bfb-4b48-851d-500d7195faad,mk1894,691300817,active,rafeeq_product_id,rafeeq,,,2026-08-15T22:24:42Z,2026-08-15T22:24:42Z
267798b5-4d27-428d-aea2-45329c879b8d,9e4ff402-8cc9-4a7e-aecb-88ea74057ccf,mk1895,691300681,active,rafeeq_product_id,rafeeq,,,2026-08-15T22:24:42Z,2026-08-15T22:24:42Z
2c1797e4-db10-4472-a9f5-afcd1647ffd5,795fab8e-c293-4419-a871-58984a27a333,mk1896,691300472,active,rafeeq_product_id,rafeeq,,,2026-08-15T22:24:42Z,2026-08-15T22:24:42Z
82c5ce61-246a-4482-83b5-a1ab219f32da,0c910afe-500e-431a-9a3f-3809f2bdd97a,mk1897,691300471,active,rafeeq_product_id,rafeeq,,,2026-08-15T22:24:42Z,2026-08-15T22:24:42Z
ce7a982e-4b8b-453f-8989-f5d8b934f89e,caebde50-7bda-4417-bbe5-a57fe030965d,mk1898,691300470,active,rafeeq_product_id,rafeeq,,,2026-08-15T22:24:42Z,2026-08-15T22:24:42Z
29de3b2c-0186-485e-9cac-78331bdca4a0,7ee4ffd6-039e-45df-b717-958d546fd40e,mk1899,mk1899,active,rafeeq_product_id,rafeeq,,,2026-08-15T22:24:42Z,2026-08-15T22:24:42Z
34271169-2444-4caf-b5f4-cc55a839fede,b785559d-95a5-4f38-b232-84ce6a60e4d1,mk1900,691300419,active,rafeeq_product_id,rafeeq,,,2026-08-15T22:24:42Z,2026-08-15T22:24:42Z
2f503a0e-dc68-413d-801e-ec7493c8dfe8,4cf23dff-6f31-48c2-a047-20a79f05381c,mk1901,691300631,active,rafeeq_product_id,rafeeq,,,2026-08-15T22:24:42Z,2026-08-15T22:24:42Z
66563336-05fb-4fc9-b35f-b9e01cab5fff,08d08956-4641-46e5-80d9-29a03c849c9c,mk1902,691300468,active,rafeeq_product_id,rafeeq,,,2026-08-15T22:24:42Z,2026-08-15T22:24:42Z
d93ad516-ed44-49b3-9350-31fa0ae38d77,b7a884ec-cc94-4ea1-b07b-590cf5f7ae5b,mk1903,691300467,active,rafeeq_product_id,rafeeq,,,2026-08-15T22:24:42Z,2026-08-15T22:24:42Z
1448d341-2585-4c7c-8ec8-a79ebc581e4a,638a76db-6843-4110-980a-736e65ca12f0,mk1904,691300620,active,rafeeq_product_id,rafeeq,,,2026-08-15T22:24:42Z,2026-08-15T22:24:42Z
9cc37913-6546-4eb4-944b-8e552cf1ea2e,8f0d7beb-bf41-434d-920d-b1a9303e259d,mk1905,691300668,active,rafeeq_product_id,rafeeq,,,2026-08-15T22:24:42Z,2026-08-15T22:24:42Z
d0bfd897-b0ec-449d-bd76-33048986660b,c0ebb42f-559a-4d89-b1bd-f94ed1b213a8,mk1907,691300993,active,rafeeq_product_id,rafeeq,,,2026-08-15T22:24:42Z,2026-08-15T22:24:42Z
58c85834-41be-4c51-84be-587f558ed065,a7764a1d-bcfd-4c3f-883c-ba813748849f,mk1908,mk1908,active,rafeeq_product_id,rafeeq,,,2026-08-15T22:24:42Z,2026-08-15T22:24:42Z
6cd5ef67-1a02-40dd-9a33-fa383b6c20f4,04658bd8-512f-4555-a9df-7451f2320d2d,mk1909,mk1909,active,rafeeq_product_id,rafeeq,,,2026-08-15T22:24:42Z,2026-08-15T22:24:42Z
e705ff0d-e298-4a2c-824b-5c334e462165,6b9e8d50-0d68-4290-bc31-821f2479c76b,mk1910,mk1910,active,rafeeq_product_id,rafeeq,,,2026-08-15T22:24:42Z,2026-08-15T22:24:42Z
65ecc9eb-d171-4968-9082-f2f0e73c0a70,9d25984e-6884-430e-8cd9-9f192208a8f5,mk1911,691300887,active,rafeeq_product_id,rafeeq,,,2026-08-15T22:24:42Z,2026-08-15T22:24:42Z
6d5934b6-d752-4e5e-a198-46f16c8c2d70,0207bb2e-2f48-4187-88d0-ad92b0b36faf,mk1912,mk1912,active,rafeeq_product_id,rafeeq,,,2026-08-15T22:24:42Z,2026-08-15T22:24:42Z
45ba2d6d-13fb-4c06-bfe3-f39ee127a5c7,a93a6596-5c6c-4da2-87fd-fab3755af81e,mk1914,691300428,active,rafeeq_product_id,rafeeq,,,2026-08-15T22:24:42Z,2026-08-15T22:24:42Z
e4a479d8-9e0e-438e-abb6-0148c32b1837,8df0b83a-656f-4f21-93e1-78f4785c0369,mk1915,mk1915,active,rafeeq_product_id,rafeeq,,,2026-08-15T22:24:42Z,2026-08-15T22:24:42Z
1df82a5e-bf5d-42dd-b334-2941dacc683a,e23c5efd-3ec4-4e44-ba81-a5fb4b4786dc,mk1916,mk1916,active,rafeeq_product_id,rafeeq,,,2026-08-15T22:24:42Z,2026-08-15T22:24:42Z
ef466359-c8e3-40b4-abc3-48d00e120243,faec2073-add1-4343-9842-bfd2fc0e5840,mk1917,691300815,active,rafeeq_product_id,rafeeq,,,2026-08-15T22:24:42Z,2026-08-15T22:24:42Z
b2f28f9b-4a5a-4b41-a835-797507c34928,1e0e0357-8738-444a-90ac-13fc7c55fdc8,mk1918,mk1918,active,rafeeq_product_id,rafeeq,,,2026-08-15T22:24:42Z,2026-08-15T22:24:42Z
b79151bf-3685-4d0e-a630-f1fbcde4bebb,919a7577-abb0-471c-a60f-5a3071bde78b,mk1919,691300797,active,rafeeq_product_id,rafeeq,,,2026-08-15T22:24:42Z,2026-08-15T22:24:42Z
17772b7d-9f81-47f3-848f-4993c1b3b814,69b1001f-e0c9-4232-b7c4-88b380ebe5d0,mk1920,691300629,active,rafeeq_product_id,rafeeq,,,2026-08-15T22:24:42Z,2026-08-15T22:24:42Z
066ed7eb-2887-418a-a492-6536bd25de8d,2491c7c1-2f8e-45ca-9c37-5b7edafdf5c7,mk1921,691301048,active,rafeeq_product_id,rafeeq,,,2026-08-15T22:24:42Z,2026-08-15T22:24:42Z
d44e85ff-17a1-484b-b3e3-5f8a7735d325,cdbc08e3-b1a8-4c50-9358-e0bff20600dd,mk1922,691300621,active,rafeeq_product_id,rafeeq,,,2026-08-15T22:24:42Z,2026-08-15T22:24:42Z
9a10cd6d-a561-4db4-aba7-00578bc6e6df,28920533-f07f-4175-8e7f-e5af64350476,mk1923,691300465,active,rafeeq_product_id,rafeeq,,,2026-08-15T22:24:42Z,2026-08-15T22:24:42Z
71c22068-96cf-4b0e-80c5-10b0f65667be,23208e84-c568-4a4d-80d7-6c34c1f16b38,mk1924,691300673,active,rafeeq_product_id,rafeeq,,,2026-08-15T22:24:42Z,2026-08-15T22:24:42Z
9d594ca0-3dad-47f9-8ee7-1e7afbb90cd6,e0700626-f7ae-4b77-9bb5-bc694c4f552c,mk1925,691300672,active,rafeeq_product_id,rafeeq,,,2026-08-15T22:24:42Z,2026-08-15T22:24:42Z
8c6b82d3-1d65-47c1-9b88-b0cbf8375c07,f8b388d9-9fe4-4648-8002-9d1daf8921cf,mk1926,mk1926,active,rafeeq_product_id,rafeeq,,,2026-08-15T22:24:42Z,2026-08-15T22:24:42Z
76421ec1-e95a-47b7-85ec-3020cd913454,18aca8fa-bc96-4ebe-bd3b-0c19d52e5b45,mk1927,mk1927,active,rafeeq_product_id,rafeeq,,,2026-08-15T22:24:42Z,2026-08-15T22:24:42Z
a38a5155-1010-438b-8366-5fa0e1fe4a17,f37e4710-ed57-45fc-bf15-8fd858d7c65b,mk1928,691300462,active,rafeeq_product_id,rafeeq,,,2026-08-15T22:24:42Z,2026-08-15T22:24:42Z
aa4801fc-fdc7-425e-bd88-c88fbb141dd2,2fd6e9fd-7dbf-4cd7-b7bd-703ccd502b70,mk1929,691300430,active,rafeeq_product_id,rafeeq,,,2026-08-15T22:24:42Z,2026-08-15T22:24:42Z
58d6a22f-c0fa-4011-8a99-4e0106dcc612,9070be3e-1a45-430f-a265-c1cb2f6b6505,mk1930,691300966,active,rafeeq_product_id,rafeeq,,,2026-08-15T22:24:42Z,2026-08-15T22:24:42Z
2e215c21-587e-4c80-b648-23acb06ca88d,4245b255-60aa-443b-9de0-5ea65650a4ce,mk1931,691301040,active,rafeeq_product_id,rafeeq,,,2026-08-15T22:24:42Z,2026-08-15T22:24:42Z
15d01dd3-cd48-4219-97cf-17e4e69907b8,c9b42560-3921-4719-bc72-ac0fcc431cde,mk1932,691300805,active,rafeeq_product_id,rafeeq,,,2026-08-15T22:24:42Z,2026-08-15T22:24:42Z
9e0c8058-be3c-484d-9719-f23906a3f0bc,c25465d1-beae-4946-9af5-fcd4ab476177,mk1933,mk1933,archived,rafeeq_product_id,rafeeq,,,2026-08-15T22:24:42Z,2026-08-28T10:53:25Z
13d16c2b-c10a-45ba-8e6e-4b85a09029dc,7ee9541e-00f8-48da-88f5-9b141a4f0011,mk1934,mk1934,active,rafeeq_product_id,rafeeq,,,2026-08-15T22:24:42Z,2026-08-15T22:24:42Z
4b5f20d3-c4bf-4508-8009-cbe1451c251d,89a23f90-d521-4694-a0f3-21ef1fa16772,mk1935,mk1935,active,rafeeq_product_id,rafeeq,,,2026-08-15T22:24:42Z,2026-08-15T22:24:42Z
654c8e3e-5180-4cce-aa02-c13f03db3824,dcb71c4c-c359-4a82-945c-9e6f62d5e86b,mk1936,691301145,active,rafeeq_product_id,rafeeq,,,2026-08-15T22:24:42Z,2026-08-15T22:24:42Z
e19b01e7-85da-46ad-92bf-642323d23c28,fad960fe-370d-412e-90b6-63314814d409,mk1937,mk1937,active,rafeeq_product_id,rafeeq,,,2026-08-15T22:24:42Z,2026-08-15T22:24:42Z
fa33b807-683f-48e8-92db-771536d7563a,e0f71ebf-3866-4f73-acf3-d4fc3d4a6a88,mk1938,691300461,active,rafeeq_product_id,rafeeq,,,2026-08-15T22:24:42Z,2026-08-15T22:24:42Z
970a99b6-8afb-4829-9436-56aa2ce02500,cfb07ef6-4e15-4649-87fd-9e0118b1df8c,mk1939,mk1939,active,rafeeq_product_id,rafeeq,,,2026-08-15T22:24:42Z,2026-08-15T22:24:42Z
41beea78-d2a1-4aa2-918b-5a7ffd0df1f3,478f60e3-ce34-4c5f-a59e-6396d3e9a115,mk1940,691300801,active,rafeeq_product_id,rafeeq,,,2026-08-15T22:24:42Z,2026-08-15T22:24:42Z
2f1aec7b-c372-452c-8ec1-69e1ba7329e1,1281b987-de3a-4ce3-b116-dc88c701dd71,mk1941,691300800,active,rafeeq_product_id,rafeeq,,,2026-08-15T22:24:42Z,2026-08-15T22:24:42Z
ddf1c35b-209a-46f4-86a5-28e37a16ad17,04b94aa9-7bfc-4446-bcd4-33373070deb8,mk1942,691301144,active,rafeeq_product_id,rafeeq,,,2026-08-15T22:24:42Z,2026-08-15T22:24:42Z
492958c0-b5fc-4c4b-a5d5-1f65679efbd4,c5502e6b-a144-4873-98cc-85d3dab146ea,mk1943,691301143,active,rafeeq_product_id,rafeeq,,,2026-08-15T22:24:42Z,2026-08-15T22:24:42Z
38b61d1f-7e41-448b-9d0b-f06eb309dda3,1971a2be-e690-478a-8605-794da40e3016,mk1944,mk1944,active,rafeeq_product_id,rafeeq,,,2026-08-15T22:24:42Z,2026-08-15T22:24:42Z
ea526a29-68c5-47be-8541-5510120f4b98,7cd88f7f-f218-47a8-bb6a-f5ba1718060b,mk1945,mk1945,active,rafeeq_product_id,rafeeq,,,2026-08-15T22:24:42Z,2026-08-15T22:24:42Z
408ba7d7-9319-4841-90aa-f2e90d67ed7d,8e960619-8f30-430b-8c24-eb5213aed66f,mk1946,691300777,active,rafeeq_product_id,rafeeq,,,2026-08-15T22:24:42Z,2026-08-15T22:24:42Z
538dd6fd-b14f-440c-b098-d2314405d080,324cb45d-28c5-4ed9-af76-2b31e7c76efd,mk1947,mk1947,active,rafeeq_product_id,rafeeq,,,2026-08-15T22:24:42Z,2026-08-15T22:24:42Z
5948af33-7a11-4d92-95ca-ee105be028ef,99624837-2670-4392-9f9e-1d8dca948c4c,mk1948,691300392,active,rafeeq_product_id,rafeeq,,,2026-08-15T22:24:42Z,2026-08-15T22:24:42Z
f66f0e39-4a43-4a11-a485-7086e1456468,66a8fc98-827c-423e-8dd7-97f40ab4474d,mk1949,mk1949,active,rafeeq_product_id,rafeeq,,,2026-08-15T22:24:42Z,2026-08-15T22:24:42Z
44eb0028-fc50-4e0d-923d-c0b80b01ad58,15358b08-67e3-47ba-a927-54c60e77d69e,mk1950,mk1950,active,rafeeq_product_id,rafeeq,,,2026-08-15T22:24:42Z,2026-08-15T22:24:42Z
ca8aa25d-d0fe-4835-a090-8878025c4db7,9121a11a-41a8-4b67-a0c1-94d83190d9ec,mk1951,691301046,active,rafeeq_product_id,rafeeq,,,2026-08-15T22:24:42Z,2026-08-15T22:24:42Z
f88e7f07-4e00-4157-9340-5abc90b15d9d,2b4c2f1c-3c13-486b-98d3-a33dc6fdc58b,mk1952,mk1952,active,rafeeq_product_id,rafeeq,,,2026-08-15T22:24:42Z,2026-08-15T22:24:42Z
a119b515-ec7a-4067-a180-1e0caf331754,486bae18-3719-43c0-8195-14134b4fadf0,mk1953,691300455,active,rafeeq_product_id,rafeeq,,,2026-08-15T22:24:42Z,2026-08-15T22:24:42Z
f46e620c-492a-40b5-8d61-043e1798e560,3d606a07-e3ec-4ea7-bc0f-84ad9994c609,mk1954,mk1954,active,rafeeq_product_id,rafeeq,,,2026-08-15T22:24:42Z,2026-08-15T22:24:42Z
e5d30a8d-e570-4f8e-939c-50c85bb474c4,db4151c3-6142-454e-ae07-db8b51c75a52,mk1955,mk1955,active,rafeeq_product_id,rafeeq,,,2026-08-15T22:24:42Z,2026-08-15T22:24:42Z
e2b214da-92df-4af0-a3e0-2078164c4da8,e61547c2-f312-4f1d-8d39-d7821afe3c06,mk1956,691300452,active,rafeeq_product_id,rafeeq,,,2026-08-15T22:24:42Z,2026-08-15T22:24:42Z
d55972ab-076c-4f0f-980d-f500850081d7,44da258f-84e2-40df-a2e2-88a73c36a3c0,mk1957,691300451,active,rafeeq_product_id,rafeeq,,,2026-08-15T22:24:42Z,2026-08-15T22:24:42Z
5d96d04c-22cd-49cb-a23d-a840e372de17,883f6d37-6d3f-4c65-9840-c9df1588ee4f,mk1958,691301045,active,rafeeq_product_id,rafeeq,,,2026-08-15T22:24:42Z,2026-08-15T22:24:42Z
ee64bf21-b5ef-4607-a726-ce7707c4bbb3,29a93eda-68cf-4bb2-9ded-39d00dc60ed9,mk1959,691300813,active,rafeeq_product_id,rafeeq,,,2026-08-15T22:24:42Z,2026-08-15T22:24:42Z
761f6eed-5b91-413a-9c58-67fd78316be1,630df0ca-b206-4a61-b963-f505cc5ac4a8,mk1960,691300812,active,rafeeq_product_id,rafeeq,,,2026-08-15T22:24:42Z,2026-08-15T22:24:42Z
96aa6584-7089-42db-a2ca-ad0ca529744e,7d69c161-deab-44ab-88d0-9c30b7bb7081,mk1961,691301043,active,rafeeq_product_id,rafeeq,,,2026-08-15T22:24:42Z,2026-08-15T22:24:42Z
c99de748-0d0f-45ae-9042-8f2d750ca11a,f4331c9f-944d-43a9-92b4-ae77f9241644,mk1962,691301041,active,rafeeq_product_id,rafeeq,,,2026-08-15T22:24:42Z,2026-08-15T22:24:42Z
528e1505-40b9-4ed6-8fd4-4a84180fa65e,618ea00e-2d75-4386-8ee2-eb65dc894842,mk1963,mk1963,active,rafeeq_product_id,rafeeq,,,2026-08-15T22:24:42Z,2026-08-15T22:24:42Z
a86a825d-b198-4405-99a2-b0b84738d3f8,bda47200-1b57-4b04-b0a5-137f5a5e6f72,mk1964,691300626,active,rafeeq_product_id,rafeeq,,,2026-08-15T22:24:42Z,2026-08-15T22:24:42Z
34f055ee-1fa7-44ad-86ac-a5b3dc7beac2,21feb1e5-643d-4660-b81b-cfac75870280,mk1965,mk1965,active,rafeeq_product_id,rafeeq,,,2026-08-15T22:24:42Z,2026-08-15T22:24:42Z
d78f7d45-9533-40f2-b40b-3cffd24112ed,58b70285-8937-4e00-9689-5da63c53b3ea,mk1966,691300809,active,rafeeq_product_id,rafeeq,,,2026-08-15T22:24:42Z,2026-08-15T22:24:42Z
08a9d6e7-f250-44c9-90e6-1710dc42093a,c31911e3-b2c2-41ac-ae69-4d2611a042a9,mk1967,691300808,active,rafeeq_product_id,rafeeq,,,2026-08-15T22:24:42Z,2026-08-15T22:24:42Z
071d2d7d-ad72-4c64-aef7-cee30dd43e48,e63f00d9-5507-49e7-b5d5-316b39f37b07,mk1968,691300807,active,rafeeq_product_id,rafeeq,,,2026-08-15T22:24:42Z,2026-08-15T22:24:42Z
c601bbdd-b364-4d01-917f-15a452eb0a49,0289c832-7a75-450c-9640-b35adbaa980b,mk1969,691300994,active,rafeeq_product_id,rafeeq,,,2026-08-15T22:24:42Z,2026-08-15T22:24:42Z
b48392ce-9000-4452-8f65-c7a41a82daf0,a5ad874b-4893-4ae2-8179-719d371cbd5e,mk1970,mk1970,active,rafeeq_product_id,rafeeq,,,2026-08-15T22:24:42Z,2026-08-15T22:24:42Z
8cfc5312-d99e-463c-a1c4-4b3e92fbfd06,23b6bc36-96c3-4760-8262-aabe0f940bf6,mk1971,mk1971,active,rafeeq_product_id,rafeeq,,,2026-08-15T22:24:42Z,2026-08-15T22:24:42Z
9c6b19b6-950c-41c5-9518-ada23a47a1b5,c7ad85e7-c02b-4d92-ac8c-0ccf80ece292,mk1972,691300678,active,rafeeq_product_id,rafeeq,,,2026-08-15T22:24:42Z,2026-08-15T22:24:42Z
b2744898-d14c-48ee-9a07-7e632fc962fd,3a52311d-daaa-4c4a-9e6a-25e2054e03a3,mk1973,691300677,active,rafeeq_product_id,rafeeq,,,2026-08-15T22:24:42Z,2026-08-15T22:24:42Z
5939c71a-e8ed-4b9d-aa43-67aa6511135e,3b691423-b798-4f9d-9229-52791660abe3,mk1974,691300676,active,rafeeq_product_id,rafeeq,,,2026-08-15T22:24:42Z,2026-08-15T22:24:42Z
e4e18637-9ede-4d75-a141-d99111f085db,3b43c429-02f9-4c93-984e-cf36ca2225a8,mk1975,691300675,active,rafeeq_product_id,rafeeq,,,2026-08-15T22:24:42Z,2026-08-15T22:24:42Z
569f5580-bc50-4621-9b1c-d89f71e937b0,cff3525f-624e-4e5d-90be-89a66deee248,mk1976,691300674,active,rafeeq_product_id,rafeeq,,,2026-08-15T22:24:42Z,2026-08-15T22:24:42Z
c44f0c09-4768-4504-8da9-3e0103958d80,e5a7c49f-e949-4c5d-97dc-6b26ec48459d,mk1977,mk1977,active,rafeeq_product_id,rafeeq,,,2026-08-15T22:24:42Z,2026-08-15T22:24:42Z
1046df25-bf58-46e7-8722-ec6fe82ba3cc,caa41939-9ae8-4e1f-93a9-6dee3cf8d6f1,mk1978,mk1978,active,rafeeq_product_id,rafeeq,,,2026-08-15T22:24:42Z,2026-08-15T22:24:42Z
23190ff3-a860-4e86-bc76-058767fae31e,182dfb54-1e24-491a-a7d3-39444ab99349,mk1979,mk1979,active,rafeeq_product_id,rafeeq,,,2026-08-15T22:24:42Z,2026-08-15T22:24:42Z
4efa2c79-6151-4246-b9a8-c4931c2b3754,9ed4cef2-86bc-4f8b-bfe6-14fda46207d9,mk1980,691300806,active,rafeeq_product_id,rafeeq,,,2026-08-15T22:24:42Z,2026-08-15T22:24:42Z
c6253569-c400-4e78-8410-65fbe47ec4b7,3cb721aa-6a8e-4af3-a243-2de2819e6000,mk1981,mk1981,archived,rafeeq_product_id,rafeeq,,,2026-08-15T22:24:42Z,2026-08-28T10:53:53Z
4a198226-6d4a-47a2-a7e7-49dbb87ebf33,3f865331-738e-4781-9428-d39d04acf790,mk1982,691300622,active,rafeeq_product_id,rafeeq,,,2026-08-15T22:24:42Z,2026-08-15T22:24:42Z
328ed58d-2264-4513-9e1b-cbeee217dfbf,47256a1b-ce21-47b8-a97a-185654553319,mk1983,mk1983,active,rafeeq_product_id,rafeeq,,,2026-08-15T22:24:42Z,2026-08-15T22:24:42Z
6c8790da-f1b9-4008-a1c9-81507346813d,65b39267-92f7-47b5-b526-2cfd7b7154ba,mk1984,mk1984,active,rafeeq_product_id,rafeeq,,,2026-08-15T22:24:42Z,2026-08-15T22:24:42Z
10a4ca76-c6d1-4fc7-9419-d39356bcf757,bb29ae68-484b-4db9-96a7-e4fe2dc29f21,mk1985,mk1985,active,rafeeq_product_id,rafeeq,,,2026-08-15T22:24:42Z,2026-08-15T22:24:42Z
da0626d4-7bbf-4fee-9612-e77a4f9921d0,ef4a61c4-f357-4df2-a3c3-9bd7b9cda487,mk1986,mk1986,active,rafeeq_product_id,rafeeq,,,2026-08-15T22:24:42Z,2026-08-15T22:24:42Z
538d6128-8dcb-43c9-8b19-e731c82db0a2,36f702ae-4483-4407-8540-5b4553c0b03f,mk1987,mk1987,active,rafeeq_product_id,rafeeq,,,2026-08-15T22:24:42Z,2026-08-15T22:24:42Z
48657ef9-6144-4c88-836b-11789289cc92,6899c4e2-a6f2-4797-8f5d-08f0e645a045,mk1988,mk1988,active,rafeeq_product_id,rafeeq,,,2026-08-15T22:24:42Z,2026-08-15T22:24:42Z
f1450ef1-f466-43ed-b283-776db6835cfc,1285b08e-20a4-4b3d-8269-27ac47cb1b41,mk1989,mk1989,active,rafeeq_product_id,rafeeq,,,2026-08-15T22:24:42Z,2026-08-15T22:24:42Z
f376c2ef-d369-4321-8344-bd65a96c06ff,fff6cd98-6b54-4575-91f9-5ab2fc147fda,mk1990,mk1990,active,rafeeq_product_id,rafeeq,,,2026-08-15T22:24:42Z,2026-08-15T22:24:42Z
220bffb7-7ecb-41dd-a1d6-548bd07ac56b,b2498fc0-eae4-48b3-bd01-77cdc57312d1,mk1991,mk1991,active,rafeeq_product_id,rafeeq,,,2026-08-15T22:24:42Z,2026-08-15T22:24:42Z
8d1e4d96-ad61-4980-96aa-5482ad3df766,70955669-f656-4153-bd85-949491350142,mk1992,mk1992,active,rafeeq_product_id,rafeeq,,,2026-08-15T22:24:42Z,2026-08-15T22:24:42Z
ad6e6340-f7e9-417b-ad7e-0b2407793e0f,7d2c42d5-ba84-4b68-b21c-6e88746be015,mk1993,mk1993,active,rafeeq_product_id,rafeeq,,,2026-08-15T22:24:42Z,2026-08-15T22:24:42Z
3e488b92-6eb3-42c2-81a4-a63a6bcd3bdf,2e728157-4452-4732-b60e-7c02298ded0d,mk1994,691300625,active,rafeeq_product_id,rafeeq,,,2026-08-15T22:24:42Z,2026-08-15T22:24:42Z
256280b3-8653-4592-8456-31bdaac02651,1805f45b-0ead-48bb-a89c-7a2eb33fad1d,mk1995,mk1995,active,rafeeq_product_id,rafeeq,,,2026-08-15T22:24:42Z,2026-08-15T22:24:42Z
672e62c0-81e8-4529-be26-f6a7c25c12d4,8fc1e72f-f68f-4be8-84e6-7333403966ec,mk1996,mk1996,active,rafeeq_product_id,rafeeq,,,2026-08-15T22:24:42Z,2026-08-15T22:24:42Z
d11ae8ee-756b-4405-8e97-5d43559f2ee0,7e407261-96b0-46cc-8ca3-db164ec97323,mk1997,mk1997,active,rafeeq_product_id,rafeeq,,,2026-08-15T22:24:42Z,2026-08-15T22:24:42Z
468d6874-ae67-4738-84ee-1b28b5e11301,53b60ca1-5e8a-4bda-bb09-c37b09f00379,mk1998,mk1998,active,rafeeq_product_id,rafeeq,,,2026-08-15T22:24:42Z,2026-08-15T22:24:42Z
1730ba16-b4bd-43b6-a61c-ece3a4ab0414,f5039110-4f17-4e08-a474-6cd6f0a36dbe,mk1999,mk1999,active,rafeeq_product_id,rafeeq,,,2026-08-15T22:24:42Z,2026-08-15T22:24:42Z
c1b5b887-b3ea-408b-8b3d-af220943ef97,49917a8c-e77b-4662-ac9e-f866da5e9c9d,mk2000,mk2000,active,rafeeq_product_id,rafeeq,,,2026-08-15T22:24:42Z,2026-08-15T22:24:42Z
7d78b878-f6a1-424b-8571-337ff46e2231,5f403503-5570-41d4-80e5-9c0c692e0a71,mk2001,mk2001,active,rafeeq_product_id,rafeeq,,,2026-08-15T22:24:42Z,2026-08-15T22:24:42Z
48ee8433-be63-41c1-9b4f-bfbed6a8e4cd,ffb74eb6-4f6d-4d89-9c77-83dddc789147,mk2002,mk2002,active,rafeeq_product_id,rafeeq,,,2026-08-15T22:24:42Z,2026-08-15T22:24:42Z
bbed989f-5a9c-4cba-b586-ebdae3bef474,4c8b5f0d-f9fc-4a5f-9f5f-d14c74818efa,mk2003,mk2003,active,rafeeq_product_id,rafeeq,,,2026-08-15T22:24:42Z,2026-08-15T22:24:42Z
3ad69bae-9137-4bb7-9cfe-bf1836f8c343,16b86a77-ba51-49f0-bbeb-3e3623363388,mk2004,mk2004,active,rafeeq_product_id,rafeeq,,,2026-08-15T22:24:42Z,2026-08-15T22:24:42Z
444337df-22c5-4b73-8548-e810050e4ab2,73879f08-187c-48bc-9066-a428c9c7f18e,mk2005,mk2005,active,rafeeq_product_id,rafeeq,,,2026-08-15T22:24:42Z,2026-08-15T22:24:42Z
4027f1e2-d7ff-4d2f-8283-316a69207bcd,a34c18d8-83f7-4eaf-9a57-55273d0bfdd7,mk2006,mk2006,active,rafeeq_product_id,rafeeq,,,2026-08-15T22:24:42Z,2026-08-15T22:24:42Z
e784d1d5-d988-4cc0-896e-e8992f6506ab,8cce6ffe-e5c1-459e-8efe-a4c2904fef0d,mk2008,mk2008,active,rafeeq_product_id,rafeeq,,,2026-08-15T22:24:42Z,2026-08-15T22:24:42Z
0e317933-1f40-4ed2-b929-88b486fcd46e,4c3eec09-887d-4b49-afcf-a1aa71c2016e,mk2009,mk2009,active,rafeeq_product_id,rafeeq,,,2026-08-15T22:24:42Z,2026-08-15T22:24:42Z
9498ca06-73de-4928-aa88-cf8aab6b813f,4865a06e-2f1f-4d54-855a-c69ff26720b5,mk2010,mk2010,active,rafeeq_product_id,rafeeq,,,2026-08-15T22:24:42Z,2026-08-15T22:24:42Z
0f33a17c-8848-4704-a01b-d7d2fe4cb1b1,a1d458ac-9901-4b16-b9f5-3fc67294b440,mk2011,mk2011,active,rafeeq_product_id,rafeeq,,,2026-08-15T22:24:42Z,2026-08-15T22:24:42Z
96525959-4803-47f5-81b2-d3d3f102584b,405da262-04d4-4520-b5cc-5d66023844dc,mk2012,mk2012,active,rafeeq_product_id,rafeeq,,,2026-08-15T22:24:42Z,2026-08-15T22:24:42Z
dd349fe5-f13d-4376-90ff-5d5f54fcdaa9,d4a1337f-0cd5-4a3c-8484-7abcbe181d88,mk2013,mk2013,active,rafeeq_product_id,rafeeq,,,2026-08-15T22:24:42Z,2026-08-15T22:24:42Z
0d41a543-6b3a-404e-a2d9-4a5c0cdc41e2,d3ee8dc9-0b64-4110-9196-8f7ba0ac8b4b,mk2014,mk2014,active,rafeeq_product_id,rafeeq,,,2026-08-15T22:24:42Z,2026-08-15T22:24:42Z
524f04c1-6e51-46d3-9872-82aa697bf5bd,67ada291-4602-4eed-885a-3460edf39cbc,mk2015,mk2015,active,rafeeq_product_id,rafeeq,,,2026-08-15T22:24:42Z,2026-08-15T22:24:42Z
3d2c26f4-a9d4-4bb9-8984-cb4d071a2ffa,8ff6cd23-d746-4078-a620-cc8000d69945,mk2016,mk2016,active,rafeeq_product_id,rafeeq,,,2026-08-15T22:24:42Z,2026-08-15T22:24:42Z
4e26bccb-8465-49d7-8945-ee31043b3c48,9c5f90fe-9166-40f9-9bc1-c7dd2c23c82b,mk2017,mk2017,active,rafeeq_product_id,rafeeq,,,2026-08-15T22:24:42Z,2026-08-15T22:24:42Z
02c8d808-d993-4e03-a48c-bd59d09f4f3b,a9e5a7e1-6a66-432a-8fc3-3e7edcb2d051,mk2018,mk2018,active,rafeeq_product_id,rafeeq,,,2026-08-15T22:24:42Z,2026-08-15T22:24:42Z
828761c0-d69d-4cce-929e-080068682998,959460c4-70b0-4665-87e6-63b6aadfe7ee,mk2019,mk2019,active,rafeeq_product_id,rafeeq,,,2026-08-15T22:24:42Z,2026-08-15T22:24:42Z
dd10743e-98f6-44d3-ab73-297ce557a6bf,f6bff41a-0f99-461f-8237-0aa7f91ec1c0,mk2020,mk2020,active,rafeeq_product_id,rafeeq,,,2026-08-15T22:24:42Z,2026-08-15T22:24:42Z
a23521a9-7cf4-463c-b9ad-9dfd6db3d9a6,ef548a7e-44a9-41b1-8041-7d4dd60d41d6,mk2021,mk2021,active,rafeeq_product_id,rafeeq,,,2026-08-15T22:24:42Z,2026-08-15T22:24:42Z
84eb45ea-80f8-4a25-be11-7df480fc735a,519052e9-8c94-4377-a0a3-b6335e0acaf5,mk2022,mk2022,active,rafeeq_product_id,rafeeq,,,2026-08-15T22:24:42Z,2026-08-15T22:24:42Z
fb46d1a1-0f38-4dbd-b01a-83aea536a004,c3cdabec-db73-44d3-8b52-0ff967b16146,mk2023,mk2023,active,rafeeq_product_id,rafeeq,,,2026-08-15T22:24:42Z,2026-08-15T22:24:42Z
b9f13e0d-8f3e-41c9-bddb-62b855dac630,ab456a3c-9306-4d1f-9f09-192b1bd1d328,mk2024,mk2024,active,rafeeq_product_id,rafeeq,,,2026-08-15T22:24:42Z,2026-08-15T22:24:42Z
dc034b79-7b92-4d4d-aed6-b96237630614,698d6322-ba9a-4418-8bcf-132f0cef0b39,mk2025,mk2025,active,rafeeq_product_id,rafeeq,,,2026-08-15T22:24:42Z,2026-08-15T22:24:42Z
8bd51e92-7edb-479b-b8c9-692443fd667d,c6c26a03-74ee-4313-8f11-f5628d632d14,mk2026,mk2026,active,rafeeq_product_id,rafeeq,,,2026-08-15T22:24:42Z,2026-08-15T22:24:42Z
42257a5f-c38e-48bc-bb5b-54380d85d271,8e35d90b-dfa8-492e-bc9b-e63a280c2466,mk2027,mk2027,active,rafeeq_product_id,rafeeq,,,2026-08-15T22:24:42Z,2026-08-15T22:24:42Z
0d7e11e0-16ba-4cf2-9d6e-92f641587b42,c7781299-7926-4339-b347-8b5cf62ce22b,mk2028,mk2028,active,rafeeq_product_id,rafeeq,,,2026-08-15T22:24:42Z,2026-08-15T22:24:42Z
3f8aa347-5326-4e73-a127-2069cc419060,937ad0c5-ee5c-46ff-b4a9-5646e1816cad,mk2029,mk2029,active,rafeeq_product_id,rafeeq,,,2026-08-15T22:24:42Z,2026-08-15T22:24:42Z
2b0c3c92-7b7f-4951-86d2-39847d668767,71769c87-6ba2-4f0f-8ede-8b3dc4e88290,mk2030,mk2030,active,rafeeq_product_id,rafeeq,,,2026-08-15T22:24:42Z,2026-08-15T22:24:42Z
5049a173-2fd2-4a61-a01a-dfe6b0cb2b42,5082fda2-d5fc-4740-8888-aa574f282433,mk2031,mk2031,active,rafeeq_product_id,rafeeq,,,2026-08-15T22:24:42Z,2026-08-15T22:24:42Z
8750e45f-65aa-49a2-8254-826e8f426205,6d906cda-afc8-408a-9208-b5c170e6560f,mk2032,mk2032,active,rafeeq_product_id,rafeeq,,,2026-08-15T22:24:42Z,2026-08-15T22:24:42Z
269aaaa8-0327-4189-8653-429239742289,30a6f4fd-7030-4a28-8f25-da5d1e02b9fd,mk2033,mk2033,active,rafeeq_product_id,rafeeq,,,2026-08-15T22:24:42Z,2026-08-15T22:24:42Z
80bcb5b4-56e9-43aa-8e78-b0cce1166a43,acb84c51-2539-4648-a1ff-d1da4697f6b7,mk2034,mk2034,active,rafeeq_product_id,rafeeq,,,2026-08-15T22:24:42Z,2026-08-15T22:24:42Z
41f03665-37b3-48e5-b2ea-76bd0372463b,5ddc74c8-7612-48e6-a84d-66efaa97af69,mk2035,mk2035,active,rafeeq_product_id,rafeeq,,,2026-08-15T22:24:42Z,2026-08-15T22:24:42Z
1347676c-94d9-4a03-ad41-c679735574a8,a7c200a1-4b82-4600-ad08-e86cbac083a1,mk2036,mk2036,active,rafeeq_product_id,rafeeq,,,2026-08-15T22:24:42Z,2026-08-15T22:24:42Z
81b12fed-9e55-4223-8ca0-ada08172d42e,c4ae7247-bd46-492e-9e19-ca71bf55726a,mk2037,mk2037,active,rafeeq_product_id,rafeeq,,,2026-08-15T22:24:42Z,2026-08-15T22:24:42Z
427923ba-f65f-49d0-a315-9bddbb43d49a,721c988b-76a9-4313-b963-ed3aa69e7e82,mk2038,mk2038,active,rafeeq_product_id,rafeeq,,,2026-08-15T22:24:42Z,2026-08-15T22:24:42Z
fb126bbe-6f34-4aa8-98cf-8cde99195f72,5e18de48-196a-4d59-acb7-5db17e3c69fe,mk2039,mk2039,active,rafeeq_product_id,rafeeq,,,2026-08-15T22:24:42Z,2026-08-15T22:24:42Z
b9835ded-e326-4651-8115-d274d6f77939,ccffe86a-77c2-4e41-9615-65b93a966681,mk2040,mk2040,active,rafeeq_product_id,rafeeq,,,2026-08-15T22:24:42Z,2026-08-15T22:24:42Z
4a783370-d4d3-4f5f-9863-8d2393f630ce,1c0f6754-830a-4f8a-a58d-0c5767af95b8,mk2041,mk2041,active,rafeeq_product_id,rafeeq,,,2026-08-15T22:24:42Z,2026-08-15T22:24:42Z
ec2984dd-4b2d-421b-abd5-9a29b1e2b33a,c503a077-6e5b-47d1-bee7-bdbaef486f44,mk2042,mk2042,active,rafeeq_product_id,rafeeq,,,2026-08-15T22:24:42Z,2026-08-15T22:24:42Z
35205545-3c87-4c66-93f5-c2b7c6917957,d553b7f0-e81c-4958-b7e1-6710e7e7f91c,mk2043,mk2043,active,rafeeq_product_id,rafeeq,,,2026-08-15T22:24:42Z,2026-08-15T22:24:42Z
093c3ae3-c086-4a8c-a1b7-a62275d11356,2e54d6a2-c52d-4599-baf5-68ea6373c2fe,mk2044,mk2044,active,rafeeq_product_id,rafeeq,,,2026-08-15T22:24:42Z,2026-08-15T22:24:42Z
11fd6561-4917-4d42-b788-47564a35f4dc,d3541675-9b9c-4572-8b50-9acce7dfbce6,mk2045,mk2045,active,rafeeq_product_id,rafeeq,,,2026-08-15T22:24:42Z,2026-08-15T22:24:42Z
31d7710e-a751-4d0d-bf5d-ae8a73a9c2c6,b30a6af6-fba0-44e5-b2e2-a8dafb288c32,mk2046,mk2046,active,rafeeq_product_id,rafeeq,,,2026-08-15T22:24:42Z,2026-08-15T22:24:42Z
c4f6065d-2cb7-469e-84c0-a8db6a4b8529,0e24f800-26d1-4fa0-bb83-4cae0416cd7c,mk2047,mk2047,active,rafeeq_product_id,rafeeq,,,2026-08-15T22:24:42Z,2026-08-15T22:24:42Z
445a8ec6-31a4-4474-b5f0-5615c173b295,f2b5e7e1-0afd-42a8-a6ad-ec29b3684638,mk2048,mk2048,active,rafeeq_product_id,rafeeq,,,2026-08-15T22:24:42Z,2026-08-15T22:24:42Z
17eaa6b6-1716-40d2-a720-6f7e428ab4f9,a063e6b2-c0e6-48b4-a52c-fcf6ab122de6,mk2049,mk2049,active,rafeeq_product_id,rafeeq,,,2026-08-15T22:24:42Z,2026-08-15T22:24:42Z
e5e04d18-06ed-4708-9411-8e89824324fd,c3eac30c-ae57-45d3-83ed-bff156ee40cf,mk2050,mk2050,active,rafeeq_product_id,rafeeq,,,2026-08-15T22:24:42Z,2026-08-15T22:24:42Z
6cbcf2a1-ede3-4cee-ba54-f0c34de73e7d,0fa8bd17-262a-4758-8763-2a88b482bd27,mk2051,mk2051,active,rafeeq_product_id,rafeeq,,,2026-08-15T22:24:42Z,2026-08-15T22:24:42Z
f424714c-0fd1-427d-9378-29dc0c4dba6e,ee73095d-733a-4af0-86b4-77c5d5e0b8e3,mk2052,mk2052,active,rafeeq_product_id,rafeeq,,,2026-08-15T22:24:42Z,2026-08-15T22:24:42Z
dbe77a15-dd36-4511-bd54-a64c6045843b,a201755e-5fe6-4bc8-ac28-e4fcfde1e0a7,mk2053,mk2053,active,rafeeq_product_id,rafeeq,,,2026-08-15T22:24:42Z,2026-08-15T22:24:42Z
88ebb541-f289-4904-bfd3-0e4d8ceb6e36,67caac80-8043-46de-8a6e-ae4deacd3cb8,mk2054,mk2054,active,rafeeq_product_id,rafeeq,,,2026-08-15T22:24:42Z,2026-08-15T22:24:42Z
c96ca0af-6359-42c1-b188-20c4d4d5f88c,3125195a-82a6-422d-a924-0129651550c3,mk2055,mk2055,active,rafeeq_product_id,rafeeq,,,2026-08-15T22:24:42Z,2026-08-15T22:24:42Z
52f8112c-5021-4a85-8326-3bee92188783,c85b6ffd-9e50-4592-bdc2-424dd3ed4149,mk2056,mk2056,active,rafeeq_product_id,rafeeq,,,2026-08-15T22:24:42Z,2026-08-15T22:24:42Z
e20f8be7-9d1f-40dd-9d9e-facda3e717b6,692359ca-0ac2-4a88-b315-8a496f0507af,mk2057,mk2057,active,rafeeq_product_id,rafeeq,,,2026-08-15T22:24:42Z,2026-08-15T22:24:42Z
ffaf6dcc-ff65-4704-ae6d-986f704df688,992431ec-558c-441b-81d2-b19d45b3bb66,mk2058,mk2058,active,rafeeq_product_id,rafeeq,,,2026-08-15T22:24:42Z,2026-08-15T22:24:42Z
b0437eb3-6585-426e-85d7-693b86fcd5d7,6ed6c2ea-a9e7-4708-817b-e208b4c59061,mk2059,mk2059,active,rafeeq_product_id,rafeeq,,,2026-08-15T22:24:42Z,2026-08-15T22:24:42Z
91e5e76b-b6bc-4fbb-a928-0ec888601de9,c34390eb-da9e-4518-8d88-31495aeac22a,mk2060,mk2060,active,rafeeq_product_id,rafeeq,,,2026-08-15T22:24:42Z,2026-08-15T22:24:42Z
0aa5658b-8731-434b-875c-108b68ad1a09,d397f2f4-c7c4-4a2c-b852-f9b20f3b0817,mk2061,mk2061,active,rafeeq_product_id,rafeeq,,,2026-08-15T22:24:42Z,2026-08-15T22:24:42Z
34c2958a-3c85-48c9-9943-e894fbd8ad62,faac7a58-c3c7-467e-b591-10e54b143618,mk2062,mk2062,active,rafeeq_product_id,rafeeq,,,2026-08-15T22:24:42Z,2026-08-15T22:24:42Z
08b0523f-e5cd-42b0-917e-cb7cb7f0301d,72c4bf48-10d6-401c-b414-8ab49992725b,mk2063,mk2063,active,rafeeq_product_id,rafeeq,,,2026-08-15T22:24:42Z,2026-08-15T22:24:42Z
726712d2-73f7-4f82-bbc4-a55fc404af1b,6176e72a-eddf-4e70-81b6-fe5995325720,mk2064,mk2064,active,rafeeq_product_id,rafeeq,,,2026-08-15T22:24:42Z,2026-08-15T22:24:42Z
ad8eb792-4bd8-44d3-8904-b3cfb38c27e5,03158316-0c7a-4820-98b5-f9bc3d2bd1ce,mk2065,mk2065,active,rafeeq_product_id,rafeeq,,,2026-08-15T22:24:42Z,2026-08-15T22:24:42Z
15e00bc2-f0c4-4e17-88ce-e5ea1ce8625c,6f9d607f-0d12-4d0f-b897-842125bc8288,mk2066,mk2066,active,rafeeq_product_id,rafeeq,,,2026-08-15T22:24:42Z,2026-08-15T22:24:42Z
69f378ea-c1eb-4877-b8d8-e63f9599d3e4,aa0a8722-03ec-497a-b712-27a1a695bee2,mk2067,mk2067,active,rafeeq_product_id,rafeeq,,,2026-08-15T22:24:42Z,2026-08-15T22:24:42Z
528f9298-c048-4726-ac30-bdb21132bc0e,6e816a45-dcb7-45c3-8685-6994d1c094f9,mk2068,mk2068,active,rafeeq_product_id,rafeeq,,,2026-08-15T22:24:42Z,2026-08-15T22:24:42Z
a1462531-9b95-47f8-b92a-bcd9d1654f6a,cd2a5732-8fdf-4d95-8752-cf480aae95af,mk2069,mk2069,active,rafeeq_product_id,rafeeq,,,2026-08-15T22:24:42Z,2026-08-15T22:24:42Z
69f67252-e0c8-4c21-918b-43d8269591cb,e623d75a-e0b8-4176-9229-8e3bacd6a5f9,mk2070,mk2070,active,rafeeq_product_id,rafeeq,,,2026-08-15T22:24:42Z,2026-08-15T22:24:42Z
57eac548-e12f-470a-a1a6-a9c197bd52a3,ddf04060-af62-4362-8940-5d58856fdc35,mk2071,mk2071,active,rafeeq_product_id,rafeeq,,,2026-08-15T22:24:42Z,2026-08-15T22:24:42Z
17c3e304-723a-4514-90c7-fb950e0639da,7b7f6ea0-afe4-4aec-bb15-108c8163f45c,mk2072,mk2072,active,rafeeq_product_id,rafeeq,,,2026-08-15T22:24:42Z,2026-08-15T22:24:42Z
1432f0e1-4a88-436f-8988-b73ee280944f,ffb45b25-4cbb-47fd-97f4-71f11931e84e,mk2073,mk2073,active,rafeeq_product_id,rafeeq,,,2026-08-15T22:24:42Z,2026-08-15T22:24:42Z
33f463cf-ec9a-41a5-b786-ebe2a644756c,8028e457-1c4f-47f7-adcb-acabd4c5dcdc,mk2074,mk2074,active,rafeeq_product_id,rafeeq,,,2026-08-15T22:24:42Z,2026-08-15T22:24:42Z
38979f89-7be3-48c4-a04a-31c02e3d9984,6bb618fd-de6f-49aa-bd9b-a46fb9ad29f9,mk2075,mk2075,active,rafeeq_product_id,rafeeq,,,2026-08-15T22:24:42Z,2026-08-15T22:24:42Z
002cc561-1f43-486f-a7c7-9bcc691da5f6,5b2274ca-b064-46fc-880d-de5c3e203aad,mk2076,mk2076,active,rafeeq_product_id,rafeeq,,,2026-08-15T22:24:42Z,2026-08-15T22:24:42Z
660de6cf-b9ef-4c00-ba49-a61fb4423019,befd10f1-a2e0-4796-af21-9af667758d27,mk2077,mk2077,active,rafeeq_product_id,rafeeq,,,2026-08-15T22:24:42Z,2026-08-15T22:24:42Z
a8297d97-1551-4d15-bfcb-757a8321eb57,fe645f02-24b0-42f5-8374-621307528be2,mk2078,mk2078,active,rafeeq_product_id,rafeeq,,,2026-08-15T22:24:42Z,2026-08-15T22:24:42Z
d8036d08-de66-4305-bcbe-3899cc677a43,0f4915ad-8454-467b-a590-d9864d49423b,mk2079,mk2079,active,rafeeq_product_id,rafeeq,,,2026-08-15T22:24:42Z,2026-08-15T22:24:42Z
a4731abc-92e3-453c-aa1a-d2bc4099e332,dbad2cec-0a2b-40ee-af12-d8d5871dc7ba,mk2080,mk2080,active,rafeeq_product_id,rafeeq,,,2026-08-15T22:24:42Z,2026-08-15T22:24:42Z
f6c1ddbd-2aff-4f43-8023-7671b48bdd42,44d28ee4-c873-4a48-9a05-eec6f3c9bce5,mk2081,mk2081,active,rafeeq_product_id,rafeeq,,,2026-08-15T22:24:42Z,2026-08-15T22:24:42Z
2a859290-0afc-48ab-a8c8-b13f0fc02610,72611388-c306-4cad-8ff7-e5653754efc6,mk2082,mk2082,active,rafeeq_product_id,rafeeq,,,2026-08-15T22:24:42Z,2026-08-15T22:24:42Z
148e547a-b145-4676-aeb2-8a716e0d05f5,527c2670-a13b-4820-8241-2d336176e0de,mk2083,mk2083,active,rafeeq_product_id,rafeeq,,,2026-08-15T22:24:42Z,2026-08-15T22:24:42Z
530fb56c-ad2b-46c2-805f-3984900ee8bf,956d9479-6014-495f-a7ec-64405e8acb58,mk2084,mk2084,active,rafeeq_product_id,rafeeq,,,2026-08-15T22:24:42Z,2026-08-15T22:24:42Z
c333efbf-aa67-4b22-be55-56104e94cabd,0687b8a2-e3d0-4c98-87d6-894cdde9b857,mk2085,mk2085,active,rafeeq_product_id,rafeeq,,,2026-08-15T22:24:42Z,2026-08-15T22:24:42Z
9470c4a6-96eb-494d-a104-e80feedfb05c,8a873643-ba5e-424b-ac29-7b1bb53da905,mk2086,mk2086,active,rafeeq_product_id,rafeeq,,,2026-08-15T22:24:42Z,2026-08-15T22:24:42Z
8610b9c5-f18d-4c8f-8c00-a94991001af1,b27d7480-169b-4dd2-bccb-3c2bdcda5bcc,mk2087,mk2087,active,rafeeq_product_id,rafeeq,,,2026-08-15T22:24:42Z,2026-08-15T22:24:42Z
e2761965-e9f4-4f4c-8914-1a014170667b,6c77cffb-c0f9-43d2-8a98-66bafbdf8d36,mk2088,mk2088,active,rafeeq_product_id,rafeeq,,,2026-08-15T22:24:42Z,2026-08-15T22:24:42Z
8488d43b-dfdf-4182-934a-c6f150fb11b6,beaba8ef-f171-4c15-9984-f63573c377a2,mk2089,mk2089,active,rafeeq_product_id,rafeeq,,,2026-08-15T22:24:42Z,2026-08-15T22:24:42Z
d38a94c5-1baf-49e0-bfa4-aa393934806a,df82d178-ece7-4cf6-b801-23a6472582f1,mk2090,mk2090,active,rafeeq_product_id,rafeeq,,,2026-08-15T22:24:42Z,2026-08-15T22:24:42Z
79b9e1a7-5507-4bbb-9581-e4486c8f8db9,703eccb7-c87a-47af-89dc-766829b17933,mk2091,mk2091,active,rafeeq_product_id,rafeeq,,,2026-08-15T22:24:42Z,2026-08-15T22:24:42Z
0c360f99-5ecc-444c-8025-8daed8f9561a,9ddfc5dd-ee7c-4fed-a4d0-8340fdf9bae6,mk2092,mk2092,active,rafeeq_product_id,rafeeq,,,2026-08-15T22:24:42Z,2026-08-15T22:24:42Z
55c1610c-9fed-4cf0-8b70-5f6e8f220972,048a8802-30e5-450f-84e2-4d0fce83c00e,mk2093,mk2093,active,rafeeq_product_id,rafeeq,,,2026-08-15T22:24:42Z,2026-08-15T22:24:42Z
0003d78d-d016-4a35-b166-b5e3d3478981,abf2cb09-6bdc-4f73-9fa6-3938aa3eb97a,mk2094,mk2094,active,rafeeq_product_id,rafeeq,,,2026-08-15T22:24:42Z,2026-08-15T22:24:42Z
2784989d-8494-48a3-bda8-bb2563af47e5,62000b47-2e57-4aea-a8ad-109d1c10d7bb,mk2095,mk2095,active,rafeeq_product_id,rafeeq,,,2026-08-15T22:24:42Z,2026-08-15T22:24:42Z
356ccc86-f648-46d8-9711-d976e031adeb,bb801bbb-8a65-4bf4-bfe3-818379ee92f7,mk2096,mk2096,active,rafeeq_product_id,rafeeq,,,2026-08-15T22:24:42Z,2026-08-15T22:24:42Z
9c289f23-b98f-47a5-bb1d-dee85c8422c3,7f5f75c0-6ec4-4b73-b972-41bc0caeb725,mk2097,mk2097,active,rafeeq_product_id,rafeeq,,,2026-08-15T22:24:42Z,2026-08-15T22:24:42Z
d3512475-eeb4-4720-87bc-82767f6fd9c6,563f8682-4885-4af7-bdf6-b8fbcf6042df,mk2098,mk2098,active,rafeeq_product_id,rafeeq,,,2026-08-15T22:24:42Z,2026-08-15T22:24:42Z
08a223e4-aba4-47c0-8876-b8e29dc1b12b,1dc5958a-7658-4cf4-b019-2e63690293d8,mk2099,mk2099,active,rafeeq_product_id,rafeeq,,,2026-08-15T22:24:42Z,2026-08-15T22:24:42Z
46d2f694-cb90-46f4-8c3b-b547c1a576be,23eec7ee-a971-42fb-81cd-5712e5204cbf,mk2100,mk2100,active,rafeeq_product_id,rafeeq,,,2026-08-15T22:24:42Z,2026-08-15T22:24:42Z
e7916d0b-5163-4b4b-a8ce-484d1843a5b2,d18e2464-9ff8-4671-887b-2b7374abb0d8,mk2101,mk2101,active,rafeeq_product_id,rafeeq,,,2026-08-15T22:24:42Z,2026-08-15T22:24:42Z
6b46771e-73b6-472b-98d3-496fa7fb1c51,f7022ca5-9d80-43a2-9199-de69004fa88e,mk2102,mk2102,active,rafeeq_product_id,rafeeq,,,2026-08-15T22:24:42Z,2026-08-15T22:24:42Z
9cb8956e-2cd5-4a76-92fb-9fc9fbbb11f3,3f8eebd5-8fc5-4be1-abeb-501d0a580e8c,mk2103,mk2103,active,rafeeq_product_id,rafeeq,,,2026-08-15T22:24:42Z,2026-08-15T22:24:42Z
fae78661-74e5-45fa-9de0-f7aca8bcd9b9,e5d0f119-8002-470f-ba7f-caa1a2967b0b,mk2104,mk2104,active,rafeeq_product_id,rafeeq,,,2026-08-15T22:24:42Z,2026-08-15T22:24:42Z
be7d1252-7f2f-445d-aab6-bfbe35c12dfb,969b7426-ad10-4e67-be5c-e8c77a46eb2c,mk2105,mk2105,active,rafeeq_product_id,rafeeq,,,2026-08-15T22:24:42Z,2026-08-15T22:24:42Z
7f99f4f4-5ca3-45d7-84e8-adbdeccdc2e0,1cbf021d-26d1-421d-8744-8194575b83d4,mk2106,mk2106,active,rafeeq_product_id,rafeeq,,,2026-08-15T22:24:42Z,2026-08-15T22:24:42Z
584649db-2fc3-4a42-9e0c-0635a82677c1,1ffcbe52-a8c3-47cf-a90f-202180567776,mk2107,mk2107,active,rafeeq_product_id,rafeeq,,,2026-08-15T22:24:42Z,2026-08-15T22:24:42Z
09bcc672-f6a9-4dd1-ab0d-3b9afbcfc6df,5b0eee3f-7b74-4102-abda-b448cdcb4167,mk2108,mk2108,active,rafeeq_product_id,rafeeq,,,2026-08-15T22:24:42Z,2026-08-15T22:24:42Z
8da6bfee-40cc-4bff-bbb7-b4cd13a760a9,5743261e-11b2-4ba2-85e4-55d43318cadd,mk2109,mk2109,active,rafeeq_product_id,rafeeq,,,2026-08-15T22:24:42Z,2026-08-15T22:24:42Z
682214b6-8e95-46da-b498-aaf5b909c9e3,d6ef5a15-47c3-430e-bbf3-0defe12bdfd0,mk2110,mk2110,active,rafeeq_product_id,rafeeq,,,2026-08-15T22:24:42Z,2026-08-15T22:24:42Z
e5a03606-3584-480f-8a5a-8dd10c8b92cc,98cb77ff-09d4-49c9-b3b6-eff668cb741c,mk2111,mk2111,active,rafeeq_product_id,rafeeq,,,2026-08-15T22:24:42Z,2026-08-15T22:24:42Z
b1ed2f09-cf52-44a4-997b-eff1277f1047,ed889b13-9999-417e-ba1f-fa7990a40e54,mk2112,mk2112,active,rafeeq_product_id,rafeeq,,,2026-08-15T22:24:42Z,2026-08-15T22:24:42Z
69d7d59f-f3fc-4bbe-ada5-ff8d729daec3,82a340be-d815-4d52-b001-b7078ce44fe5,mk2113,mk2113,active,rafeeq_product_id,rafeeq,,,2026-08-15T22:24:42Z,2026-08-15T22:24:42Z
44082136-87a0-44dd-9f74-3557f9770ed3,4787a7cf-d54c-492d-8b75-43e539dcb71a,mk2114,mk2114,active,rafeeq_product_id,rafeeq,,,2026-08-15T22:24:42Z,2026-08-15T22:24:42Z
2afbca56-ab62-4e92-83e7-4b80185ac5d1,97493c02-7c45-4043-8193-0b78d4d2d945,mk2115,mk2115,active,rafeeq_product_id,rafeeq,,,2026-08-15T22:24:42Z,2026-08-15T22:24:42Z
7788f08c-0db8-4785-9739-d59649e37657,438fb05e-f353-4da9-a245-bef08ca2f5ae,mk2116,mk2116,active,rafeeq_product_id,rafeeq,,,2026-08-15T22:24:42Z,2026-08-15T22:24:42Z
60fde2be-f1cd-41dd-98f9-49de09171623,72de59e2-2cf4-4e43-9c78-97a28882aeec,mk2117,mk2117,active,rafeeq_product_id,rafeeq,,,2026-08-15T22:24:42Z,2026-08-15T22:24:42Z
e9147d19-4299-4da6-84c6-b0125d887eec,ab1c6583-cf5c-4fca-a978-764cdafe1479,mk2118,mk2118,active,rafeeq_product_id,rafeeq,,,2026-08-15T22:24:42Z,2026-08-15T22:24:42Z
db610931-6f37-41ce-b3f8-21270167181c,ac607c24-8a60-43ab-99b5-bd9401139cf3,mk2119,mk2119,active,rafeeq_product_id,rafeeq,,,2026-08-15T22:24:42Z,2026-08-15T22:24:42Z
7113a978-bd2d-407b-94e2-023179b77458,b650db14-213c-43ac-aa49-fc236e62325c,mk2120,mk2120,active,rafeeq_product_id,rafeeq,,,2026-08-15T22:24:42Z,2026-08-15T22:24:42Z
e68bbe2c-4517-4288-b88a-32df8837b4ee,026fdcf7-f3f0-4a74-bb7d-6035fdb9b5f9,mk2121,mk2121,active,rafeeq_product_id,rafeeq,,,2026-08-15T22:24:42Z,2026-08-15T22:24:42Z
f0f5941a-6b73-46d2-b0da-6982bfb8690c,be0eaff5-5cd2-4325-abf3-7af818e25f1f,mk2122,mk2122,active,rafeeq_product_id,rafeeq,,,2026-08-15T22:24:42Z,2026-08-15T22:24:42Z
f4055feb-9d5b-4abe-b8b4-e26c1011a50c,5a0403f6-8987-49c3-ad45-2f65eafed1e5,mk2123,mk2123,active,rafeeq_product_id,rafeeq,,,2026-08-15T22:24:42Z,2026-08-15T22:24:42Z
dfd42efa-46d8-4cc1-b711-74df7a12271b,0f98475f-4248-4df4-9c12-07dda3dddbc7,mk2124,mk2124,active,rafeeq_product_id,rafeeq,,,2026-08-15T22:24:42Z,2026-08-15T22:24:42Z
32f45dbe-f05f-401d-b72e-6cecf819550a,2fba1462-e90a-446c-9f19-5cb87a62f46e,mk2125,mk2125,active,rafeeq_product_id,rafeeq,,,2026-08-15T22:24:42Z,2026-08-15T22:24:42Z
ac4deaa4-4fa3-4144-b9f6-84378179ec35,3f0a81b9-bc04-4de0-8b38-7f4cf3b51e84,mk2126,mk2126,active,rafeeq_product_id,rafeeq,,,2026-08-15T22:24:42Z,2026-08-15T22:24:42Z
c7110c8c-1622-48a5-b1dd-16beceb85f55,f7766e65-46af-44c2-a568-5b6336718748,mk2127,mk2127,active,rafeeq_product_id,rafeeq,,,2026-08-15T22:24:42Z,2026-08-15T22:24:42Z
3010bf29-9d94-4532-af9a-19e4c779af70,cedef1fa-2184-476c-b393-1de14bac6736,mk2128,mk2128,active,rafeeq_product_id,rafeeq,,,2026-08-15T22:24:42Z,2026-08-15T22:24:42Z
4b394e92-a7fd-42bc-8491-d95c5ecf8a96,f7fc005c-f251-4155-b255-65d356631d34,mk2129,mk2129,active,rafeeq_product_id,rafeeq,,,2026-08-15T22:24:42Z,2026-08-15T22:24:42Z
22091616-4269-40c8-82df-7f7418c0cbb2,3fe7e397-5d52-4bee-bf41-3d75afa9546c,mk2130,mk2130,active,rafeeq_product_id,rafeeq,,,2026-08-15T22:24:42Z,2026-08-15T22:24:42Z
01146b8f-388e-45c7-b45e-e15ee25962f7,6c6ef59b-24fd-409e-89b8-71ca27c4f48e,mk2131,mk2131,active,rafeeq_product_id,rafeeq,,,2026-08-15T22:24:42Z,2026-08-15T22:24:42Z
30e3ba67-cc0b-48f1-9d14-03225eed8884,958b645a-c1fe-46e9-9c23-6adf6eec195e,mk2132,mk2132,active,rafeeq_product_id,rafeeq,,,2026-08-15T22:24:42Z,2026-08-15T22:24:42Z
8a3dfce4-5393-4abe-a444-c21aa619a44a,ce28911a-d4e7-4362-9097-1538c34c3aea,mk2133,mk2133,active,rafeeq_product_id,rafeeq,,,2026-08-15T22:24:42Z,2026-08-15T22:24:42Z
3b5e1acd-b37f-4f85-bc81-ac1b032623c9,7e275d0c-3acf-47ca-ae59-47d15a0e03fb,mk2134,mk2134,active,rafeeq_product_id,rafeeq,,,2026-08-15T22:24:42Z,2026-08-15T22:24:42Z
a34fa1f1-43a6-406a-8ce9-86960ef3b02a,ed10ba61-4e9c-45e2-8468-4a36394b6063,mk2135,mk2135,active,rafeeq_product_id,rafeeq,,,2026-08-15T22:24:42Z,2026-08-15T22:24:42Z
c7eabf38-c47b-4f03-b36c-fb123e004302,523115e2-6864-4ef2-ad1f-997fe2099937,mk2136,mk2136,active,rafeeq_product_id,rafeeq,,,2026-08-15T22:24:42Z,2026-08-15T22:24:42Z
637a4b46-5e80-4938-b0e0-bb724e374496,183daa3a-9cf0-4a00-baec-e2ccb2618902,mk2137,mk2137,active,rafeeq_product_id,rafeeq,,,2026-08-15T22:24:42Z,2026-08-15T22:24:42Z
38dd8aff-56db-447b-ad61-573cace8a015,3ae600fc-6c18-49a3-81a9-04e69b6bccb6,mk2138,mk2138,active,rafeeq_product_id,rafeeq,,,2026-08-15T22:24:42Z,2026-08-15T22:24:42Z
200fd266-632b-4c3f-8d5f-97b9010ace11,31005806-8ffa-4aad-92f8-cdf0717e92b3,mk2139,mk2139,active,rafeeq_product_id,rafeeq,,,2026-08-15T22:24:42Z,2026-08-15T22:24:42Z
c7d20ce8-efb1-4c2e-8f68-4e98a644ee38,405ecd11-e087-4e55-9fab-199f0c1860e1,mk2140,mk2140,active,rafeeq_product_id,rafeeq,,,2026-08-15T22:24:42Z,2026-08-15T22:24:42Z
c14eaeea-f31a-43e9-b2f0-2d7e38d41615,5b7d6d7b-7d12-4d1f-afe8-8917104ce476,mk2141,mk2141,active,rafeeq_product_id,rafeeq,,,2026-08-15T22:24:42Z,2026-08-15T22:24:42Z
0c78682a-3a24-478d-9a8c-b026faf71cb8,91b90a6d-6b7d-4214-9a52-cb4facefe2a2,mk2142,mk2142,active,rafeeq_product_id,rafeeq,,,2026-08-15T22:24:42Z,2026-08-15T22:24:42Z
d33e6260-a5d4-4a63-ad3b-164468a5d4e9,dec3b36e-3a6e-4312-8fae-bf347654af7f,mk2143,mk2143,active,rafeeq_product_id,rafeeq,,,2026-08-15T22:24:42Z,2026-08-15T22:24:42Z
2cb132d6-0577-4b70-912a-37ac2c5db955,73f1a651-c577-4393-8b09-f7c73c8f7cb0,mk2144,mk2144,active,rafeeq_product_id,rafeeq,,,2026-08-15T22:24:42Z,2026-08-15T22:24:42Z
a82604d2-fd0e-4d3a-b646-48c1454821d0,d2dd47cf-0eec-4293-a4f7-7bd2ad67e6c3,mk2145,mk2145,active,rafeeq_product_id,rafeeq,,,2026-08-15T22:24:42Z,2026-08-15T22:24:42Z
f9bd0fd4-1fa1-4d9b-bf04-0390cbc4c329,4c630cc1-2ca4-45e7-9f08-8d2a22a08a1a,mk2146,mk2146,active,rafeeq_product_id,rafeeq,,,2026-08-15T22:24:42Z,2026-08-15T22:24:42Z
204f559c-f20a-4cd7-a12f-47a0b443597b,f2a9a750-34bf-4be6-bdb9-33429aecb9e4,mk2147,mk2147,active,rafeeq_product_id,rafeeq,,,2026-08-15T22:24:42Z,2026-08-15T22:24:42Z
807e6d00-5e2c-401a-8f27-8c2d37ebaaa4,6ef85e8c-2e6a-42dd-a911-56de08002c03,mk2148,mk2148,active,rafeeq_product_id,rafeeq,,,2026-08-15T22:24:42Z,2026-08-15T22:24:42Z
36fabfa8-8540-40d8-b8c0-e661b02d5934,01e4a90a-d322-4bb3-8890-4f41115624c4,mk2149,mk2149,active,rafeeq_product_id,rafeeq,,,2026-08-15T22:24:42Z,2026-08-15T22:24:42Z
3fc2ef10-1d5e-433f-877f-534edbb6d5f8,047d631c-717d-4c97-935d-289c314904c8,mk2150,mk2150,active,rafeeq_product_id,rafeeq,,,2026-08-15T22:24:42Z,2026-08-15T22:24:42Z
bb2e1dc2-4d94-4322-aeb3-95da08e5398a,c99e5b7b-0ff7-46c3-9c19-aa59c042bc4d,mk2151,mk2151,active,rafeeq_product_id,rafeeq,,,2026-08-15T22:24:42Z,2026-08-15T22:24:42Z
a6ab260e-6c93-46b4-842c-a5803a64b977,3f9cdbe4-7f62-41c1-9269-163d7f1d57f1,mk2152,mk2152,active,rafeeq_product_id,rafeeq,,,2026-08-15T22:24:42Z,2026-08-15T22:24:42Z
20c9ff46-298f-42da-8567-f2460e591248,0553dfee-cac2-400d-9e29-fce6c311b1b0,mk2153,mk2153,active,rafeeq_product_id,rafeeq,,,2026-08-15T22:24:42Z,2026-08-15T22:24:42Z
173554c6-1567-4691-b647-c9d85dc3681c,97d94744-3b87-487a-ab09-f14143135316,mk2154,mk2154,active,rafeeq_product_id,rafeeq,,,2026-08-15T22:24:42Z,2026-08-15T22:24:42Z
af58088e-a2c8-417d-9baa-992325e8331e,f5dae15b-62c3-470f-89ea-571d9994636c,mk2155,mk2155,active,rafeeq_product_id,rafeeq,,,2026-08-15T22:24:42Z,2026-08-15T22:24:42Z
10c06f96-7d8c-4327-ba8a-d23e28834691,f58a2ce3-9ff6-4013-86c4-b3970f006b25,mk2156,mk2156,active,rafeeq_product_id,rafeeq,,,2026-08-15T22:24:42Z,2026-08-15T22:24:42Z
e7ae8c92-34ab-41a3-bd32-610aba111ac5,2b095862-4cf0-4aed-bf94-e93f8edd2b6b,mk2157,mk2157,active,rafeeq_product_id,rafeeq,,,2026-08-15T22:24:42Z,2026-08-15T22:24:42Z
22049d93-7363-4fb1-990d-9c9e4b42a4fa,8a282ca7-0c14-4bb6-b339-d688760cdf5a,mk2158,mk2158,active,rafeeq_product_id,rafeeq,,,2026-08-15T22:24:42Z,2026-08-15T22:24:42Z
5297586a-d4f0-44a4-b96f-d355698dbf50,e066a912-c7e0-48de-9cd4-8bbb1c03bc94,mk2159,mk2159,active,rafeeq_product_id,rafeeq,,,2026-08-15T22:24:42Z,2026-08-15T22:24:42Z
339cb466-a820-43d5-93c3-c744b221e4ce,b15a5f0f-8f35-49fe-985b-244b74e0da78,mk2160,mk2160,active,rafeeq_product_id,rafeeq,,,2026-08-15T22:24:42Z,2026-08-15T22:24:42Z
c0152e5f-474e-47a0-92aa-bb1878c5af06,a342d855-729b-418e-9ed8-0d963ffe13d6,mk2161,mk2161,active,rafeeq_product_id,rafeeq,,,2026-08-15T22:24:42Z,2026-08-15T22:24:42Z
42143643-25ad-4033-a30f-6dd83cbdc7ab,a450ec42-596f-4b87-96c7-1ac04220ced9,mk2162,mk2162,active,rafeeq_product_id,rafeeq,,,2026-08-15T22:24:42Z,2026-08-15T22:24:42Z
6f81554b-6d5c-42df-a20b-cf2f534b058d,e14a4c5f-85de-4947-b74e-ee1bc2bd4374,mk2163,mk2163,active,rafeeq_product_id,rafeeq,,,2026-08-15T22:24:42Z,2026-08-15T22:24:42Z
4eea67d7-cc4b-498e-8c58-573fd300f236,ebe54cfe-2240-4d7a-8344-2539fa2bf49e,mk2164,mk2164,active,rafeeq_product_id,rafeeq,,,2026-08-15T22:24:42Z,2026-08-15T22:24:42Z
2aa45e92-41a3-4522-b1d2-032f2ddf2f78,3e457910-ef86-4d23-bbaf-075fffc90594,mk2165,mk2165,active,rafeeq_product_id,rafeeq,,,2026-08-15T22:24:42Z,2026-08-15T22:24:42Z
90deeb8f-3e52-48e0-92a9-60fa8908f605,09bc9f45-5b64-48f6-823c-90d1f32a8ac9,mk2166,mk2166,active,rafeeq_product_id,rafeeq,,,2026-08-15T22:24:42Z,2026-08-15T22:24:42Z
70d00ce8-6c9f-4957-a88c-20d11ca1ec72,62a59176-4e99-4c73-ba4e-7808bec7d60d,mk2167,mk2167,active,rafeeq_product_id,rafeeq,,,2026-08-15T22:24:42Z,2026-08-15T22:24:42Z
0a9fb870-1f2f-430a-aaea-0e6ebe2294d4,38e026a2-7ca0-4ba1-993d-4ad10926276a,mk2168,mk2168,active,rafeeq_product_id,rafeeq,,,2026-08-15T22:24:42Z,2026-08-15T22:24:42Z
bdf5168b-3d08-4a1e-94a9-c5b189bd31cb,e4528f4a-5477-4d6e-8c30-fc8a08688bd9,mk2169,mk2169,active,rafeeq_product_id,rafeeq,,,2026-08-15T22:24:42Z,2026-08-15T22:24:42Z
a973f2fd-f79c-4f22-960c-e01f31b57dab,29763243-e56a-4570-9781-4a5b5a2dac7d,mk2170,mk2170,active,rafeeq_product_id,rafeeq,,,2026-08-15T22:24:42Z,2026-08-15T22:24:42Z
e8929edb-dbce-4a80-a128-ac3169eb88fb,4b4586f5-e62c-45cc-9d7c-3a0baf8408bc,mk2171,mk2171,active,rafeeq_product_id,rafeeq,,,2026-08-15T22:24:42Z,2026-08-15T22:24:42Z
54f80b0c-d48b-482b-919f-d25c0db6f98b,83c81d37-f96a-4e2f-a0e4-af8ce908be49,mk2172,mk2172,active,rafeeq_product_id,rafeeq,,,2026-08-15T22:24:42Z,2026-08-15T22:24:42Z
b188d212-c2c8-4901-95cb-5c4938d08413,70e4d602-756d-43fc-9233-751af352bfa5,mk2173,mk2173,active,rafeeq_product_id,rafeeq,,,2026-08-15T22:24:42Z,2026-08-15T22:24:42Z
ee645f78-e0fb-498f-898f-af158d9007cb,3fd31966-eaee-4f7c-8668-25e9a0dde668,mk2174,mk2174,active,rafeeq_product_id,rafeeq,,,2026-08-15T22:24:42Z,2026-08-15T22:24:42Z
6ed4e5ab-e288-4433-9e12-88cb2847e5a2,0ebccb59-d056-449b-aa0b-67dbcb84bb7a,mk2175,mk2175,active,rafeeq_product_id,rafeeq,,,2026-08-15T22:24:42Z,2026-08-15T22:24:42Z
15be210e-5987-4d62-8af0-6d3d01b9e240,9cbea570-a626-4476-933b-687f6727f223,mk2176,mk2176,active,rafeeq_product_id,rafeeq,,,2026-08-15T22:24:42Z,2026-08-15T22:24:42Z
ed4a623d-cdeb-4e42-9ff2-c0e063a5bb2c,571323a4-1f19-4568-a9cf-7c4ddd584b7f,mk2177,mk2177,active,rafeeq_product_id,rafeeq,,,2026-08-15T22:24:42Z,2026-08-15T22:24:42Z
12e337aa-68b0-4bfc-ae78-1b1c6e18d62f,b694ae40-ad90-448b-bec9-0f6987f8b4d3,mk2178,mk2178,active,rafeeq_product_id,rafeeq,,,2026-08-15T22:24:42Z,2026-08-15T22:24:42Z
eb900d46-b967-4966-a8d2-ed5f6b981983,34557609-7816-4eeb-8d94-1a9e22bf3324,mk2179,mk2179,active,rafeeq_product_id,rafeeq,,,2026-08-15T22:24:42Z,2026-08-15T22:24:42Z
c8ce9c50-ceb9-453c-a89a-463b2fe20d51,3c696ba3-0696-408d-9004-d594df003276,mk2180,mk2180,active,rafeeq_product_id,rafeeq,,,2026-08-15T22:24:42Z,2026-08-15T22:24:42Z
7d69b360-cb2f-4543-910b-41764953eaf8,b34a9937-565f-4fb2-a4c1-d55d514c083d,mk2181,mk2181,active,rafeeq_product_id,rafeeq,,,2026-08-15T22:24:42Z,2026-08-15T22:24:42Z
93232fe6-5052-4ea2-8bd3-5de0c51a66a5,24671502-25da-42eb-a848-7f794c1078b4,mk2182,mk2182,active,rafeeq_product_id,rafeeq,,,2026-08-15T22:24:42Z,2026-08-15T22:24:42Z
fa32dfcc-d2b1-4c44-8f8f-bc982e347148,297e65ec-89bb-45fa-a658-a27df15f4d72,mk2183,mk2183,active,rafeeq_product_id,rafeeq,,,2026-08-15T22:24:42Z,2026-08-15T22:24:42Z
5f59723a-0396-4417-afad-23fb24a110d6,52d2874d-26cb-4095-906c-d3640d71dd00,mk2184,mk2184,active,rafeeq_product_id,rafeeq,,,2026-08-15T22:24:42Z,2026-08-15T22:24:42Z
4efb4bc7-e0a3-4866-993b-56915da9a957,87537b2f-623f-490e-b390-3a452ca3049e,mk2185,mk2185,active,rafeeq_product_id,rafeeq,,,2026-08-15T22:24:42Z,2026-08-15T22:24:42Z
ab21cb79-4043-4e9b-b696-b76f79777628,246e042a-b1eb-4da9-a300-e3b871fd89ee,mk2186,mk2186,active,rafeeq_product_id,rafeeq,,,2026-08-15T22:24:42Z,2026-08-15T22:24:42Z
180578e2-c97d-48bb-ad92-ca9687a764b3,1b7f4715-dd6f-4fc2-bd24-6670051a391c,mk2187,mk2187,active,rafeeq_product_id,rafeeq,,,2026-08-15T22:24:42Z,2026-08-15T22:24:42Z
e1344b63-e8a9-43ee-8f2d-a87b05dd4c64,ca246104-b9df-4c2b-847d-9d110bc2f85e,mk2188,mk2188,active,rafeeq_product_id,rafeeq,,,2026-08-15T22:24:42Z,2026-08-15T22:24:42Z
c0f969cc-9299-4e13-92c5-2079c43fad32,b1d5a398-aaf0-4e9d-b0b4-cc3f43355e8e,mk2189,mk2189,active,rafeeq_product_id,rafeeq,,,2026-08-15T22:24:42Z,2026-08-15T22:24:42Z
3feb3e78-0846-4431-9e3f-78f78a627506,1665d634-e2e3-42c3-8a95-acd62f130f9f,mk2190,mk2190,active,rafeeq_product_id,rafeeq,,,2026-08-15T22:24:42Z,2026-08-15T22:24:42Z
5273eb76-018a-4eeb-ae1d-904b68f017a2,002cf3ad-8387-4aef-9a4a-5313b6544e90,mk2191,mk2191,active,rafeeq_product_id,rafeeq,,,2026-08-15T22:24:42Z,2026-08-15T22:24:42Z
e37efed2-e69f-42bf-a023-00c2f28a5f90,c8d43fd3-9528-4105-9787-c0278b25c7f5,mk2192,mk2192,active,rafeeq_product_id,rafeeq,,,2026-08-15T22:24:42Z,2026-08-15T22:24:42Z
2dcb8813-0467-494c-9208-9cc59c8abba4,bcb43a72-5d7b-4219-8a0c-d3e6547fabca,mk2193,mk2193,active,rafeeq_product_id,rafeeq,,,2026-08-15T22:24:42Z,2026-08-15T22:24:42Z
8ea7a4c6-0799-41cd-82ad-8f96129fe50a,92891202-8c0f-425d-8ee9-f2ea9585cc6f,mk2194,mk2194,active,rafeeq_product_id,rafeeq,,,2026-08-15T22:24:42Z,2026-08-15T22:24:42Z
279735d3-64f5-4112-a2d9-9f43c6b5c265,1733d0c3-43c0-4bc2-bd28-def4415c0d07,mk2195,mk2195,active,rafeeq_product_id,rafeeq,,,2026-08-15T22:24:42Z,2026-08-15T22:24:42Z
19ba83d9-5a66-405f-8d14-98052014c896,40f080e4-ccf3-437b-9432-2434ee576567,mk2196,mk2196,active,rafeeq_product_id,rafeeq,,,2026-08-15T22:24:42Z,2026-08-15T22:24:42Z
c5a3d9ca-23bb-43b0-96e1-fd7134894b87,7911ea45-45f9-470e-9f05-044fd123460e,mk2197,mk2197,active,rafeeq_product_id,rafeeq,,,2026-08-15T22:24:42Z,2026-08-15T22:24:42Z
0f2de1e8-8e88-4841-a444-ecb66185a8c9,542c4bc1-dd23-4139-89d1-79893ad2e642,mk2198,mk2198,active,rafeeq_product_id,rafeeq,,,2026-08-15T22:24:42Z,2026-08-15T22:24:42Z
0b7f6f80-d92c-48c0-baa0-95fa599eebe6,e31c47f0-ed0b-4cab-b5c0-dfca47f68970,mk2199,mk2199,active,rafeeq_product_id,rafeeq,,,2026-08-15T22:24:42Z,2026-08-15T22:24:42Z
da8ccc9f-2f2a-4c7a-9977-414f70a35563,c0fbfc69-cf1d-4536-a8d1-f131655dffcd,mk2200,mk2200,active,rafeeq_product_id,rafeeq,,,2026-08-15T22:24:42Z,2026-08-15T22:24:42Z
52e51174-32c8-4aa2-856d-e2a2b426f149,8eba0ba3-5646-4db4-9042-6fba5540fadf,mk2201,mk2201,active,rafeeq_product_id,rafeeq,,,2026-08-15T22:24:42Z,2026-08-15T22:24:42Z
9e994016-3510-4e1a-b29e-1281de30a398,e95771f7-9888-455d-966f-764f25fa1afc,mk2202,mk2202,active,rafeeq_product_id,rafeeq,,,2026-08-15T22:24:42Z,2026-08-15T22:24:42Z
d2f26fdb-9b34-4b09-a77a-f55ee9cf6437,8dd8ead9-5975-4cac-91df-40ea5b854c3c,mk2203,mk2203,active,rafeeq_product_id,rafeeq,,,2026-08-15T22:24:42Z,2026-08-15T22:24:42Z
0d81a236-40ff-480b-851b-e1266294907d,0e1795c1-0e87-4f7a-9ffc-4a9da99adc0d,mk2204,mk2204,active,rafeeq_product_id,rafeeq,,,2026-08-15T22:24:42Z,2026-08-15T22:24:42Z
103c780b-9f57-41f3-a6a5-f7481edf5b28,199f0c8b-8177-487d-8734-4b9bd7af68da,mk2205,mk2205,active,rafeeq_product_id,rafeeq,,,2026-08-15T22:24:42Z,2026-08-15T22:24:42Z
0ed87077-1d60-485b-9522-cf56a1810ff6,5ad45fb2-a8b2-46cf-b1e7-56f114a4fec1,mk2206,mk2206,active,rafeeq_product_id,rafeeq,,,2026-08-15T22:24:42Z,2026-08-15T22:24:42Z
5342de8f-4c09-4e08-8c6f-0bb9220cb4c4,f4d2fa9f-7079-448a-892f-19dc97bc5a05,mk2207,mk2207,active,rafeeq_product_id,rafeeq,,,2026-08-15T22:24:42Z,2026-08-15T22:24:42Z
201a8a0d-386d-477a-8949-10cb0636999f,61984130-3272-4491-bae0-3dcbe464485e,mk2208,mk2208,active,rafeeq_product_id,rafeeq,,,2026-08-15T22:24:42Z,2026-08-15T22:24:42Z
72d61e6b-ad68-4c9c-b8fc-80b0ecea6ed8,39dadb4a-8a40-4354-98ce-b9c46de7f6f0,mk2209,mk2209,active,rafeeq_product_id,rafeeq,,,2026-08-15T22:24:42Z,2026-08-15T22:24:42Z
2d9d830b-096a-4f9f-89eb-ac579f37afb4,e0bc46ef-927f-4e08-a477-fead30f6defa,mk2210,mk2210,active,rafeeq_product_id,rafeeq,,,2026-08-15T22:24:42Z,2026-08-15T22:24:42Z
3582c484-1734-438a-8b5f-257d171a6511,1e0fd5c2-3dc7-4032-b1b9-7926506590c7,mk2211,mk2211,active,rafeeq_product_id,rafeeq,,,2026-08-15T22:24:42Z,2026-08-15T22:24:42Z
40d6c1c3-9442-47d9-8e25-694466be1976,63ed47d1-06b5-493b-bb39-7f340a670e97,mk2212,mk2212,active,rafeeq_product_id,rafeeq,,,2026-08-15T22:24:42Z,2026-08-15T22:24:42Z
d539304b-bd88-4805-9fa5-d51804f8200a,8db56366-e20c-4e53-89c4-b2bdc7acad84,mk2213,mk2213,active,rafeeq_product_id,rafeeq,,,2026-08-15T22:24:42Z,2026-08-15T22:24:42Z
1c96f5a9-d3c8-4061-b425-54d25570fc7f,59e39cc7-64df-4d35-a32c-1ff419f4ffac,mk2214,mk2214,active,rafeeq_product_id,rafeeq,,,2026-08-15T22:24:42Z,2026-08-15T22:24:42Z
110c03b3-51d8-4e57-96b6-5d8c743d7ec7,b5d3ca00-43b4-43b3-a44d-80a074cd1f7d,mk2215,mk2215,active,rafeeq_product_id,rafeeq,,,2026-08-15T22:24:42Z,2026-08-15T22:24:42Z
a08d1d24-85d0-42ff-8cd4-436f5d183347,21cfbe9f-4bf3-40bf-a407-8d4f583b0bb1,mk2216,mk2216,active,rafeeq_product_id,rafeeq,,,2026-08-15T22:24:42Z,2026-08-15T22:24:42Z
38c905c2-8193-4b97-8b81-1cca8368bd8c,c496149d-0ab2-4b80-8aa1-24e346afc93d,mk2217,mk2217,active,rafeeq_product_id,rafeeq,,,2026-08-15T22:24:42Z,2026-08-15T22:24:42Z
dc2be2f0-4d0b-446b-89e7-9c84d9976182,9b13bb4f-9e93-4cc1-929a-4ef80db97b2c,mk2218,mk2218,active,rafeeq_product_id,rafeeq,,,2026-08-15T22:24:42Z,2026-08-15T22:24:42Z
bf50dd76-fce7-4a8e-8548-3c23ec0dd869,beb4a010-8ecb-415e-966b-0cbd75868683,mk2219,mk2219,active,rafeeq_product_id,rafeeq,,,2026-08-15T22:24:42Z,2026-08-15T22:24:42Z
e5d4d31a-ac25-4a0d-83b7-70217220a8a3,a29ed046-dc96-4226-a4bd-730b3797cc22,mk2220,mk2220,active,rafeeq_product_id,rafeeq,,,2026-08-15T22:24:42Z,2026-08-15T22:24:42Z
3d42eaf6-56b7-4d4e-8d35-07a799463527,4d4daecc-7a94-4c75-909e-7dcff584d847,mk2221,mk2221,active,rafeeq_product_id,rafeeq,,,2026-08-15T22:24:42Z,2026-08-15T22:24:42Z
53f6222c-1b6b-494d-b148-73cdad2ea47e,54f0c7cb-9f43-4529-b0a1-7a0e106b33d4,mk2222,mk2222,active,rafeeq_product_id,rafeeq,,,2026-08-15T22:24:42Z,2026-08-15T22:24:42Z
f5b37713-fe25-4c20-ae28-6451a52805ed,b3562744-fe19-40bd-97c8-5f9524d60572,mk2223,mk2223,active,rafeeq_product_id,rafeeq,,,2026-08-15T22:24:42Z,2026-08-15T22:24:42Z
c267f595-f4fe-41fc-a9c2-5d0d06d8998c,a79d771f-34ea-48a6-89ac-5cdf076a5e65,mk2224,mk2224,active,rafeeq_product_id,rafeeq,,,2026-08-15T22:24:42Z,2026-08-15T22:24:42Z
7511d6d1-d501-4289-9763-d534fc37b07b,ba32ea32-e633-40d0-957a-78016c188896,mk2225,mk2225,active,rafeeq_product_id,rafeeq,,,2026-08-15T22:24:42Z,2026-08-15T22:24:42Z
4ab606e5-1b57-4d04-8a8f-1b9ae0485755,b17fa413-f532-473a-a095-1d45aa9cabe3,mk2226,mk2226,active,rafeeq_product_id,rafeeq,,,2026-08-15T22:24:42Z,2026-08-15T22:24:42Z
218f5457-ddb6-4e4c-abbc-884ba8e2982a,0f11dc6a-cba8-420f-a7cf-a46e262057e1,mk2227,mk2227,active,rafeeq_product_id,rafeeq,,,2026-08-15T22:24:42Z,2026-08-15T22:24:42Z
7ad7966a-7ba7-4561-8c4d-1575a5f05dd1,0b25d428-6b90-41bb-b428-5df70697b33f,mk2229,mk2229,active,rafeeq_product_id,rafeeq,,,2026-08-15T22:24:42Z,2026-08-15T22:24:42Z
e3362e14-60d7-4852-9154-e90c7d5e04d6,a5150257-918c-4488-87a4-20df75e781bd,mk2230,mk2230,active,rafeeq_product_id,rafeeq,,,2026-08-15T22:24:42Z,2026-08-15T22:24:42Z
54279371-059c-4e0a-acca-5282656b9850,285208d8-793f-45a8-94fa-1320af726267,mk2231,mk2231,active,rafeeq_product_id,rafeeq,,,2026-08-15T22:24:42Z,2026-08-15T22:24:42Z
2ec612ee-962f-4332-a6b0-430ce8aa3e7c,8865af3d-4d44-4877-bd75-26a7c014ef62,mk850,691300937,active,rafeeq_product_id,rafeeq,,,2026-08-15T22:24:42Z,2026-08-15T22:24:42Z
79b4a0e6-aedc-4cb7-af56-a8c25b0c9085,12939a1c-b840-47db-af18-2fb7ded2592b,mk851,695343081,active,rafeeq_product_id,rafeeq,,,2026-08-15T22:24:42Z,2026-08-15T22:24:42Z
a608b99e-98ab-4004-ade0-4e8b4816064f,4d516b9e-a6e3-480d-b331-cabf0b5b2398,mk852,695343080,active,rafeeq_product_id,rafeeq,,,2026-08-15T22:24:42Z,2026-08-15T22:24:42Z
9c054e00-11a7-4e2c-95bb-f68439dfe936,fb3835f9-b382-420b-8775-3ea596077244,mk853,695343077,active,rafeeq_product_id,rafeeq,,,2026-08-15T22:24:42Z,2026-08-15T22:24:42Z
9b22f6f0-7098-4d5c-ae0d-ba73530404a0,59064d22-43f0-4970-8ebf-6d7ee3fd0cff,mk854,695343075,active,rafeeq_product_id,rafeeq,,,2026-08-15T22:24:42Z,2026-08-15T22:24:42Z
8676230e-9bab-4344-8f4f-297fcd35095d,b742902c-0a01-43ef-88d7-99c2a26c4f2d,mk855,695343074,active,rafeeq_product_id,rafeeq,,,2026-08-15T22:24:42Z,2026-08-15T22:24:42Z
cea7b613-edeb-4f2d-ae95-f16741e79df1,bdcbc1ce-996c-4de6-ad4a-55a12d37f6fa,mk856,695343073,active,rafeeq_product_id,rafeeq,,,2026-08-15T22:24:42Z,2026-08-15T22:24:42Z
590b43b6-8ee5-4a8d-9e44-65bf7fb8e7fb,e1318afe-255b-4b47-bb0f-4441a0a9215c,mk857,695343072,active,rafeeq_product_id,rafeeq,,,2026-08-15T22:24:42Z,2026-08-15T22:24:42Z
07d76a43-edb5-4d56-8d29-0434599481cb,4ffd091f-575f-4a52-b472-7a315dcf8199,mk858,695343071,active,rafeeq_product_id,rafeeq,,,2026-08-15T22:24:42Z,2026-08-15T22:24:42Z
b72c2041-bdb8-437f-81f5-071f2e39b049,375eead8-ee70-4022-a2cd-10788ef60970,mk859,695343070,active,rafeeq_product_id,rafeeq,,,2026-08-15T22:24:42Z,2026-08-15T22:24:42Z
40f77e2d-a64c-49e5-aee2-6e71df9a4c65,7e1d9f9a-cec2-409e-9a63-3dcc444845ef,mk860,695343069,active,rafeeq_product_id,rafeeq,,,2026-08-15T22:24:42Z,2026-08-15T22:24:42Z
6c8053bd-dfb6-4eae-9bc8-53ec8eed697f,779f8330-b3fc-4609-b7f3-0a37acb9ee97,mk861,695343067,active,rafeeq_product_id,rafeeq,,,2026-08-15T22:24:42Z,2026-08-15T22:24:42Z
67deb8f3-f8a2-464b-9906-90ff60f53db4,8eb35661-b9af-4262-afba-2212011b7124,mk862,695343057,active,rafeeq_product_id,rafeeq,,,2026-08-15T22:24:42Z,2026-08-15T22:24:42Z
7586562b-019a-4623-b566-6722ebae3802,bb188c5b-915c-47e6-b12e-19b232989c57,mk863,695343055,active,rafeeq_product_id,rafeeq,,,2026-08-15T22:24:42Z,2026-08-15T22:24:42Z
df9366a8-08a2-496f-a7fe-3416870f83fc,eea656ec-a1a7-432d-b942-11961d5ff8ae,mk864,695343054,active,rafeeq_product_id,rafeeq,,,2026-08-15T22:24:42Z,2026-08-15T22:24:42Z
109b4b26-750f-4310-9263-83588d9bcb90,cbc7a718-a44a-4e23-aabd-d74eab88ff03,mk865,mk865,active,rafeeq_product_id,rafeeq,,,2026-08-15T22:24:42Z,2026-08-15T22:24:42Z
f2c30cd2-20f2-4f7c-a922-0a1f95150010,4c26713a-941b-47ff-9548-e0da86ea73a8,mk866,mk866,active,rafeeq_product_id,rafeeq,,,2026-08-15T22:24:42Z,2026-08-15T22:24:42Z
5af43957-aed9-421d-a529-086a1a3debbc,372b3fd9-a9c4-409b-a794-3f9a85789c8f,mk867,mk867,active,rafeeq_product_id,rafeeq,,,2026-08-15T22:24:42Z,2026-08-15T22:24:42Z
8753c892-47b1-40f2-833f-d0e984f88ecb,ae40d1d3-8523-47d0-9e26-779d742add57,mk868,695343051,active,rafeeq_product_id,rafeeq,,,2026-08-15T22:24:42Z,2026-08-15T22:24:42Z
8c948f89-ef11-4587-80f8-6323788a5bf5,5b09ff0b-38a5-4462-9812-acef9a4bf818,mk869,mk869,active,rafeeq_product_id,rafeeq,,,2026-08-15T22:24:42Z,2026-08-15T22:24:42Z
0486d6f3-ac10-48f7-8afc-183123d2e51f,e5687365-f03f-42f6-a47c-e31fefa31009,mk870,695343050,active,rafeeq_product_id,rafeeq,,,2026-08-15T22:24:42Z,2026-08-15T22:24:42Z
0022cfae-aea4-4d00-a092-6dff7bf70630,0f0a379d-ac28-440f-9260-42b5a7fc258c,mk871,695343048,active,rafeeq_product_id,rafeeq,,,2026-08-15T22:24:42Z,2026-08-15T22:24:42Z
80847dd5-277d-4a6f-bcf1-0ae127844ad0,dd7a3bdb-b09e-4958-bf98-905c4058374d,mk872,695343045,active,rafeeq_product_id,rafeeq,,,2026-08-15T22:24:42Z,2026-08-15T22:24:42Z
01210f2f-8363-42f2-b2c5-4c00eaab294f,d6ca2a3d-5a2b-47f3-8db5-e5e1a951a4ca,mk873,695343044,active,rafeeq_product_id,rafeeq,,,2026-08-15T22:24:42Z,2026-08-15T22:24:42Z
4fd84cee-8d29-43f6-bd0c-1d1c7b1793d2,1388455d-dc42-406d-8af5-404cacd96c23,mk874,695343043,active,rafeeq_product_id,rafeeq,,,2026-08-15T22:24:42Z,2026-08-15T22:24:42Z
fc03d92a-8e77-4be1-8bc6-fdd323667ded,b7d268e5-8c9e-47d2-9ab5-9950a0878fcd,mk875,695343042,active,rafeeq_product_id,rafeeq,,,2026-08-15T22:24:42Z,2026-08-15T22:24:42Z
2088d174-d118-4294-8a65-f3963e16284f,0a6d521f-9958-445f-983b-1e02af6c0d7d,mk876,695343041,active,rafeeq_product_id,rafeeq,,,2026-08-15T22:24:42Z,2026-08-15T22:24:42Z
90fc632e-98bc-4b09-8b4d-7130ce028d9f,52e4a692-3c46-4e65-8906-8a77373ea3c1,mk877,695343040,active,rafeeq_product_id,rafeeq,,,2026-08-15T22:24:42Z,2026-08-15T22:24:42Z
04876ee6-bae6-460c-b17a-5cdd548cdd05,0cc616e2-db28-42c5-802d-552448a803b5,mk879,695343038,active,rafeeq_product_id,rafeeq,,,2026-08-15T22:24:42Z,2026-08-15T22:24:42Z
c6fe07da-82fa-4027-8616-11df01c1d1d5,dc856d42-a0eb-4f29-888a-a774ac1012bc,mk880,695343037,active,rafeeq_product_id,rafeeq,,,2026-08-15T22:24:42Z,2026-08-15T22:24:42Z
2ff5e654-e73c-4d04-96cb-2ec98f1e9381,c3b02db3-f845-469a-be3f-6c3b5965bfd1,mk881,695343036,active,rafeeq_product_id,rafeeq,,,2026-08-15T22:24:42Z,2026-08-15T22:24:42Z
6a641f3a-77ed-48a7-8ce3-1d732c7b539c,d380daa4-5a57-4d8c-a2a1-4c8b2f454e1b,mk882,695343035,active,rafeeq_product_id,rafeeq,,,2026-08-15T22:24:42Z,2026-08-15T22:24:42Z
23d14cd2-eda7-4ee8-a8aa-eec1ee9b954a,96567beb-b1be-4b5e-891f-9b09ca44c83b,mk883,695343034,active,rafeeq_product_id,rafeeq,,,2026-08-15T22:24:42Z,2026-08-15T22:24:42Z
b4a291ef-75c2-47d8-abd5-27168b933aa9,0bba3d3b-845f-4f27-a40f-28440c771474,mk884,695343033,active,rafeeq_product_id,rafeeq,,,2026-08-15T22:24:42Z,2026-08-15T22:24:42Z
29d002b2-4124-4445-b449-d4bf453bfc3b,d5cb6841-d76f-431a-bdba-d8a104a0be4a,mk885,695343032,active,rafeeq_product_id,rafeeq,,,2026-08-15T22:24:42Z,2026-08-15T22:24:42Z
8f038e08-ba7a-4dd1-b3a2-f9f515ac169c,8e03daed-d22a-4890-9cba-0a523686884c,mk886,695343031,active,rafeeq_product_id,rafeeq,,,2026-08-15T22:24:42Z,2026-08-15T22:24:42Z
c3984cdf-155e-46c9-9957-801a4f18d29e,c0be5374-55d6-4732-86e2-eb62d375ee46,mk887,695343030,active,rafeeq_product_id,rafeeq,,,2026-08-15T22:24:42Z,2026-08-15T22:24:42Z
ca88deed-318b-4822-9442-9f4e6f96c195,fa5c11bd-94cc-4ff7-9107-31172e8688c2,mk888,695343029,active,rafeeq_product_id,rafeeq,,,2026-08-15T22:24:42Z,2026-08-15T22:24:42Z
02c4cc61-c769-4af6-9fe5-e22d645dac94,4e1510d7-7d51-4487-91fc-c212a3ceb5a3,mk889,695343028,active,rafeeq_product_id,rafeeq,,,2026-08-15T22:24:42Z,2026-08-15T22:24:42Z
daa94ac7-289d-4d95-b3bf-85f22e7f657f,932acf8d-4e0a-415b-ac83-dcaa9fbfeb77,mk890,695343027,active,rafeeq_product_id,rafeeq,,,2026-08-15T22:24:42Z,2026-08-15T22:24:42Z
10c961b4-16b9-4cd6-9bc0-1607e71d3382,1464d754-1a52-45e6-8590-463d4e1a9631,mk891,695343026,active,rafeeq_product_id,rafeeq,,,2026-08-15T22:24:42Z,2026-08-15T22:24:42Z
705f9c7e-b0e0-4649-8bf2-00c9ca6dbda5,fd95f0fc-50ab-4a34-91fd-5053305154b2,mk892,695343025,active,rafeeq_product_id,rafeeq,,,2026-08-15T22:24:42Z,2026-08-15T22:24:42Z
12568899-c4de-4825-9e20-cbd0a8ac5636,131a4e1c-3602-47fd-880a-adcde62dccf0,mk893,695343024,active,rafeeq_product_id,rafeeq,,,2026-08-15T22:24:42Z,2026-08-15T22:24:42Z
93fc41c0-2fdd-4b4f-af2d-f25e8255a81b,e06f32e9-1cec-49f9-af88-083577a3958e,mk894,695343023,active,rafeeq_product_id,rafeeq,,,2026-08-15T22:24:42Z,2026-08-15T22:24:42Z
6e563747-84e5-4d86-a1dd-2eda629e9c33,250a055e-0af0-4836-9af8-9182aeabfd35,mk895,695343022,active,rafeeq_product_id,rafeeq,,,2026-08-15T22:24:42Z,2026-08-15T22:24:42Z
cdb9e30e-1166-421b-987b-84d4c1d7f79b,76c4e506-5d91-4346-a6e4-a7d9ae52f0e3,mk896,695342533,active,rafeeq_product_id,rafeeq,,,2026-08-15T22:24:42Z,2026-08-15T22:24:42Z
c5b80d10-0fdd-4fb5-b06a-98b88a685ce4,deaa547f-8d41-41d2-be7c-62158a0c5b96,mk897,mk897,active,rafeeq_product_id,rafeeq,,,2026-08-15T22:24:42Z,2026-08-15T22:24:42Z
434f3e74-413f-4ae3-a08c-64e78692a4d0,2b830af9-3413-4284-bfcf-fcc9d81dfea8,mk898,,needs_review,rafeeq_product_id,rafeeq,,,2026-08-15T22:24:42Z,2026-08-15T22:24:42Z
3bba2f3f-0bc3-4fda-a4a8-80983ddb8023,dbab1aaa-12ff-4f9b-9b24-82316b10fc51,mk899,695342531,active,rafeeq_product_id,rafeeq,,,2026-08-15T22:24:42Z,2026-08-15T22:24:42Z
091a6cb5-7304-483d-afee-8699f232c66a,6a3a6ed6-f7f8-4520-aab8-daf1c2565e51,mk900,,needs_review,rafeeq_product_id,rafeeq,,,2026-08-15T22:24:42Z,2026-08-15T22:24:42Z
9827683f-c7bb-4845-a9a2-c288a5d3b70a,0328bb35-6f1a-450f-9ce6-7c64ae1eb3cc,mk901,694928314,active,rafeeq_product_id,rafeeq,,,2026-08-15T22:24:42Z,2026-08-15T22:24:42Z
812851b8-0803-4751-acdd-cf998971b0ec,6a6d2cc0-4c55-4c38-88d2-088869c46039,mk902,694928313,active,rafeeq_product_id,rafeeq,,,2026-08-15T22:24:42Z,2026-08-15T22:24:42Z
1611146a-d9b4-4414-b04f-16af2b0141ee,c19f96a6-f0fd-416c-a371-e2cbc791ed0b,mk903,mk903,active,rafeeq_product_id,rafeeq,,,2026-08-15T22:24:42Z,2026-08-15T22:24:42Z
ba3f0b19-9595-4f9a-ba9e-770913a74e2e,f3d0e8c6-cd02-41c4-9867-97aa2183fc4e,mk904,694928312,active,rafeeq_product_id,rafeeq,,,2026-08-15T22:24:42Z,2026-08-15T22:24:42Z
96098f22-47cb-49a6-9ba9-81096ba604a4,fb8c8e1e-5e64-4841-9eae-4e92de88d414,mk905,mk905,active,rafeeq_product_id,rafeeq,,,2026-08-15T22:24:42Z,2026-08-15T22:24:42Z
85d474f9-757e-4277-b8d7-f50900b693e3,1aec61ae-d8cb-47a6-9885-a676fc2425db,mk906,694840744,active,rafeeq_product_id,rafeeq,,,2026-08-15T22:24:42Z,2026-08-15T22:24:42Z
a5db9e40-02f4-4249-b383-8eca58efaf9d,3243b211-0c3a-4915-9603-751b9f00060e,mk907,mk907,active,rafeeq_product_id,rafeeq,,,2026-08-15T22:24:42Z,2026-08-15T22:24:42Z
4dd3b95f-3785-4037-b7c5-2b5218afda17,c9e382aa-24f4-4964-b62e-7acc44bc6db4,mk908,694840743,active,rafeeq_product_id,rafeeq,,,2026-08-15T22:24:42Z,2026-08-15T22:24:42Z
519d0a9c-6379-41f8-b942-5ff963ca96f5,b47405b4-65f6-4fac-8602-7ccbc44751db,mk909,694840742,active,rafeeq_product_id,rafeeq,,,2026-08-15T22:24:42Z,2026-08-15T22:24:42Z
e08a52a5-e884-4c51-b0ab-2802752d49e4,63452063-8e79-4b4c-bd13-4bbbe7fb4a21,mk910,mk910,active,rafeeq_product_id,rafeeq,,,2026-08-15T22:24:42Z,2026-08-15T22:24:42Z
4db421ac-c6be-4a64-ac8e-0b2569d0fbfc,4bf25857-1d16-40d2-a038-2888de685a68,mk911,694840741,active,rafeeq_product_id,rafeeq,,,2026-08-15T22:24:42Z,2026-08-15T22:24:42Z
2b72137c-31a4-457d-b459-927e53fba77d,140e3b5a-1485-4a03-bbff-e6ce1333765b,mk912,mk912,active,rafeeq_product_id,rafeeq,,,2026-08-15T22:24:42Z,2026-08-15T22:24:42Z
b02a7b09-d038-4a01-a378-7555f79e41e3,7d2454af-d819-49a0-8554-e0ffe1e1b7af,mk913,mk913,active,rafeeq_product_id,rafeeq,,,2026-08-15T22:24:42Z,2026-08-15T22:24:42Z
a9ff457f-f394-499e-ae02-733d39fe13dc,1bd9ac9a-a80d-4feb-a794-266ca648cb8f,mk914,mk914,active,rafeeq_product_id,rafeeq,,,2026-08-15T22:24:42Z,2026-08-15T22:24:42Z
f200ae3f-b0a4-4ac3-aeb4-77b236a81c8e,98779ac2-f877-478a-800f-4c71523155c8,mk915,mk915,active,rafeeq_product_id,rafeeq,,,2026-08-15T22:24:42Z,2026-08-15T22:24:42Z
d25474e8-62c9-4fac-a145-56612f165b66,3a5ae987-0388-4b4f-9a12-91138794a0ec,mk916,mk916,active,rafeeq_product_id,rafeeq,,,2026-08-15T22:24:42Z,2026-08-15T22:24:42Z
afbb50ae-09f0-4b74-805d-b9b0b471c318,0b607f49-2c48-4b73-8fec-a9b2c4937e62,mk917,mk917,active,rafeeq_product_id,rafeeq,,,2026-08-15T22:24:42Z,2026-08-15T22:24:42Z
f7a80ea7-5d40-4f30-b041-a8884ccf218c,e9150ea6-2997-4b0e-b234-48dbc0519275,mk918,mk918,active,rafeeq_product_id,rafeeq,,,2026-08-15T22:24:42Z,2026-08-15T22:24:42Z
c04b3644-78ae-44a7-8341-96997de40fd3,80cf6f72-178d-4b5b-8643-8652271d081f,mk919,mk919,active,rafeeq_product_id,rafeeq,,,2026-08-15T22:24:42Z,2026-08-15T22:24:42Z
088098be-bdc7-4108-bd99-57ccd4c7cbb5,410ff9d8-3f5a-4fc8-b05b-67c83ebf10a3,mk920,mk920,active,rafeeq_product_id,rafeeq,,,2026-08-15T22:24:42Z,2026-08-15T22:24:42Z
08fb6ae0-8520-42b9-80b0-0bdca440ca47,632f72a1-c97c-4a18-a7df-7ae52d3887d9,mk921,mk921,active,rafeeq_product_id,rafeeq,,,2026-08-15T22:24:42Z,2026-08-15T22:24:42Z
60ac0c51-82bd-41ee-9283-7e879984a0ab,c349f5b3-d429-44c4-a987-42a59eccd911,mk922,mk922,active,rafeeq_product_id,rafeeq,,,2026-08-15T22:24:42Z,2026-08-15T22:24:42Z
99730070-aa29-4ca7-b821-4b2f80bc13b2,6d88805b-875c-4931-a5e8-98223b0d8e68,mk923,mk923,active,rafeeq_product_id,rafeeq,,,2026-08-15T22:24:42Z,2026-08-15T22:24:42Z
0f7c3c9f-3fba-4465-b0ed-e7b45f30d3ba,868342a7-1aea-4904-9a5e-d30d042a066a,mk924,mk924,active,rafeeq_product_id,rafeeq,,,2026-08-15T22:24:42Z,2026-08-15T22:24:42Z
7099bd2b-e568-4dd3-b564-4bf531e1a472,e5784345-f137-46f3-a609-44a9e3a8e0e6,mk925,mk925,active,rafeeq_product_id,rafeeq,,,2026-08-15T22:24:42Z,2026-08-15T22:24:42Z
997842f3-4042-4589-a0b5-b0b1017a3743,36c7c175-85cd-4bec-8fec-902e6f9a4f1d,mk926,mk926,active,rafeeq_product_id,rafeeq,,,2026-08-15T22:24:42Z,2026-08-15T22:24:42Z
cf7740dd-4d37-4707-ac32-6cd73fadc09b,afae5f38-d6ce-41ea-b37e-48e4429c21dc,mk927,mk927,active,rafeeq_product_id,rafeeq,,,2026-08-15T22:24:42Z,2026-08-15T22:24:42Z
935b2641-2878-4083-9462-0f4ef1fb1679,f79ca579-098a-436c-8395-3136e330e906,mk928,mk928,active,rafeeq_product_id,rafeeq,,,2026-08-15T22:24:42Z,2026-08-15T22:24:42Z
ec41e860-6c78-4c12-9156-124a26db544f,6920e379-d6dd-4148-9641-fe575da7d59a,mk929,mk929,active,rafeeq_product_id,rafeeq,,,2026-08-15T22:24:42Z,2026-08-15T22:24:42Z
54929865-c934-4910-b951-9401859a8f63,d39aa36b-b25e-4531-9a7e-dffea020ca0a,mk930,mk930,active,rafeeq_product_id,rafeeq,,,2026-08-15T22:24:42Z,2026-08-15T22:24:42Z
a36b4afa-8fbd-487f-8c43-ed535daa6aaf,ff0ee174-a9e5-4956-98fb-89a7fbd5be99,mk932,mk932,active,rafeeq_product_id,rafeeq,,,2026-08-15T22:24:42Z,2026-08-15T22:24:42Z
970330dd-b775-4914-87f0-c1696985307f,3aa0b9ef-4685-49a0-80d3-329487b6c085,mk933,mk933,active,rafeeq_product_id,rafeeq,,,2026-08-15T22:24:42Z,2026-08-15T22:24:42Z
faa04f23-1453-4166-abdb-75a4e16c9224,81d2f4ce-9cb8-42da-9461-9f26562119e9,mk934,mk934,active,rafeeq_product_id,rafeeq,,,2026-08-15T22:24:42Z,2026-08-15T22:24:42Z
df4e26ac-c4ed-4d35-8ea2-9feabd3a804e,40704016-40a9-44e5-a1da-4efd42a83a5f,mk935,mk935,active,rafeeq_product_id,rafeeq,,,2026-08-15T22:24:42Z,2026-08-15T22:24:42Z
140b031a-9427-4b23-b3eb-b7064a9754e0,7239d424-f3fb-4bc6-92dc-88342f087295,mk936,mk936,active,rafeeq_product_id,rafeeq,,,2026-08-15T22:24:42Z,2026-08-15T22:24:42Z
f9d75e10-4d17-4955-b480-40845366161e,576722bb-d190-4f7f-bf5a-ed5ae262ee27,mk937,mk937,active,rafeeq_product_id,rafeeq,,,2026-08-15T22:24:42Z,2026-08-15T22:24:42Z
5b3c5376-30a5-4430-8114-6334c2712710,c880223d-1a30-403f-963c-0d13786510b3,mk938,mk938,active,rafeeq_product_id,rafeeq,,,2026-08-15T22:24:42Z,2026-08-15T22:24:42Z
f4537ded-39e4-4f92-9394-870dabfd24e9,b97d04e0-d1f2-4a39-ad89-4f7aab798dc1,mk939,mk939,active,rafeeq_product_id,rafeeq,,,2026-08-15T22:24:42Z,2026-08-15T22:24:42Z
25439bae-8610-4427-9a8e-b5b5a21e21ef,c3196a15-2bc1-4d90-bc62-c5f142769cac,mk940,mk940,active,rafeeq_product_id,rafeeq,,,2026-08-15T22:24:42Z,2026-08-15T22:24:42Z
ffbe6b56-b704-4acc-918d-da2575b38c37,c67f5ea4-f887-4a8b-86b8-4f5d401c7338,mk941,mk941,active,rafeeq_product_id,rafeeq,,,2026-08-15T22:24:42Z,2026-08-15T22:24:42Z
df43b42c-ea51-4e73-81f8-c28686aa4e11,93a89691-151a-460d-bd5e-9defde49d751,mk942,mk942,active,rafeeq_product_id,rafeeq,,,2026-08-15T22:24:42Z,2026-08-15T22:24:42Z
84371aee-cf09-4312-a33c-eb3942eeb097,273c6773-f33b-44bb-80d1-7159cbabe636,mk943,mk943,active,rafeeq_product_id,rafeeq,,,2026-08-15T22:24:42Z,2026-08-15T22:24:42Z
8d2143ea-7e9c-44bf-b26f-c2bcdcfba500,8c417959-11dc-4c9e-9e35-aae7fd09efe7,mk944,mk944,active,rafeeq_product_id,rafeeq,,,2026-08-15T22:24:42Z,2026-08-15T22:24:42Z
08898f84-e0a0-4763-a4e0-99089c5936d6,1bf08811-12e8-45bb-82d1-2513ac20e902,mk945,mk945,active,rafeeq_product_id,rafeeq,,,2026-08-15T22:24:42Z,2026-08-15T22:24:42Z
667024bd-611c-4773-bd5f-cc03590c1194,98549840-c037-44ec-ac10-9454248f6604,mk946,mk946,active,rafeeq_product_id,rafeeq,,,2026-08-15T22:24:42Z,2026-08-15T22:24:42Z
4648e3c4-4fd7-4df5-a83e-4d7bb74233c3,7308e74e-09a9-46a7-ac74-25b0bcec847f,mk947,mk947,active,rafeeq_product_id,rafeeq,,,2026-08-15T22:24:42Z,2026-08-15T22:24:42Z
3a7aa698-27b8-45e9-9e8a-82fe4b910291,f8e02c65-24c9-4711-bd58-fa666a5f2434,mk948,mk948,active,rafeeq_product_id,rafeeq,,,2026-08-15T22:24:42Z,2026-08-15T22:24:42Z
266b5a12-0ebf-41b8-866b-7e32756d8bcc,6019a4e9-9f76-460b-b69f-d1d56f0713df,mk949,mk949,active,rafeeq_product_id,rafeeq,,,2026-08-15T22:24:42Z,2026-08-15T22:24:42Z
ddd7cd9a-21e5-4a2f-9531-c944174717cd,e93ad7a1-f7f7-4aa7-8f33-5844532fe68f,mk950,mk950,active,rafeeq_product_id,rafeeq,,,2026-08-15T22:24:42Z,2026-08-15T22:24:42Z
695af16b-be80-4158-9828-1bb2ebf6136d,ac4467f0-f397-4d97-8904-a52dd7d67dd9,mk951,mk951,active,rafeeq_product_id,rafeeq,,,2026-08-15T22:24:42Z,2026-08-15T22:24:42Z
b5b6778a-a787-41b6-a85a-8eef23198dc1,d2dc93ca-d86a-45e3-ad03-5ddf3802d43f,mk952,mk952,active,rafeeq_product_id,rafeeq,,,2026-08-15T22:24:42Z,2026-08-15T22:24:42Z
44317c52-3674-4326-b543-593f733f0f01,937028d6-411a-4a65-9c5f-292f2113fc15,mk953,mk953,active,rafeeq_product_id,rafeeq,,,2026-08-15T22:24:42Z,2026-08-15T22:24:42Z
0f281a84-0fc7-45f4-8179-ff681e377c00,0f8e3ee4-c9d3-4302-a7e8-e0e405fe14e9,mk954,mk954,active,rafeeq_product_id,rafeeq,,,2026-08-15T22:24:42Z,2026-08-15T22:24:42Z
606e53ca-1800-4628-b9f4-7193e49dedbd,4742d655-511a-481a-9931-9d6e16c63d56,mk955,mk955,active,rafeeq_product_id,rafeeq,,,2026-08-15T22:24:42Z,2026-08-15T22:24:42Z
85e231d7-3423-427e-82f8-02214edec526,22be17f0-b0eb-42a0-9727-72ed2549801d,mk956,mk956,active,rafeeq_product_id,rafeeq,,,2026-08-15T22:24:42Z,2026-08-15T22:24:42Z
22540a2b-1860-4de1-89e4-541805a5b66c,b057a666-bd63-4b2d-add6-79e1d2998586,mk957,694840739,active,rafeeq_product_id,rafeeq,,,2026-08-15T22:24:42Z,2026-08-15T22:24:42Z
0d557465-fe62-46ae-a0af-d171961aa3e7,2c536d70-00b8-4601-a40c-3b27be0adad2,mk958,694840738,active,rafeeq_product_id,rafeeq,,,2026-08-15T22:24:42Z,2026-08-15T22:24:42Z
6e87ddce-5f6f-453f-b7d5-46c7d046cc64,e3164f9b-7561-4720-bf6d-b6f55bc991f1,mk959,694840737,active,rafeeq_product_id,rafeeq,,,2026-08-15T22:24:42Z,2026-08-15T22:24:42Z
cf302fe9-956a-4c8b-b166-021e171f38ed,3515cbe9-5f6d-4223-89f1-7fb7ca1a7120,mk960,mk960,active,rafeeq_product_id,rafeeq,,,2026-08-15T22:24:42Z,2026-08-15T22:24:42Z
705f8832-263c-4f92-a432-dfc11953e76c,6cf56a14-cc28-45ab-8a8c-334445e2b406,mk961,mk961,active,rafeeq_product_id,rafeeq,,,2026-08-15T22:24:42Z,2026-08-15T22:24:42Z
29a1215f-aaa7-49fd-bb47-9c7bfca9732f,f7d73871-af8b-4b05-9618-c0f0a3d3cc77,mk962,mk962,active,rafeeq_product_id,rafeeq,,,2026-08-15T22:24:42Z,2026-08-15T22:24:42Z
9c54b72a-55a8-44f4-beb8-28ecc30c41c8,412cae0e-0679-4026-9318-ad4c5a863faf,mk963,694795450,active,rafeeq_product_id,rafeeq,,,2026-08-15T22:24:42Z,2026-08-15T22:24:42Z
da4de80e-fbe4-4a16-b915-7fb1f106ad9e,525239d1-5eff-439a-8eff-ca665519c01c,mk964,694795406,active,rafeeq_product_id,rafeeq,,,2026-08-15T22:24:42Z,2026-08-15T22:24:42Z
0abc6033-5017-460a-a88d-552ad2bd325a,3405e8fa-7762-461b-86a7-ee2cbfd161c1,mk965,mk965,active,rafeeq_product_id,rafeeq,,,2026-08-15T22:24:42Z,2026-08-15T22:24:42Z
4bbbd92a-c5e2-4b9d-9264-61b0a7062edf,e0eb0768-2e6d-4651-a0d2-3e065c3b8b6b,mk966,mk966,active,rafeeq_product_id,rafeeq,,,2026-08-15T22:24:42Z,2026-08-15T22:24:42Z
4adf5b15-d3ec-4a66-9b6b-6e3d14bc4bf8,442acd7e-e8e6-40a4-8df3-26ecb464611b,mk967,mk967,active,rafeeq_product_id,rafeeq,,,2026-08-15T22:24:42Z,2026-08-15T22:24:42Z
8d6e989f-7811-4c96-bfdd-970cc2ab6d48,c6a77d63-5ed8-49c2-af56-ae12276a40a2,mk968,mk968,active,rafeeq_product_id,rafeeq,,,2026-08-15T22:24:42Z,2026-08-15T22:24:42Z
f0369ddc-59b1-4ab5-8cde-bd2f3bf2ef91,53907463-f9cd-46bb-b97b-eef6276a6d44,mk969,mk969,active,rafeeq_product_id,rafeeq,,,2026-08-15T22:24:42Z,2026-08-15T22:24:42Z
e8fe27ae-a38d-4ebf-999f-253f2f75de9a,69a9ca57-98c0-4349-a79e-86207f5ccd18,mk970,694795445,active,rafeeq_product_id,rafeeq,,,2026-08-15T22:24:42Z,2026-08-15T22:24:42Z
83f6d204-720a-423a-a37e-e16b611fb4bf,520c3250-4446-48fe-b4d2-03e4e7473776,mk971,694795449,active,rafeeq_product_id,rafeeq,,,2026-08-15T22:24:42Z,2026-08-15T22:24:42Z
bbdb2ab2-fe1c-48ba-b4ee-f3188a3775f4,01ea578f-e183-4b6b-9155-eac4b32dbce2,mk972,694795448,active,rafeeq_product_id,rafeeq,,,2026-08-15T22:24:42Z,2026-08-15T22:24:42Z
9919c2a9-c952-42a3-b13a-636e4989c4db,d55b6a33-3eb0-44f8-ae0f-f83f48e8189d,mk973,694795447,active,rafeeq_product_id,rafeeq,,,2026-08-15T22:24:42Z,2026-08-15T22:24:42Z
d6c2c4c5-b599-4c59-bcea-33cb99aee749,4ab2e01b-f240-42f5-9295-caa23337ea1e,mk974,694795446,active,rafeeq_product_id,rafeeq,,,2026-08-15T22:24:42Z,2026-08-15T22:24:42Z
58c60202-511b-44ff-88a4-3cf5f6a111bc,e7d2f950-077e-48f9-a83b-e9075eb6619f,mk975,694795444,active,rafeeq_product_id,rafeeq,,,2026-08-15T22:24:42Z,2026-08-15T22:24:42Z
e705c576-859a-46c4-b5c2-6f23796dec22,3950c54e-4f7f-4068-a2f8-5eebf1c56484,mk976,694795442,active,rafeeq_product_id,rafeeq,,,2026-08-15T22:24:42Z,2026-08-15T22:24:42Z
6a06b972-9a50-41f4-bab9-3b3f9c78eed0,1e57eb27-3a01-4a38-9477-70630e7384b2,mk977,694795443,active,rafeeq_product_id,rafeeq,,,2026-08-15T22:24:42Z,2026-08-15T22:24:42Z
68d715c4-f3cb-40bf-bc72-f38e7b246412,b5cb06ad-d70c-4c77-b415-c837c7e95f0d,mk978,694795441,active,rafeeq_product_id,rafeeq,,,2026-08-15T22:24:42Z,2026-08-15T22:24:42Z
aa9ae85c-762b-4e2f-832b-2309c407f82a,2620629b-e43f-47a0-a87e-7ee8f8058fb5,mk979,694795440,active,rafeeq_product_id,rafeeq,,,2026-08-15T22:24:42Z,2026-08-15T22:24:42Z
037b8673-4178-44eb-b060-e994889a4e2d,449d1d5e-07ce-487f-8f78-b81efe22fdcb,mk980,694795439,active,rafeeq_product_id,rafeeq,,,2026-08-15T22:24:42Z,2026-08-15T22:24:42Z
e54df484-5811-4083-bf9f-cffbcf3ab655,f580d732-f0b4-4521-a5bf-5c320e11b9d1,mk981,694795438,active,rafeeq_product_id,rafeeq,,,2026-08-15T22:24:42Z,2026-08-15T22:24:42Z
3e5a7ca4-e29f-474f-b3df-d5020aa4933c,af615497-2650-476a-a628-cc649ce26e57,mk985,694795408,active,rafeeq_product_id,rafeeq,,,2026-08-15T22:24:42Z,2026-08-15T22:24:42Z
def93982-583e-4738-8610-c507420a3de5,dd62a68b-9f33-46cb-bcef-d446e62e37af,mk986,694795407,active,rafeeq_product_id,rafeeq,,,2026-08-15T22:24:42Z,2026-08-15T22:24:42Z
db1385d2-876f-44c6-ab36-e1aada4d3945,de95d2e0-7530-438d-a4c9-81995cfe9e00,mk987,694795405,active,rafeeq_product_id,rafeeq,,,2026-08-15T22:24:42Z,2026-08-15T22:24:42Z
2fa39aea-694f-45b1-803b-96d260920f8e,9f51d560-942e-4970-87de-6a912d39652c,mk988,694795404,active,rafeeq_product_id,rafeeq,,,2026-08-15T22:24:42Z,2026-08-15T22:24:42Z
a3633f55-54d4-4aa4-9c74-9691e906bb27,5e77b301-130f-4e89-904b-fb37b69d3aa8,mk989,694795403,active,rafeeq_product_id,rafeeq,,,2026-08-15T22:24:42Z,2026-08-15T22:24:42Z
f684a747-5e1c-4ebc-be47-f8ad1ae9e1eb,269ca9bd-0902-4377-8f89-0982fbd7b849,mk990,694795402,active,rafeeq_product_id,rafeeq,,,2026-08-15T22:24:42Z,2026-08-15T22:24:42Z
5fa417f1-cfab-43d4-bb74-dfb4a82b5339,89da8ac1-6d02-429f-92a0-5000e68e3e91,mk992,694795397,active,rafeeq_product_id,rafeeq,,,2026-08-15T22:24:42Z,2026-08-15T22:24:42Z
14ea23c2-8d3b-414d-99a6-b600f6192097,c0673943-734a-4c80-b32c-317af09a57ef,mk993,694795395,active,rafeeq_product_id,rafeeq,,,2026-08-15T22:24:42Z,2026-08-15T22:24:42Z
320201c5-046d-4980-abae-8bca1bf8c2b3,e4f8e478-8e4b-492f-b8db-78e76d563447,mk994,mk994,active,rafeeq_product_id,rafeeq,,,2026-08-15T22:24:42Z,2026-08-15T22:24:42Z
d8655c79-da0a-4f33-96d0-2eaad0c826da,8ab22708-56d2-49be-a9bf-ab8a06ae1d05,mk995,mk995,active,rafeeq_product_id,rafeeq,,,2026-08-15T22:24:42Z,2026-08-15T22:24:42Z
ef945640-7deb-415d-b4b2-96565b7ebb28,1714ee3b-ff58-459b-8ab6-f8a1442e8354,mk996,694795393,active,rafeeq_product_id,rafeeq,,,2026-08-15T22:24:42Z,2026-08-15T22:24:42Z
d3d3d851-2b27-47b6-b30f-85b5935428b4,83f3b588-c521-4fcd-870a-775dc3ad5e2b,mk997,mk997,active,rafeeq_product_id,rafeeq,,,2026-08-15T22:24:42Z,2026-08-15T22:24:42Z
d1ef5ab2-c3f8-4be2-9db2-95ab88dfff52,fb922866-9fb0-4c0b-a966-5ddf503b9509,mk998,694795320,active,rafeeq_product_id,rafeeq,,,2026-08-15T22:24:42Z,2026-08-15T22:24:42Z
a8309084-9331-4358-8a9f-71b47d82de74,3cead26b-25b0-4a20-8035-81931add03ea,mk999,694795319,active,rafeeq_product_id,rafeeq,,,2026-08-15T22:24:42Z,2026-08-15T22:24:42Z
